query_id,query_type,query,hybrid_rank,rrf_score,law_name,article_number,article_text,is_gold
Q001,formal_direct,ما الدعاوى والطلبات التي لا تسري عليها أحكام التكاليف القضائية؟,1,0.032266,نظام التكاليف القضائية,المادة الثانية,"المادة الثانية
تسري أحكام النظام على جميع الدعاوى والطلبات التي تقدم إلى المحاكم» فيما عدا مايأتي:
١.الدعاوى الجزائية العامة»والدعاوى التأديبية»والطلبات المتعلقبها.
؟.الدعاوى والطلبات التي تختص بها محاكم الأحوال الشخصية» عدا طلب النقض وطلب التماس إعادةالنظر.
.الدعاوى والطلبات التي يختص بها ديوانالمظالم.
.الدعاوى والطلبات المتعلقة بدعاوى قسمة التركات؛ عدا طلب النقض وطلب التماس إعادةالنظر.
"".الإنهاءات وما يتعلق بها منطلبات.",True
Q001,formal_direct,ما الدعاوى والطلبات التي لا تسري عليها أحكام التكاليف القضائية؟,2,0.031545,نظام التكاليف القضائية,المادة السابعةعشرة,"المادة السابعةعشرة
مع مراعاة ما تقضي به الأنظمة والمعاهدات والاتفاقيات الدولية التي تكون المملكة طرفاًء لا تفرض التكاليف القضائية على الفئاتالآتية:
١.المسجونون والموقوفون وقت استحقاق التكاليف القضائية في قضايا مالية غير جنائية» في الدعاوى التي تقام سواءً كانت منهم أوعليهم.
"".العمال المشمولون بنظام العمل والمستثنون منه والمستحقون عنهم؛ للمطالبة بمستحقاتهم الناشئة عن عقودعمل.
“.الوزارات والأجهزةالحكومية.
وتحدد اللائحة الإجراءات والقواعد الخاصةبذلك.",False
Q001,formal_direct,ما الدعاوى والطلبات التي لا تسري عليها أحكام التكاليف القضائية؟,3,0.029139,نظام التكاليف القضائية,المادة الثامنة,"المادة الثامنة
١.تُقرض على الطلبات الآتية تكاليف قضائية بمبلغ لا يزيد على ألف ريال وفقاً للمعايير والضوابط وقواعد التقدير التي تحددهااللائحة:
أ- طلب ذي المصلحة تسليمه نسخة مصدقة من أوراق الدعوى أو سجلاتها -الورقية أو الإلكترونية- أو الوثائق أو الأوراق التي تحت يدالمحكمة.
ب- طلب ذي المصلحة الاطلاع على أوراق الدعوى أو سجلاتها (الورقية أوالإلكترونية).
ج- طلب نسخة بديلة للوثائقالقضائية.
؟. لا تسري أحكام الفقرة )١( من هذه المادة على الطلبات التي تقدم أثناء نظر الدعوى من أطرافها أو المدخلينفيها.",False
Q001,formal_direct,ما الدعاوى والطلبات التي لا تسري عليها أحكام التكاليف القضائية؟,4,0.016129,نظام التكاليف القضائية,المادة العاشرة,"المادة العاشرة
لاتفرض تكاليف جديدة على الدعوى في أي من الحالتينالآتيتين:
١.إذا حكم بعدم الاختصاص وأقيمت الدعوى أمام المحكمةالمختصة.
؟.إذا قضت المحكمة المختصة بنقض الحكم وإعادة الدعوى إلى المحكمة التي أصدرت الحكم المعترض عليه أو إلى محكمةأخرى.",False
Q001,formal_direct,ما الدعاوى والطلبات التي لا تسري عليها أحكام التكاليف القضائية؟,5,0.016129,نظام المحاكم التجارية,المادة السادسة عشر-مهددلة,"المادة السادسة عشر-مهددلة
تختص المحكمة بالنظر فيالآتي:
١.المنازعات التي تنشأ بين التجار بسبب أعمالهم التجارية الأصلية أوالتبعية.
؟.الدعاوى المقامة على التاجر في منازعات العقود التجارية» متى كانت قيمة المطالبة الأصلية في الدعوى تزيد على مائة ألف ربال» وللمجلس عند الاقتضاء زيادة هذهالقيمة.
"".المنازعات التي تنشأ عن عقود المشاركة المنصوص عليها في نظام المعاملاتالمدنية.
5.الدعاوى والمخالفات الناشئة عن تطبيق أحكام نظامالشركات.
5.الدعاوى والمخالفات الناشئة عن تطبيق أحكام نظامالإفلاس.
؟.الدعاوى والمخالفات الناشئة عن تطبيق أنظمة الملكيةالفكرية.
”.الدعاوى والمخالفات الناشئة عن تطبيق الأنظمة التجاريةالأخرى.
6.الدعاوى والطلبات المتعلقة بالحارس القضائي والأمين والمصفي والخبير المعينين ونحوهم؛ متى كان النزاع متعلقاً بدعوى تختص بنظرهاالمحكمة.
4.دعاوى التعويض عن الأضرار الناشئة عن دعوى سبق نظرها منالمحكمة.",False
Q001,formal_direct,ما الدعاوى والطلبات التي لا تسري عليها أحكام التكاليف القضائية؟,6,0.015873,اللائحة التنفيذية لنظام التكاليف القضائية,المادة الثالثة,"المادة الثالثة
تقدّر التكاليف القضاتية في الدعاوى غير محددة القيمة على النحوالآتي:
-١ الدعاوى الجزائية الخاصة؛ عشرة آلافريال.
؟- الدعاوى التي تُنظر لدى المحاكم التجارية والدوائر التجارية؛ خمسة آلافرياإل.
-'٠"" الدعاوى المستعجلة أيّا كانت المحكمة أو الدائرة التي تنظرها؛ ثلاثة آلافربال.
5- الدعاوى التي تُنظر لدى المحاكم العامة؛ ثلاثة آلافريال.
5- منازعات التنفيذ؛ ثلاثة آلافربال.
""- الدعاوى التي تُنظر لدى المحاكم العمالية والدوائر العمالية؛ ألفاربال.",False
Q001,formal_direct,ما الدعاوى والطلبات التي لا تسري عليها أحكام التكاليف القضائية؟,7,0.015625,نظام الأحوال الشخصية,المادة الثامنة والأربعون بعدالمائتين,"المادة الثامنة والأربعون بعدالمائتين
تسري أحكام هذا النظام على جميع الدعاوى التي لم يصدر في شأنها أحكام نهائية قبلنفاذه.",False
Q001,formal_direct,ما الدعاوى والطلبات التي لا تسري عليها أحكام التكاليف القضائية؟,8,0.015385,نظام التكاليف القضائية,المادة السادسةعشرة,"المادة السادسةعشرة
ترد التكاليف القضائية المدفوعة متى تبين عدم وجوبها على دافعها أو استفادته من حالة من حالات الإعفاء ومن ذلكمايأتي:
١.إذا حكم لمصلحة دافع التكاليفالقضائية.
؟.طلب رد القاضي أو القضاة إذا قبل طلبالرد.
”.طلب تصحيح الحكم أو تفسيره إذا قضي بإجابةالطلب.
4.طلب الاستئناف إذا حكم بنقض الحكم المستأنف كلياً» وإذا نقض الحكم جزئياً فيعفى بقدر ذلك الجزءء وطلب النقض إذا قضي فيه بإعادة القضية إلى المحكمة مصدرةالحكم
المعترضعليه.
5.إذا ترك المدعي عليه دعواه قبل عقد الجلسة الأولى؛ وفقاً للإجراءاتالنظامية.
"".الدعاوى التي تنتهي بالصلح قبل رفع الجلسةالأولى.
.الدعاوى المتعلقة بالحقوق الخاصة التي ترفع بالتبعية للقضايا الجزائية إذا انتهت بالصلح على أي حال كانت فيهاالدعوى.
وتحدد اللائحة الإجراءات والقواعد الخاصةبذلك.",False
Q001,formal_direct,ما الدعاوى والطلبات التي لا تسري عليها أحكام التكاليف القضائية؟,9,0.015385,اللائحة التنفيذية لنظام المحاكم التجارية,المادة الحادية والخمسون,"المادة الحادية والخمسون : الدعاوى والطلبات التي ترفع منمحام
يجب أن يكون رفع جميع الدعاوى التي تختص بنظرها المحكمة وجميع طلبات الاستئناف من محام» ويستثنى من ذلكالآتي:
أ- الدعاوى المنصوص عليها في الفقرات (؟) و(38) و(1) من المادة السادسة عشرة منالنظام.
ب - الدعاوى اليسيرة المنصوص عليها في الفقرة )١( من المادة الثامنة والسبعين منالنظام.
ج - طلبات الاستئناف على الأحكام والقرارات والأوامر الص
لفقرات (؟) و(38) و(1) من المادة السادسة عشرة منالنظام.
ب - الدعاوى اليسيرة المنصوص عليها في الفقرة )١( من المادة الثامنة والسبعين منالنظام.
ج - طلبات الاستئناف على الأحكام والقرارات والأوامر الصادرة في الدعاوى المنصوص عليها في الفقرتين (أ) و(ب) من هذهالمادة .",False
Q001,formal_direct,ما الدعاوى والطلبات التي لا تسري عليها أحكام التكاليف القضائية؟,10,0.014925,نظام المحاكم التجارية,المادة السابعة,"المادة السابعة
يجوز أن يكون أي من الإجراءات المنصوص عليها في النظام إلكترونيّاء بما في ذلك تقديم الدعاوى والطلبات وقيدهاء ونظرهاء والترافع عن بُعدء وتبادل المذكرات»؛والحكم»
والاعتراض. وتحدد اللائحة إجراءات إنفاذ أحكام هذه المادة بما في ذلك الأحكام المتعلقة بوقت اتخاذالإجراء.",False
Q002,formal_paraphrase,ما الحالات المستثناة من تطبيق نظام التكاليف القضائية؟,1,0.030478,نظام التكاليف القضائية,المادة السابعةعشرة,"المادة السابعةعشرة
مع مراعاة ما تقضي به الأنظمة والمعاهدات والاتفاقيات الدولية التي تكون المملكة طرفاًء لا تفرض التكاليف القضائية على الفئاتالآتية:
١.المسجونون والموقوفون وقت استحقاق التكاليف القضائية في قضايا مالية غير جنائية» في الدعاوى التي تقام سواءً كانت منهم أوعليهم.
"".العمال المشمولون بنظام العمل والمستثنون منه والمستحقون عنهم؛ للمطالبة بمستحقاتهم الناشئة عن عقودعمل.
“.الوزارات والأجهزةالحكومية.
وتحدد اللائحة الإجراءات والقواعد الخاصةبذلك.",False
Q002,formal_paraphrase,ما الحالات المستثناة من تطبيق نظام التكاليف القضائية؟,2,0.016393,اللائحة التنفيذية لنظام التكاليف القضائية,المادة الخامسة,"المادة الخامسة
تقدّر التكاليف القضائية لطلب التنفيذ المباشر بمبلغ قدره خمسمائة ريال» وفيما يتعلق بباقي طلبات التنفيذ فتقدر التكاليف القضائية بنسبة اثنين في المائة (؟90) من قيمة المطالبةعلى
ألا تقل هذه التكاليف عن خمسمائة ريال ولا تزيد على عشرة آلافريال.
ويتحمل المنفذ ضده التكاليف القضائية لطلب التنفيذ ما لم يتبت أن طالب التنفيذ غير مستحق لمطالبته» فيتحمل طالب التنفيذ كامل التكاليف القضائية» وإذا كان طالب التنفيذغير
مستحق لجزء من مطالبته» فيتحمل من التكاليف القضائية بقدر هذاالجزء.",False
Q002,formal_paraphrase,ما الحالات المستثناة من تطبيق نظام التكاليف القضائية؟,3,0.016129,نظام التكاليف القضائية,المادة الثامنة,"المادة الثامنة
١.تُقرض على الطلبات الآتية تكاليف قضائية بمبلغ لا يزيد على ألف ريال وفقاً للمعايير والضوابط وقواعد التقدير التي تحددهااللائحة:
أ- طلب ذي المصلحة تسليمه نسخة مصدقة من أوراق الدعوى أو سجلاتها -الورقية أو الإلكترونية- أو الوثائق أو الأوراق التي تحت يدالمحكمة.
ب- طلب ذي المصلحة الاطلاع على أوراق الدعوى أو سجلاتها (الورقية أوالإلكترونية).
ج- طلب نسخة بديلة للوثائقالقضائية.
؟. لا تسري أحكام الفقرة )١( من هذه المادة على الطلبات التي تقدم أثناء نظر الدعوى من أطرافها أو المدخلينفيها.",False
Q002,formal_paraphrase,ما الحالات المستثناة من تطبيق نظام التكاليف القضائية؟,4,0.016129,اللائحة التنفيذية لنظام التوثيق,المادة الثامنة,"المادة الثامنة
لا يخل تطبيق أحكام المادة الثانية عشرة من النظام باختصاص كاتب العدل أو الموثق بمايأتي:
-١ توثيق أي إقرار أو عقد يكون أحد طرفيه قاصراًء أو غائباً» أو ناظر وقف أو وصية في الحالات التي لم ينص فيها نظاماً على اشتراط إذن المحكمةالمختصة.
؟- توثيق التصرف المبني على إذن المحكمة المختصة في الحالات المنصوص عليها في المادة (الثانية عشرة ) من النظام» والأنظمة ذاتالصلة.
به٠
الباب الثاني المرخصله
الفصل الأولالموئق",False
Q002,formal_paraphrase,ما الحالات المستثناة من تطبيق نظام التكاليف القضائية؟,5,0.015873,نظام التكاليف القضائية,المادة العاشرة,"المادة العاشرة
لاتفرض تكاليف جديدة على الدعوى في أي من الحالتينالآتيتين:
١.إذا حكم بعدم الاختصاص وأقيمت الدعوى أمام المحكمةالمختصة.
؟.إذا قضت المحكمة المختصة بنقض الحكم وإعادة الدعوى إلى المحكمة التي أصدرت الحكم المعترض عليه أو إلى محكمةأخرى.",False
Q002,formal_paraphrase,ما الحالات المستثناة من تطبيق نظام التكاليف القضائية؟,6,0.015873,اللائحة التنفيذية لنظام التحكيم,المادة الثانية,"المادة الثانية
لأغراض تطبيق النظام واللائحة» يقصد بالمحكمة المختصة المشار إليها في النظام واللائحة محكمة الاستئناف المختصة أصلاً بنظر النزاع؛ عدا الحالات الواردة في الفقرة )١(من
المادة (التاسعة)» وفي المادة (الثانية عشرة )» وكذلك في عجز الفقرة ("") من المادة (الأربعين)؛ من النظام.١",False
Q002,formal_paraphrase,ما الحالات المستثناة من تطبيق نظام التكاليف القضائية؟,7,0.015625,نظام التكاليف القضائية,المادة السادسةعشرة,"المادة السادسةعشرة
ترد التكاليف القضائية المدفوعة متى تبين عدم وجوبها على دافعها أو استفادته من حالة من حالات الإعفاء ومن ذلكمايأتي:
١.إذا حكم لمصلحة دافع التكاليفالقضائية.
؟.طلب رد القاضي أو القضاة إذا قبل طلبالرد.
”.طلب تصحيح الحكم أو تفسيره إذا قضي بإجابةالطلب.
4.طلب الاستئناف إذا حكم بنقض الحكم المستأنف كلياً» وإذا نقض الحكم جزئياً فيعفى بقدر ذلك الجزءء وطلب النقض إذا قضي فيه بإعادة القضية إلى المحكمة مصدرةالحكم
المعترضعليه.
5.إذا ترك المدعي عليه دعواه قبل عقد الجلسة الأولى؛ وفقاً للإجراءاتالنظامية.
"".الدعاوى التي تنتهي بالصلح قبل رفع الجلسةالأولى.
.الدعاوى المتعلقة بالحقوق الخاصة التي ترفع بالتبعية للقضايا الجزائية إذا انتهت بالصلح على أي حال كانت فيهاالدعوى.
وتحدد اللائحة الإجراءات والقواعد الخاصةبذلك.",False
Q002,formal_paraphrase,ما الحالات المستثناة من تطبيق نظام التكاليف القضائية؟,8,0.015625,نظام التكاليف القضائية,المادة الثامنةعشرة,"المادة الثامنةعشرة
مع مراعاة ما تقضي به المادة (السابعة عشرة )» إذا صدر حكم في الدعوى لمصلحة المُعفى من التكاليف القضائية فيلزم المحكوم عليه بدفع التكاليفالقضائية.",False
Q002,formal_paraphrase,ما الحالات المستثناة من تطبيق نظام التكاليف القضائية؟,9,0.015385,نظام التكاليف القضائية,المادة الثانية,"المادة الثانية
تسري أحكام النظام على جميع الدعاوى والطلبات التي تقدم إلى المحاكم» فيما عدا مايأتي:
١.الدعاوى الجزائية العامة»والدعاوى التأديبية»والطلبات المتعلقبها.
؟.الدعاوى والطلبات التي تختص بها محاكم الأحوال الشخصية» عدا طلب النقض وطلب التماس إعادةالنظر.
.الدعاوى والطلبات التي يختص بها ديوانالمظالم.
.الدعاوى والطلبات المتعلقة بدعاوى قسمة التركات؛ عدا طلب النقض وطلب التماس إعادةالنظر.
"".الإنهاءات وما يتعلق بها منطلبات.",True
Q002,formal_paraphrase,ما الحالات المستثناة من تطبيق نظام التكاليف القضائية؟,10,0.015385,نظام التكاليف القضائية,المادة الثالثة,"المادة الثالثة
تفرض تكاليف قضائية على الدعوى بمبلغ لا يزيد على ما نسبته (590) من قيمة المطالبة» وبحد أعلى مبلغ مليون ريال. وتحدد اللائحة معايير تقدير التكاليف القضائيةوالضوابط
والقواعد المنظمةلذلك.",False
Q003,informal,وش القضايا اللي ما عليها تكاليف قضائية؟,1,0.016393,نظام التكاليف القضائية,المادة السابعةعشرة,"المادة السابعةعشرة
مع مراعاة ما تقضي به الأنظمة والمعاهدات والاتفاقيات الدولية التي تكون المملكة طرفاًء لا تفرض التكاليف القضائية على الفئاتالآتية:
١.المسجونون والموقوفون وقت استحقاق التكاليف القضائية في قضايا مالية غير جنائية» في الدعاوى التي تقام سواءً كانت منهم أوعليهم.
"".العمال المشمولون بنظام العمل والمستثنون منه والمستحقون عنهم؛ للمطالبة بمستحقاتهم الناشئة عن عقودعمل.
“.الوزارات والأجهزةالحكومية.
وتحدد اللائحة الإجراءات والقواعد الخاصةبذلك.",False
Q003,informal,وش القضايا اللي ما عليها تكاليف قضائية؟,2,0.016393,اللائحة التنفيذية لإجراءات الاستئناف,المادة الحاديةوالثلاثون,"المادة الحاديةوالثلاثون
للمحكمة في القضايا الإنهاتية -التي لا خصومة فيها- استيفاء ما تراه من نقص فيالإجراءات.",False
Q003,informal,وش القضايا اللي ما عليها تكاليف قضائية؟,3,0.016129,نظام التكاليف القضائية,المادة العاشرة,"المادة العاشرة
لاتفرض تكاليف جديدة على الدعوى في أي من الحالتينالآتيتين:
١.إذا حكم بعدم الاختصاص وأقيمت الدعوى أمام المحكمةالمختصة.
؟.إذا قضت المحكمة المختصة بنقض الحكم وإعادة الدعوى إلى المحكمة التي أصدرت الحكم المعترض عليه أو إلى محكمةأخرى.",False
Q003,informal,وش القضايا اللي ما عليها تكاليف قضائية؟,4,0.016129,اللائحة التنفيذية لطرق الاعتراض على الأحكام,المادة الثالثةوالثلاثون,"المادة الثالثةوالثلاثون
يجوز للمحكمة في القضايا الإنهائية -التي لا خصومة فيها- استيفاء ما تراه من نقص فيالإجراءات.",False
Q003,informal,وش القضايا اللي ما عليها تكاليف قضائية؟,5,0.015873,اللائحة التنفيذية لنظام التكاليف القضائية,المادة الثالثة,"المادة الثالثة
تقدّر التكاليف القضاتية في الدعاوى غير محددة القيمة على النحوالآتي:
-١ الدعاوى الجزائية الخاصة؛ عشرة آلافريال.
؟- الدعاوى التي تُنظر لدى المحاكم التجارية والدوائر التجارية؛ خمسة آلافرياإل.
-'٠"" الدعاوى المستعجلة أيّا كانت المحكمة أو الدائرة التي تنظرها؛ ثلاثة آلافربال.
5- الدعاوى التي تُنظر لدى المحاكم العامة؛ ثلاثة آلافريال.
5- منازعات التنفيذ؛ ثلاثة آلافربال.
""- الدعاوى التي تُنظر لدى المحاكم العمالية والدوائر العمالية؛ ألفاربال.",False
Q003,informal,وش القضايا اللي ما عليها تكاليف قضائية؟,6,0.015873,نظام التكاليف القضائية,المادة السابعة,"المادة السابعة
ثفرض على الطلبات الآتية تكاليف قضائية بمبلغ لا يزيد على عشرة آلاف ربالء وفقاً للمعايير والضوابط وقواعد التقدير التي تحددهااللائحة:
"".الطلباتالعارضة.
:.طلباتالرد.
5.طلب أحد الخصوم السير في الدعوى الموقوفة اتفاقاً قبل انتهاء المدة المتفق عليها لوقفالخصومة.
""إطلب تصحيح الحكم أوتفسيرة.
.الطلبات الأخرى التي تحددهااللائحة.",False
Q003,informal,وش القضايا اللي ما عليها تكاليف قضائية؟,7,0.015625,نظام التكاليف القضائية,المادة السادسةعشرة,"المادة السادسةعشرة
ترد التكاليف القضائية المدفوعة متى تبين عدم وجوبها على دافعها أو استفادته من حالة من حالات الإعفاء ومن ذلكمايأتي:
١.إذا حكم لمصلحة دافع التكاليفالقضائية.
؟.طلب رد القاضي أو القضاة إذا قبل طلبالرد.
”.طلب تصحيح الحكم أو تفسيره إذا قضي بإجابةالطلب.
4.طلب الاستئناف إذا حكم بنقض الحكم المستأنف كلياً» وإذا نقض الحكم جزئياً فيعفى بقدر ذلك الجزءء وطلب النقض إذا قضي فيه بإعادة القضية إلى المحكمة مصدرةالحكم
المعترضعليه.
5.إذا ترك المدعي عليه دعواه قبل عقد الجلسة الأولى؛ وفقاً للإجراءاتالنظامية.
"".الدعاوى التي تنتهي بالصلح قبل رفع الجلسةالأولى.
.الدعاوى المتعلقة بالحقوق الخاصة التي ترفع بالتبعية للقضايا الجزائية إذا انتهت بالصلح على أي حال كانت فيهاالدعوى.
وتحدد اللائحة الإجراءات والقواعد الخاصةبذلك.",False
Q003,informal,وش القضايا اللي ما عليها تكاليف قضائية؟,8,0.015625,نظام التكاليف القضائية,المادة الثالثة,"المادة الثالثة
تفرض تكاليف قضائية على الدعوى بمبلغ لا يزيد على ما نسبته (590) من قيمة المطالبة» وبحد أعلى مبلغ مليون ريال. وتحدد اللائحة معايير تقدير التكاليف القضائيةوالضوابط
والقواعد المنظمةلذلك.",False
Q003,informal,وش القضايا اللي ما عليها تكاليف قضائية؟,9,0.015385,نظام التكاليف القضائية,المادة الثامنة,"المادة الثامنة
١.تُقرض على الطلبات الآتية تكاليف قضائية بمبلغ لا يزيد على ألف ريال وفقاً للمعايير والضوابط وقواعد التقدير التي تحددهااللائحة:
أ- طلب ذي المصلحة تسليمه نسخة مصدقة من أوراق الدعوى أو سجلاتها -الورقية أو الإلكترونية- أو الوثائق أو الأوراق التي تحت يدالمحكمة.
ب- طلب ذي المصلحة الاطلاع على أوراق الدعوى أو سجلاتها (الورقية أوالإلكترونية).
ج- طلب نسخة بديلة للوثائقالقضائية.
؟. لا تسري أحكام الفقرة )١( من هذه المادة على الطلبات التي تقدم أثناء نظر الدعوى من أطرافها أو المدخلينفيها.",False
Q003,informal,وش القضايا اللي ما عليها تكاليف قضائية؟,10,0.015385,نظام التكاليف القضائية,المادة الرابعة,"المادة الرابعة
إذا قررت المحكمة شطب الدعوىء أو حكمت باعتبارها كأن لم تكن» أو بعدم قبولها لعدم تحريرها؛ فتفرض تكاليف قضائية إضافية في حال نظرها مجدداً بما يعادل نسبة(/59؟)
من تكاليف نظر الدعوى في المرة الأولى» ويتحمل المدعي التكاليف الإضافية لنظرها ولو حكم لصالحه في موضوعالدعوى.",False
Q004,formal_direct,ما الحد الأعلى للتكاليف القضائية المفروضة على الدعوى؟,1,0.031778,اللائحة التنفيذية لنظام التكاليف القضائية,المادة السابعة,"المادة السابعة
تكون التكاليف القضائية لكل طلب من الطلبات الواردة في المادة (الثامنة) من النظام على النحوالآتي:
-١ طلب ذي المصلحة الاطلاع على أوراق الدعوى أو سجلاتها - الورقية أو الإلكترونيق؛ خمسونريالاً.
- طلب نسخة بديلة للوثائق القضائية؛ مائةربإل.
3 ا الات ىل اهء 3 1 جا و اك04
الفصل الثالث: التقدير النهائي للتكاليف القضائيه»وتحصيلها",False
Q004,formal_direct,ما الحد الأعلى للتكاليف القضائية المفروضة على الدعوى؟,2,0.016393,نظام التكاليف القضائية,المادة الثالثة,"المادة الثالثة
تفرض تكاليف قضائية على الدعوى بمبلغ لا يزيد على ما نسبته (590) من قيمة المطالبة» وبحد أعلى مبلغ مليون ريال. وتحدد اللائحة معايير تقدير التكاليف القضائيةوالضوابط
والقواعد المنظمةلذلك.",True
Q004,formal_direct,ما الحد الأعلى للتكاليف القضائية المفروضة على الدعوى؟,3,0.016129,نظام التكاليف القضائية,المادة الثامنة,"المادة الثامنة
١.تُقرض على الطلبات الآتية تكاليف قضائية بمبلغ لا يزيد على ألف ريال وفقاً للمعايير والضوابط وقواعد التقدير التي تحددهااللائحة:
أ- طلب ذي المصلحة تسليمه نسخة مصدقة من أوراق الدعوى أو سجلاتها -الورقية أو الإلكترونية- أو الوثائق أو الأوراق التي تحت يدالمحكمة.
ب- طلب ذي المصلحة الاطلاع على أوراق الدعوى أو سجلاتها (الورقية أوالإلكترونية).
ج- طلب نسخة بديلة للوثائقالقضائية.
؟. لا تسري أحكام الفقرة )١( من هذه المادة على الطلبات التي تقدم أثناء نظر الدعوى من أطرافها أو المدخلينفيها.",False
Q004,formal_direct,ما الحد الأعلى للتكاليف القضائية المفروضة على الدعوى؟,4,0.016129,اللائحة التنفيذية لنظام التكاليف القضائية,المادة الرابعةعشرة,"المادة الرابعةعشرة
يصدر وزير العدل بالتنسيق مع رئيس المجلس الأعلى للقضاء ما يلزم في شأن إجراءات الاعتراض على قرار الإدارة المختصة بتحديد مبلغ التكاليفالقضائية.",False
Q004,formal_direct,ما الحد الأعلى للتكاليف القضائية المفروضة على الدعوى؟,5,0.015873,نظام التكاليف القضائية,المادة السابعة,"المادة السابعة
ثفرض على الطلبات الآتية تكاليف قضائية بمبلغ لا يزيد على عشرة آلاف ربالء وفقاً للمعايير والضوابط وقواعد التقدير التي تحددهااللائحة:
"".الطلباتالعارضة.
:.طلباتالرد.
5.طلب أحد الخصوم السير في الدعوى الموقوفة اتفاقاً قبل انتهاء المدة المتفق عليها لوقفالخصومة.
""إطلب تصحيح الحكم أوتفسيرة.
.الطلبات الأخرى التي تحددهااللائحة.",False
Q004,formal_direct,ما الحد الأعلى للتكاليف القضائية المفروضة على الدعوى؟,6,0.015873,قواعد العمل في مكاتب المصالحة وإجراءاته,المادة السادسة والعشرون,"المادة السادسة والعشرون : العملبالقواعد
تحل هذه القواعد محل قواعد العمل في مكاتب المصالحة وإجراءاته الصادرة بالقرار الوزاري رقم (577157) وتاريخ17١//ا/ه7: الى ويعمل بها بعد )١١١( يومأً منتاريخ
اعتمادها.
العامة
الحد ال الحد الأعلى لموعد | الحد الأعلىلمدة
م الاختصاص م ا على لمو الجلسة الثانية عندإجراءات
رمز القضية . القضية الجلسة الأولى من |,. 1 . الاماا
الأولىبدئها
دعوى مالية 1 71
""١ مطالبة مالية | بعشرين ألف ربإل “١ يوماً 5 يوماً ""٠يوماً
فمادون
إخلاء عقا , ::
منحاضر
الأحوالالشخصية
الحد الا الحد الأعلى لموعد | الحد الأعلىلمدة
0 الاختصاص 00 على لموعد الجلسة الثانية عند أإجراءات
رمز القضية . القضية الجلسة الأولى من [,. لاه الاماا
حين قيد الطلب 4َ
ا الآأولىبدئها
النفقات وما يلحو 7 15
دعاوي النكاح ا 2 22
7"" الفرقة دعوى فسخ نكاح ١""يوما ١5 يوما ههيوما
خف الحضانة والزيارة | رحوى حضانة 5"" يوماً ” أيا *يوماً
5 5 ب باي
وما يلحق بها 3 و 1و
الحضانة والزيارة أد زيارة أولاد ِ 17
١ والزيارة عوى زيارة او 14 يوماً أيام 6يوماً
وما يلحق بها أوغيرهم
دعوى لسكنزوجة
النفقات وما يلحق ذ ِ 57
0 3 يلحق واولاد وتحومم 5 يوماً ” أياميوماً
دعاوي النكاح دعوى طلب خلعأو
ع والفرقة إثباته ١ “يومآ ” أيام 5يوماً
دعاوي النكاح 5 2 42
1 والفرقة دعوى صداق ""١ يوماً ” أيام ©يوماً
النفقات وما يلحق : ':
الجزائي
6 الحد الأ الحد الأعلىلمدة
0 فى إيوعمن بيني | الحد الاعلى لموعد | الحد الاعلىلمدة
. 5 الاختصاص 2 8 ع الجلسة الثانية عندإجراءات
رمز القضية 1 القضية الجلسة الأولى من /,. 02
الفر 1 الغياب عن الجلسة | المصالحة منحي
عي حين قيد الطلب و عن علحين
ين انيد اام الأولىبدئها
ظًن, تعزير حق جامد | دعوى تعدي أو ١ يوماً 5 يوماً ٠يوماً
ضرر (حقخاص)
01 تعزير حق خاص / لكوي م ونم ٠ يوماآً 5 أيام ٠يوماآً
(حقخاص)",False
Q004,formal_direct,ما الحد الأعلى للتكاليف القضائية المفروضة على الدعوى؟,7,0.015625,اللائحة التنفيذية لنظام التكاليف القضائية,المادة الثالثة,"المادة الثالثة
تقدّر التكاليف القضاتية في الدعاوى غير محددة القيمة على النحوالآتي:
-١ الدعاوى الجزائية الخاصة؛ عشرة آلافريال.
؟- الدعاوى التي تُنظر لدى المحاكم التجارية والدوائر التجارية؛ خمسة آلافرياإل.
-'٠"" الدعاوى المستعجلة أيّا كانت المحكمة أو الدائرة التي تنظرها؛ ثلاثة آلافربال.
5- الدعاوى التي تُنظر لدى المحاكم العامة؛ ثلاثة آلافريال.
5- منازعات التنفيذ؛ ثلاثة آلافربال.
""- الدعاوى التي تُنظر لدى المحاكم العمالية والدوائر العمالية؛ ألفاربال.",False
Q004,formal_direct,ما الحد الأعلى للتكاليف القضائية المفروضة على الدعوى؟,8,0.015625,نظام حماية المبلغين والشهود والخبراء والضحايا,المادة التاسعةوالعشرون,"المادة التاسعةوالعشرون
يعاقب كل من شرع في القيام بأي من الجرائم المنصوص عليها في المواد (الرابعة والعشرين) و(الخامسة والعشرين) و(السادسة والعشرين) و(السابعة والعشرين) من النظام بمالا
يتجاوز نصف الحد الأعلى للعقوبة المقررة لتلكالجريمة.",False
Q004,formal_direct,ما الحد الأعلى للتكاليف القضائية المفروضة على الدعوى؟,9,0.015385,نظام المعاملات المدنية,المادة الثالثة والأربعون بعدالثلاثمائة,"المادة الثالثة والأربعون بعدالثلاثمائة
يصحٌ الاتفاق على إعفاء البائع من ضمان العيب أو الحد من هذا الضمان أو زيادته ما لم يكن البائع قد تعمدإخفاءه.
يصحٌ الاتفاق على إعفاء البائع من ضمان العيب أو الحد من هذا الضمان أو زيادته ما لم يكن البائع قد تعمدإخفاءه.",False
Q004,formal_direct,ما الحد الأعلى للتكاليف القضائية المفروضة على الدعوى؟,10,0.015152,نظام حماية المبلغين والشهود والخبراء والضحايا,المادة الثامنةوالعشرون,"المادة الثامنةوالعشرون
يعاقب من حرض غيره على ارتكاب أي من الجرائم المنصوص عليها في المواد (الرابعة والعشرين) و(الخامسة والعشرين) و(السادسة والعشرين) و(السابعة والعشرين) منالنظام»
أو اتفق معه؛ أو ساعده؛ إذا وقعت الجريمة بناء على هذا التحريض أو الاتفاق أو المساعدة» بما لا يتجاوز الحد الأعلى للعقوبة المقررة لهاء ويعاقب بما لا يتجاوز نصف الحدالأعلى
للعقوبة المقررة لها إذا لم تقعالجريمة.",False
Q005,formal_paraphrase,كيف يتم تحديد قيمة التكاليف القضائية بالنسبة إلى قيمة المطالبة؟,1,0.032266,اللائحة التنفيذية لنظام التكاليف القضائية,المادة الثانية,"المادة الثانية
-١ مع مراعاة ما تقضي به المادة (الثالثة) من النظامء تُقدّر التكاليف القضائية للدعوى المحددة القيمة؛ على أساس نسبة من قيمة المطالبة فيهاء وذلك على النحوالآتي:
3 نسبة (9/05) إذا كانت قيمة المطالبة أقل من مائة ألفربال.
ب- نسبة (905) إذا كانت قيمة المطالبة مائة ألف ربإل فأكثرء وتقل عن خمسمائة ألفربال.
ج- نسبة (907) إذا كانت قيمة المطالبة خمسمائة ألف ريال فأكثرء وتقل عن مليونربال.
د- نسبة (907) إذا كانت قيمة المطالبة مليون ربإلفأعلى.
؟- تُحدد قيمة المطالبة على النحوالآتي:
أ- فيما يتعلق بالدعاوى المالية» تحدد على أساس المبلغ الذي يطلب المدعي الحكمبه.
اب- في الدعاوى المتعلقة بإثنبات صحة عقد أو فسخه أو إبطاله أو الإلزام بتنفيذه» تُحدد على أساس قيمة الشسيء المتنازع عليه وفقاً لقيمته المحددة فيالعقد.
ج- في الدعاوى المتعلقة بمنازعات ملكية عقار؛ تُحدد على أساس قيمة العقار عند رفع الدعوىء وتُحدد قيمة العقار بناء على البيانات التاريخية - الموثقة لدى وزارة العدل -لقيمة
مبايعات هذا العقار والعقارات المجاورة له» ونحو ذلك من الوسائل الأخرى التي ثُمكن الوزارة من تحليلقيمته.",False
Q005,formal_paraphrase,كيف يتم تحديد قيمة التكاليف القضائية بالنسبة إلى قيمة المطالبة؟,2,0.031754,نظام التكاليف القضائية,المادة الثالثة,"المادة الثالثة
تفرض تكاليف قضائية على الدعوى بمبلغ لا يزيد على ما نسبته (590) من قيمة المطالبة» وبحد أعلى مبلغ مليون ريال. وتحدد اللائحة معايير تقدير التكاليف القضائيةوالضوابط
والقواعد المنظمةلذلك.",True
Q005,formal_paraphrase,كيف يتم تحديد قيمة التكاليف القضائية بالنسبة إلى قيمة المطالبة؟,3,0.031514,اللائحة التنفيذية لنظام التكاليف القضائية,المادة الخامسة,"المادة الخامسة
تقدّر التكاليف القضائية لطلب التنفيذ المباشر بمبلغ قدره خمسمائة ريال» وفيما يتعلق بباقي طلبات التنفيذ فتقدر التكاليف القضائية بنسبة اثنين في المائة (؟90) من قيمة المطالبةعلى
ألا تقل هذه التكاليف عن خمسمائة ريال ولا تزيد على عشرة آلافريال.
ويتحمل المنفذ ضده التكاليف القضائية لطلب التنفيذ ما لم يتبت أن طالب التنفيذ غير مستحق لمطالبته» فيتحمل طالب التنفيذ كامل التكاليف القضائية» وإذا كان طالب التنفيذغير
مستحق لجزء من مطالبته» فيتحمل من التكاليف القضائية بقدر هذاالجزء.",False
Q005,formal_paraphrase,كيف يتم تحديد قيمة التكاليف القضائية بالنسبة إلى قيمة المطالبة؟,4,0.016393,نظام التكاليف القضائية,المادة التاسعة,"المادة التاسعة
إذا ترتب على الطلب تغير في تقدير قيمة الدعوى سواء بالزيادة أو النقص» فتُحسب التكاليف القضائية للدعوى بناء على تقدير القيمة الجديدة لهاء وذلك مع عدم الإخلالبالتكاليف
القضائية المحددة للطلبذاته.",False
Q005,formal_paraphrase,كيف يتم تحديد قيمة التكاليف القضائية بالنسبة إلى قيمة المطالبة؟,5,0.015873,اللائحة التنفيذية لنظام التكاليف القضائية,المادة السابعة,"المادة السابعة
تكون التكاليف القضائية لكل طلب من الطلبات الواردة في المادة (الثامنة) من النظام على النحوالآتي:
-١ طلب ذي المصلحة الاطلاع على أوراق الدعوى أو سجلاتها - الورقية أو الإلكترونيق؛ خمسونريالاً.
- طلب نسخة بديلة للوثائق القضائية؛ مائةربإل.
3 ا الات ىل اهء 3 1 جا و اك04
الفصل الثالث: التقدير النهائي للتكاليف القضائيه»وتحصيلها",False
Q005,formal_paraphrase,كيف يتم تحديد قيمة التكاليف القضائية بالنسبة إلى قيمة المطالبة؟,6,0.015625,اللائحة التنفيذية لنظام التكاليف القضائية,المادة الثالثة,"المادة الثالثة
تقدّر التكاليف القضاتية في الدعاوى غير محددة القيمة على النحوالآتي:
-١ الدعاوى الجزائية الخاصة؛ عشرة آلافريال.
؟- الدعاوى التي تُنظر لدى المحاكم التجارية والدوائر التجارية؛ خمسة آلافرياإل.
-'٠"" الدعاوى المستعجلة أيّا كانت المحكمة أو الدائرة التي تنظرها؛ ثلاثة آلافربال.
5- الدعاوى التي تُنظر لدى المحاكم العامة؛ ثلاثة آلافريال.
5- منازعات التنفيذ؛ ثلاثة آلافربال.
""- الدعاوى التي تُنظر لدى المحاكم العمالية والدوائر العمالية؛ ألفاربال.",False
Q005,formal_paraphrase,كيف يتم تحديد قيمة التكاليف القضائية بالنسبة إلى قيمة المطالبة؟,7,0.015385,نظام التكاليف القضائية,المادة الثالثةعشرة,"المادة الثالثةعشرة
١.يتحمل المحكوم عليه قيمة التكاليف القضائية المقررة للدعوى والطلبات المتصلة بها أو قسطأ منهاء ما لم ينص النظام أو اللائحة على غير ذلك» وذلك دون إخلال بحق ذويالشأن
في المطالبة بالتعويض. وفي حال كان المدعي غير محق في جزء من طلباته» فيتحمل قسط ذلكالجزء.
؟.إذا انتهت الدعوى بالصلح فيتحمل أطراف الدعوى التكاليف القضائية بالتساويء ما لم يتفقوا على غيرذلك.",False
Q005,formal_paraphrase,كيف يتم تحديد قيمة التكاليف القضائية بالنسبة إلى قيمة المطالبة؟,8,0.015152,نظام التكاليف القضائية,المادة الخامسة,"المادة الخامسة
تُفرض على دعوى بطلان حكم التحكيم تكاليف قضائية بما نسبته )١190( من قيمة المبلغ المحكوم به على مدعي البطلان؛ إذا حكم برفض طلبه؛ وبحد أعلى مليونربال.",False
Q005,formal_paraphrase,كيف يتم تحديد قيمة التكاليف القضائية بالنسبة إلى قيمة المطالبة؟,9,0.014925,اللائحة التنفيذية لنظام المحاكم التجارية,المادة السادسة,"المادة السادسة: معيار تحديد قيمة المطالبةالأصلية
يكون المعتبر في تحديد قيمة المطالبة الأصلية المنصوص عليها في النظام واللائحة؛ قيمة المطالبات الواردة في صحيفة الدعوىء فيما عدا المطالبة بمصاريف التقاضي أوأتعاب
المحاماة. وإذا لم تكن المطالبة بمبلغ كطلب الفسخ أو إعادة المبيع ونحوها؛ فيكون المعتبر قيمة الالتزام الناشئة عنهالمطالبة.",False
Q005,formal_paraphrase,كيف يتم تحديد قيمة التكاليف القضائية بالنسبة إلى قيمة المطالبة؟,10,0.014706,نظام مكافحة غسل الأموال,المادة الخامسةوالثلاثون,"المادة الخامسةوالثلاثون
-١ إذا كانت مصادرة الأموال المرتبطة بجريمة غسل أموال غير ممكنة لكونها لم تعد متوافرة للمصادرة أو لا يمكن تحديد مكانها؛ فتحكم المحكمة المختصة بمصادرة أموالأخرى
يملكها مرتكب الجريمة تماثل قيمة تلكالأموال.
-١ إذا كانت قيمة متحصلات الجريمة المحكوم بمصادرتها -وفقاً للمادة (الثالثة والثلاثين) من النظام- أقل من قيمة المتحصلات الناشئة من الجريمة الأصلية؛ فعلى المحكمةالمختصة
أن تحكم بالمصادرة من الأموال الأخرى لمرتكب الجريمة ما يكمل قيمة المتحصلات المحكومبمصادرتها.",False
Q006,informal,كم أعلى مبلغ ممكن أدفعه تكاليف قضائية على الدعوى؟,1,0.032787,نظام التكاليف القضائية,المادة الثالثة,"المادة الثالثة
تفرض تكاليف قضائية على الدعوى بمبلغ لا يزيد على ما نسبته (590) من قيمة المطالبة» وبحد أعلى مبلغ مليون ريال. وتحدد اللائحة معايير تقدير التكاليف القضائيةوالضوابط
والقواعد المنظمةلذلك.",True
Q006,informal,كم أعلى مبلغ ممكن أدفعه تكاليف قضائية على الدعوى؟,2,0.031054,نظام التكاليف القضائية,المادة السابعة,"المادة السابعة
ثفرض على الطلبات الآتية تكاليف قضائية بمبلغ لا يزيد على عشرة آلاف ربالء وفقاً للمعايير والضوابط وقواعد التقدير التي تحددهااللائحة:
"".الطلباتالعارضة.
:.طلباتالرد.
5.طلب أحد الخصوم السير في الدعوى الموقوفة اتفاقاً قبل انتهاء المدة المتفق عليها لوقفالخصومة.
""إطلب تصحيح الحكم أوتفسيرة.
.الطلبات الأخرى التي تحددهااللائحة.",False
Q006,informal,كم أعلى مبلغ ممكن أدفعه تكاليف قضائية على الدعوى؟,3,0.030579,نظام التكاليف القضائية,المادة الثامنة,"المادة الثامنة
١.تُقرض على الطلبات الآتية تكاليف قضائية بمبلغ لا يزيد على ألف ريال وفقاً للمعايير والضوابط وقواعد التقدير التي تحددهااللائحة:
أ- طلب ذي المصلحة تسليمه نسخة مصدقة من أوراق الدعوى أو سجلاتها -الورقية أو الإلكترونية- أو الوثائق أو الأوراق التي تحت يدالمحكمة.
ب- طلب ذي المصلحة الاطلاع على أوراق الدعوى أو سجلاتها (الورقية أوالإلكترونية).
ج- طلب نسخة بديلة للوثائقالقضائية.
؟. لا تسري أحكام الفقرة )١( من هذه المادة على الطلبات التي تقدم أثناء نظر الدعوى من أطرافها أو المدخلينفيها.",False
Q006,informal,كم أعلى مبلغ ممكن أدفعه تكاليف قضائية على الدعوى؟,4,0.016129,نظام التكاليف القضائية,المادة الخامسة,"المادة الخامسة
تُفرض على دعوى بطلان حكم التحكيم تكاليف قضائية بما نسبته )١190( من قيمة المبلغ المحكوم به على مدعي البطلان؛ إذا حكم برفض طلبه؛ وبحد أعلى مليونربال.",False
Q006,informal,كم أعلى مبلغ ممكن أدفعه تكاليف قضائية على الدعوى؟,5,0.015873,نظام التكاليف القضائية,المادة الرابعة,"المادة الرابعة
إذا قررت المحكمة شطب الدعوىء أو حكمت باعتبارها كأن لم تكن» أو بعدم قبولها لعدم تحريرها؛ فتفرض تكاليف قضائية إضافية في حال نظرها مجدداً بما يعادل نسبة(/59؟)
من تكاليف نظر الدعوى في المرة الأولى» ويتحمل المدعي التكاليف الإضافية لنظرها ولو حكم لصالحه في موضوعالدعوى.",False
Q006,informal,كم أعلى مبلغ ممكن أدفعه تكاليف قضائية على الدعوى؟,6,0.015625,اللائحة التنفيذية لنظام التكاليف القضائية,المادة الثالثة,"المادة الثالثة
تقدّر التكاليف القضاتية في الدعاوى غير محددة القيمة على النحوالآتي:
-١ الدعاوى الجزائية الخاصة؛ عشرة آلافريال.
؟- الدعاوى التي تُنظر لدى المحاكم التجارية والدوائر التجارية؛ خمسة آلافرياإل.
-'٠"" الدعاوى المستعجلة أيّا كانت المحكمة أو الدائرة التي تنظرها؛ ثلاثة آلافربال.
5- الدعاوى التي تُنظر لدى المحاكم العامة؛ ثلاثة آلافريال.
5- منازعات التنفيذ؛ ثلاثة آلافربال.
""- الدعاوى التي تُنظر لدى المحاكم العمالية والدوائر العمالية؛ ألفاربال.",False
Q006,informal,كم أعلى مبلغ ممكن أدفعه تكاليف قضائية على الدعوى؟,7,0.015625,نظام التكاليف القضائية,المادة السادسة,"المادة السادسة
دون إخلال بما ورد في المادتين (السابعة) و(الثامنة) منالنظام:
١.تفرض تكاليف قضائية مستقلة على دعوى الخصم المتدخل طالباً الحكملنفسه.
"".في حال تعدد المدعين أو المدعى عليهم في الدعوىء يتحمل كل منهم التكاليف القضائية بقدر قسطه منالمطالبة.",False
Q006,informal,كم أعلى مبلغ ممكن أدفعه تكاليف قضائية على الدعوى؟,8,0.015385,اللائحة التنفيذية لنظام التكاليف القضائية,المادة السابعة,"المادة السابعة
تكون التكاليف القضائية لكل طلب من الطلبات الواردة في المادة (الثامنة) من النظام على النحوالآتي:
-١ طلب ذي المصلحة الاطلاع على أوراق الدعوى أو سجلاتها - الورقية أو الإلكترونيق؛ خمسونريالاً.
- طلب نسخة بديلة للوثائق القضائية؛ مائةربإل.
3 ا الات ىل اهء 3 1 جا و اك04
الفصل الثالث: التقدير النهائي للتكاليف القضائيه»وتحصيلها",False
Q006,informal,كم أعلى مبلغ ممكن أدفعه تكاليف قضائية على الدعوى؟,9,0.015385,نظام ملكية الوحدات العقارية وفرزها وإدارتها,المادة الرابعةوالعشرون,"المادة الرابعةوالعشرون
أ- اشتراكاتالملاك.
ب- التبرعات والهبات والوصاياوالأوقاف.
ج- عوائد استثمار أموال جمعية الملاك والأجزاء المشتركة القابلةللاستثمار.
وتحدد اللائحة الأحكام المنضمة للفقرتين (١/ب) و (١/ج) من هذهالمادة .
""- تصرف أموال جمعية الملاك لأغراض إدارة العقار المشترك وصيانة الأجزاءالمشتركة.
""- على كل مالك دفع مبلغ اشتراكه في تكاليف إدارة العقار المشترك وصيانة الأجزاء المشتركة؛» وليس لأي مالك التخلي عن حصته في الأجزاء المشتركة بغية التخلصمن
الاشتراك في تكاليف حفظها أوصيانتها.",False
Q006,informal,كم أعلى مبلغ ممكن أدفعه تكاليف قضائية على الدعوى؟,10,0.015152,اللائحة التنفيذية لنظام ملكية الوحدات العقارية وفرزها وإدارتها.,المادة الثلاثون,"المادة الثلاثون
للجمعية العامة أن تقرر تكوين مبلغ احتياطي بغرض مواجهة أي تكاليف تتجاوز قيمتها ميزانية الجمعية المعتمدة» بحسب ما يحدده النظام الأساسيء وللملاك كذلك الاتفاقعلى
تكوين ذلكالمبلغ.",False
Q007,formal_direct,متى تفرض تكاليف قضائية إضافية عند إعادة نظر الدعوى؟,1,0.032787,نظام التكاليف القضائية,المادة الرابعة,"المادة الرابعة
إذا قررت المحكمة شطب الدعوىء أو حكمت باعتبارها كأن لم تكن» أو بعدم قبولها لعدم تحريرها؛ فتفرض تكاليف قضائية إضافية في حال نظرها مجدداً بما يعادل نسبة(/59؟)
من تكاليف نظر الدعوى في المرة الأولى» ويتحمل المدعي التكاليف الإضافية لنظرها ولو حكم لصالحه في موضوعالدعوى.",True
Q007,formal_direct,متى تفرض تكاليف قضائية إضافية عند إعادة نظر الدعوى؟,2,0.03009,نظام التكاليف القضائية,المادة السابعة,"المادة السابعة
ثفرض على الطلبات الآتية تكاليف قضائية بمبلغ لا يزيد على عشرة آلاف ربالء وفقاً للمعايير والضوابط وقواعد التقدير التي تحددهااللائحة:
"".الطلباتالعارضة.
:.طلباتالرد.
5.طلب أحد الخصوم السير في الدعوى الموقوفة اتفاقاً قبل انتهاء المدة المتفق عليها لوقفالخصومة.
""إطلب تصحيح الحكم أوتفسيرة.
.الطلبات الأخرى التي تحددهااللائحة.",False
Q007,formal_direct,متى تفرض تكاليف قضائية إضافية عند إعادة نظر الدعوى؟,3,0.016129,نظام التكاليف القضائية,المادة الثانيةعشرة,"المادة الثانيةعشرة
١.فيما عدا طلب النقض وطلب التماس إعادة النظرء لايحول عدم دفع التكاليف القضائية دون قيد المحكمة للدعوى أو قيد الطلب والبت فيهماء ويكون تحصيلها وفقاً للإجراءاتالتي
تحددهااللائحة.
؟.يُمهل طالب النقض وطالب التماس إعادة النظر مدة (ثلاثين) يوماً من تاريخ قيد الطلب لدى المحكمة المختصة لسداد التكاليف القضائية المحددة للطلب؛ فإن لم يقم بالسداد خلالهذه
المدة» تحكم المحكمة بسقوط حقه في الطلبء ويُعد الحكمنهائياً.",False
Q007,formal_direct,متى تفرض تكاليف قضائية إضافية عند إعادة نظر الدعوى؟,4,0.016129,نظام التكاليف القضائية,المادة الثالثة,"المادة الثالثة
تفرض تكاليف قضائية على الدعوى بمبلغ لا يزيد على ما نسبته (590) من قيمة المطالبة» وبحد أعلى مبلغ مليون ريال. وتحدد اللائحة معايير تقدير التكاليف القضائيةوالضوابط
والقواعد المنظمةلذلك.",False
Q007,formal_direct,متى تفرض تكاليف قضائية إضافية عند إعادة نظر الدعوى؟,5,0.015873,نظام التكاليف القضائية,المادة العاشرة,"المادة العاشرة
لاتفرض تكاليف جديدة على الدعوى في أي من الحالتينالآتيتين:
١.إذا حكم بعدم الاختصاص وأقيمت الدعوى أمام المحكمةالمختصة.
؟.إذا قضت المحكمة المختصة بنقض الحكم وإعادة الدعوى إلى المحكمة التي أصدرت الحكم المعترض عليه أو إلى محكمةأخرى.",False
Q007,formal_direct,متى تفرض تكاليف قضائية إضافية عند إعادة نظر الدعوى؟,6,0.015873,نظام التكاليف القضائية,المادة السادسة,"المادة السادسة
دون إخلال بما ورد في المادتين (السابعة) و(الثامنة) منالنظام:
١.تفرض تكاليف قضائية مستقلة على دعوى الخصم المتدخل طالباً الحكملنفسه.
"".في حال تعدد المدعين أو المدعى عليهم في الدعوىء يتحمل كل منهم التكاليف القضائية بقدر قسطه منالمطالبة.",False
Q007,formal_direct,متى تفرض تكاليف قضائية إضافية عند إعادة نظر الدعوى؟,7,0.015625,نظام التكاليف القضائية,المادة السادسةعشرة,"المادة السادسةعشرة
ترد التكاليف القضائية المدفوعة متى تبين عدم وجوبها على دافعها أو استفادته من حالة من حالات الإعفاء ومن ذلكمايأتي:
١.إذا حكم لمصلحة دافع التكاليفالقضائية.
؟.طلب رد القاضي أو القضاة إذا قبل طلبالرد.
”.طلب تصحيح الحكم أو تفسيره إذا قضي بإجابةالطلب.
4.طلب الاستئناف إذا حكم بنقض الحكم المستأنف كلياً» وإذا نقض الحكم جزئياً فيعفى بقدر ذلك الجزءء وطلب النقض إذا قضي فيه بإعادة القضية إلى المحكمة مصدرةالحكم
المعترضعليه.
5.إذا ترك المدعي عليه دعواه قبل عقد الجلسة الأولى؛ وفقاً للإجراءاتالنظامية.
"".الدعاوى التي تنتهي بالصلح قبل رفع الجلسةالأولى.
.الدعاوى المتعلقة بالحقوق الخاصة التي ترفع بالتبعية للقضايا الجزائية إذا انتهت بالصلح على أي حال كانت فيهاالدعوى.
وتحدد اللائحة الإجراءات والقواعد الخاصةبذلك.",False
Q007,formal_direct,متى تفرض تكاليف قضائية إضافية عند إعادة نظر الدعوى؟,8,0.015625,نظام التكاليف القضائية,المادة الخامسة,"المادة الخامسة
تُفرض على دعوى بطلان حكم التحكيم تكاليف قضائية بما نسبته )١190( من قيمة المبلغ المحكوم به على مدعي البطلان؛ إذا حكم برفض طلبه؛ وبحد أعلى مليونربال.",False
Q007,formal_direct,متى تفرض تكاليف قضائية إضافية عند إعادة نظر الدعوى؟,9,0.015385,اللائحة التنفيذية لنظام ملكية الوحدات العقارية وفرزها وإدارتها.,المادة السادسةوالثلاثون,"المادة السادسةوالثلاثون
يكون إجراء الأعمال داخل أي وحدة عقارية مفرزة حفظاً لسلامة العقار المشترك أو المجمع العقاري أو لتحسين الانتفاع بالأجزاء المشتركة أو صيانتها, إذا دعت الضرورةذلك»
وفق الأحكامالآتية:
-١ إشعار مالك الوحدة قبل البدء بالأعمال بمدة كافية» على أن يتضمن الإشعار نوع الأعمال والمدة المحددةلإنجازها.
-١ أن تكون إعادة الحال في الوحدة إلى ما كانت عليه فور انتهاء الأعمال» وخلال المدة المحددة فيالإشعار.
""'- دون إخلال بالتزامات مالك الوحدة المقررة في النظام واللائحة والنظام الأساسيء لا يتحمل مالك الوحدة أي تكاليف إضافية ناشئة عن تنفيذ تلك الأعمالء إلا بالقدر الذييكون
فيه مسؤولاً عن الضرر الذي لحق بالعقار المشترك أو بالمجمعالعقاري.
5- مع مراعاة حكم الفقرة (؟) من هذه المادة » يعوض مالك الوحدة -إذا تطلب الأمر- عن الضرر الناتج عن إخلائه الوحدة وقت تنفيذ الأعمال» وذلك وفقاً للأحكامالآتية:
أ- أن يتلاءم التعويض مع أجرة المثل لتلكالوحدة.
ب- أن يشمل التعويض أي تكاليف إضافية تحملها مالك الوحدة أو شاغلها خلال الإقامة في مكانبديل.",False
Q007,formal_direct,متى تفرض تكاليف قضائية إضافية عند إعادة نظر الدعوى؟,10,0.015152,نظام التكاليف القضائية,المادة الثامنة,"المادة الثامنة
١.تُقرض على الطلبات الآتية تكاليف قضائية بمبلغ لا يزيد على ألف ريال وفقاً للمعايير والضوابط وقواعد التقدير التي تحددهااللائحة:
أ- طلب ذي المصلحة تسليمه نسخة مصدقة من أوراق الدعوى أو سجلاتها -الورقية أو الإلكترونية- أو الوثائق أو الأوراق التي تحت يدالمحكمة.
ب- طلب ذي المصلحة الاطلاع على أوراق الدعوى أو سجلاتها (الورقية أوالإلكترونية).
ج- طلب نسخة بديلة للوثائقالقضائية.
؟. لا تسري أحكام الفقرة )١( من هذه المادة على الطلبات التي تقدم أثناء نظر الدعوى من أطرافها أو المدخلينفيها.",False
Q008,formal_paraphrase,ما أثر شطب الدعوى ثم نظرها مجددًا على التكاليف القضائية؟,1,0.032787,نظام التكاليف القضائية,المادة الرابعة,"المادة الرابعة
إذا قررت المحكمة شطب الدعوىء أو حكمت باعتبارها كأن لم تكن» أو بعدم قبولها لعدم تحريرها؛ فتفرض تكاليف قضائية إضافية في حال نظرها مجدداً بما يعادل نسبة(/59؟)
من تكاليف نظر الدعوى في المرة الأولى» ويتحمل المدعي التكاليف الإضافية لنظرها ولو حكم لصالحه في موضوعالدعوى.",True
Q008,formal_paraphrase,ما أثر شطب الدعوى ثم نظرها مجددًا على التكاليف القضائية؟,2,0.030777,نظام التكاليف القضائية,المادة التاسعة,"المادة التاسعة
إذا ترتب على الطلب تغير في تقدير قيمة الدعوى سواء بالزيادة أو النقص» فتُحسب التكاليف القضائية للدعوى بناء على تقدير القيمة الجديدة لهاء وذلك مع عدم الإخلالبالتكاليف
القضائية المحددة للطلبذاته.",False
Q008,formal_paraphrase,ما أثر شطب الدعوى ثم نظرها مجددًا على التكاليف القضائية؟,3,0.029387,نظام التكاليف القضائية,المادة العاشرة,"المادة العاشرة
لاتفرض تكاليف جديدة على الدعوى في أي من الحالتينالآتيتين:
١.إذا حكم بعدم الاختصاص وأقيمت الدعوى أمام المحكمةالمختصة.
؟.إذا قضت المحكمة المختصة بنقض الحكم وإعادة الدعوى إلى المحكمة التي أصدرت الحكم المعترض عليه أو إلى محكمةأخرى.",False
Q008,formal_paraphrase,ما أثر شطب الدعوى ثم نظرها مجددًا على التكاليف القضائية؟,4,0.016129,نظام التكاليف القضائية,المادة الثانيةعشرة,"المادة الثانيةعشرة
١.فيما عدا طلب النقض وطلب التماس إعادة النظرء لايحول عدم دفع التكاليف القضائية دون قيد المحكمة للدعوى أو قيد الطلب والبت فيهماء ويكون تحصيلها وفقاً للإجراءاتالتي
تحددهااللائحة.
؟.يُمهل طالب النقض وطالب التماس إعادة النظر مدة (ثلاثين) يوماً من تاريخ قيد الطلب لدى المحكمة المختصة لسداد التكاليف القضائية المحددة للطلب؛ فإن لم يقم بالسداد خلالهذه
المدة» تحكم المحكمة بسقوط حقه في الطلبء ويُعد الحكمنهائياً.",False
Q008,formal_paraphrase,ما أثر شطب الدعوى ثم نظرها مجددًا على التكاليف القضائية؟,5,0.016129,نظام التكاليف القضائية,المادة الثالثةعشرة,"المادة الثالثةعشرة
١.يتحمل المحكوم عليه قيمة التكاليف القضائية المقررة للدعوى والطلبات المتصلة بها أو قسطأ منهاء ما لم ينص النظام أو اللائحة على غير ذلك» وذلك دون إخلال بحق ذويالشأن
في المطالبة بالتعويض. وفي حال كان المدعي غير محق في جزء من طلباته» فيتحمل قسط ذلكالجزء.
؟.إذا انتهت الدعوى بالصلح فيتحمل أطراف الدعوى التكاليف القضائية بالتساويء ما لم يتفقوا على غيرذلك.",False
Q008,formal_paraphrase,ما أثر شطب الدعوى ثم نظرها مجددًا على التكاليف القضائية؟,6,0.015873,نظام التكاليف القضائية,المادة الثالثة,"المادة الثالثة
تفرض تكاليف قضائية على الدعوى بمبلغ لا يزيد على ما نسبته (590) من قيمة المطالبة» وبحد أعلى مبلغ مليون ريال. وتحدد اللائحة معايير تقدير التكاليف القضائيةوالضوابط
والقواعد المنظمةلذلك.",False
Q008,formal_paraphrase,ما أثر شطب الدعوى ثم نظرها مجددًا على التكاليف القضائية؟,7,0.015625,نظام التكاليف القضائية,المادة الثامنةعشرة,"المادة الثامنةعشرة
مع مراعاة ما تقضي به المادة (السابعة عشرة )» إذا صدر حكم في الدعوى لمصلحة المُعفى من التكاليف القضائية فيلزم المحكوم عليه بدفع التكاليفالقضائية.",False
Q008,formal_paraphrase,ما أثر شطب الدعوى ثم نظرها مجددًا على التكاليف القضائية؟,8,0.015385,نظام التكاليف القضائية,المادة السادسةعشرة,"المادة السادسةعشرة
ترد التكاليف القضائية المدفوعة متى تبين عدم وجوبها على دافعها أو استفادته من حالة من حالات الإعفاء ومن ذلكمايأتي:
١.إذا حكم لمصلحة دافع التكاليفالقضائية.
؟.طلب رد القاضي أو القضاة إذا قبل طلبالرد.
”.طلب تصحيح الحكم أو تفسيره إذا قضي بإجابةالطلب.
4.طلب الاستئناف إذا حكم بنقض الحكم المستأنف كلياً» وإذا نقض الحكم جزئياً فيعفى بقدر ذلك الجزءء وطلب النقض إذا قضي فيه بإعادة القضية إلى المحكمة مصدرةالحكم
المعترضعليه.
5.إذا ترك المدعي عليه دعواه قبل عقد الجلسة الأولى؛ وفقاً للإجراءاتالنظامية.
"".الدعاوى التي تنتهي بالصلح قبل رفع الجلسةالأولى.
.الدعاوى المتعلقة بالحقوق الخاصة التي ترفع بالتبعية للقضايا الجزائية إذا انتهت بالصلح على أي حال كانت فيهاالدعوى.
وتحدد اللائحة الإجراءات والقواعد الخاصةبذلك.",False
Q008,formal_paraphrase,ما أثر شطب الدعوى ثم نظرها مجددًا على التكاليف القضائية؟,9,0.015385,نظام التكاليف القضائية,المادة الأولى,"المادة الأولى
يكون للألفاظ والعبارات الواردة في هذا النظام المعاني المبيّنه أمامهاء ما لم يقتض السياق معنىآخر:
النظام: نظام التكاليفالقضائية.
اللائحة: اللائحة التنفيذيةللنظام.
الإدارة المختصة: الإدارة المعنية بتحصيل التكاليفالقضائية»وردها.
التكاليف القضائية: مبالغ مالية يلتزم المكلف بدفعها إلى الإدارة المختصة» وفقاً لأحكام النظام واللائحة. ولا تشمل ما يطلب منه أثناء سير الدعوى من تكاليف يستلزمها الفصلفيها.
الدعوى: الدعوى المرفوعة أمامالمحاكم.
الطلبات: كل ما يقدمه الخصوم وغيرهم من طلبات أمام المحاكم مما لا يدخل فيالدعوى.",False
Q008,formal_paraphrase,ما أثر شطب الدعوى ثم نظرها مجددًا على التكاليف القضائية؟,10,0.014925,نظام الأحوال الشخصية,المادة السابعةعشرة,"المادة السابعةعشرة
-١ يكون ترتيب الأولياء في الزواج على النحو الآتي: الأب» ثم وصيه. ثم الجد الأب وإن علاء ثم الابن» ثم ابنه وإن نزلء ثم الأخ الشقيق ثم الأخ لأبء ثم ابن الأخ الشقيق ثمابن
الأخ لأب وإن نزلاء ثم العم الشقيق ثم العم لأب» ثم بنوهما وإن نزلواء ثم أقرب عصبة على ترتيب الإرث» ثمالقاضي.
؟- إذا استوى الأولياء في الدرجة؛ تعين من عينته المرأة منهم؛ وإن لم تُعين جاز تولي أي منهم عقدالزواج.
'""- ليس للولي -ولو كان الاب- أن يزوج موليته بغير رضاها على أن يُضْمّن عقد الزواج ما يثبتالرضا.",False
Q009,informal,إذا انشطبت القضية ورجعت رفعتها، أدفع زيادة؟,1,0.016393,نظام المعاملات المدنية,المادة الحادية والسبعون بعدالستمائة,"المادة الحادية والسبعون بعدالستمائة
-١ إذا زاد المشتري في العقار المشفوع شيئاً من ماله أو بنى أو غرس فيه قبل إعلام الشفيع البائع والمشتري برغبته في الشفعة؛ فعلى الشفيع إذاأخذ
بالشفعة أن يدفع -تبعاً لما يختاره المشتري- مقدار ما أنفقه أو ما زاد في قيمة العقار بسبب زيادة المشتري أو بنائه أوغراسه.
-١ إذا كانت الزيادة أو البناء أو الغراس بعد الإعلام؛ فللشفيع إذا أخذ بالشفعة أن يطلب الإزالة على نفقة المشتري مع التعويض إن كان له مقتضء أوأن
يستبقي البناء أو الغراس على أن يدفع للمشتر ي ما أنفقه أو ما زاد في قيمة العقار ب بسبب زيادة ١ لمشتري أو بنائه أوغراسه.
""- إذا نقص العقار المشفوع بغير فعل المشتري أو بفعله قبل الإعلام؛ فللشفيع أخذه بكل الثمن أو تركه. ويحط عن الشفيع من ثمنه قيمة ما نقصبفعل
المشتري بعدالإعلام.
-١ إذا زاد المشتري في العقار المشفوع شيئاً من ماله أو بنى أو غرس فيه قبل إعلام الشفيع البائع والمشتري برغبته في الشفعة؛ فعلى الشفيع إذا أخذ بالشفعة أن يدفع -تبعاً لمايختاره
المشتري- مقدار ما أنفقه أو ما زاد في قيمة العقار بسبب زيادة المشتري أو بنائه أوغراسه.
؟- إذا كانت الزيادة أو البناء أو الغراس بعد الإعلام؛ فللشفيع إذا أخذ بالشفعة أن يطلب الإزالة على نفقة المشتري مع التعويض إن كان له مقتضء أو أن يستبقي البناء أو الغراسعلى
أن يدفع للمشتري ما أنفقه أو ما زاد في قيمة العقار بسبب زيادة المشتري أو بنائه أوغراسه.
إذا نقص العقار المشفوع بغير فعل المشتري أو بفعله قبل الإعلام؛ فللشفيع أخذه بكل الثمن أو تركه» ويحط عن الشفيع من ثمنه قيمة ما نقص بفعل المشتري بعدالإعلام.",False
Q009,informal,إذا انشطبت القضية ورجعت رفعتها، أدفع زيادة؟,2,0.016393,نظام الإجراءات الجزائية,المادة الرابعة والأربعون بعدالمائة,"المادة الرابعة والأربعون بعدالمائة
إذا وقعت في الجلسة جريمة غير مشمولة بحكم المادتين (الثانية والأربعين بعد المائة) و (الثالثة والأربعين بعد المائة) من هذا النظام؛ فللمحكمة - إذا لم تر إحالة القضية إلىالنيابة
العامة - أن تحكم على من ارتكبها وفقًا للمقتتضى الشرعي بعد سماع أقواله؛ إلا إذا كان النظر في الجريمة من اختصاص محكمة أخرى فتحال القضية إلى تلكالمحكمة.",False
Q009,informal,إذا انشطبت القضية ورجعت رفعتها، أدفع زيادة؟,3,0.016129,نظام التكاليف القضائية,المادة الرابعة,"المادة الرابعة
إذا قررت المحكمة شطب الدعوىء أو حكمت باعتبارها كأن لم تكن» أو بعدم قبولها لعدم تحريرها؛ فتفرض تكاليف قضائية إضافية في حال نظرها مجدداً بما يعادل نسبة(/59؟)
من تكاليف نظر الدعوى في المرة الأولى» ويتحمل المدعي التكاليف الإضافية لنظرها ولو حكم لصالحه في موضوعالدعوى.",True
Q009,informal,إذا انشطبت القضية ورجعت رفعتها، أدفع زيادة؟,4,0.016129,اللائحة التنفيذية لإجراءات الاستئناف,المادة الخامسةوالعشرون,"المادة الخامسةوالعشرون
-١ إذا رأت المحكمة -أثناء نظر القضية تدقيقاً- ما يوجب نقض الحكم كلياً أو جزئياًء فلها أن تسير في القضية مرافعة» وتقضي بالنقض -عند الاقتضاء - بعد المرافعة»وتضمنه
حكمها في الموضوع. . 71
؟- إذا كان النقض جزئياًء فللمحكمة أن تصدر حكماً بما أيدته» ثم تنظر فيما نقض مرافعة وفقاً للإجراءاتالمعتادة.",False
Q009,informal,إذا انشطبت القضية ورجعت رفعتها، أدفع زيادة؟,5,0.015873,نظام التكاليف القضائية,المادة السادسةعشرة,"المادة السادسةعشرة
ترد التكاليف القضائية المدفوعة متى تبين عدم وجوبها على دافعها أو استفادته من حالة من حالات الإعفاء ومن ذلكمايأتي:
١.إذا حكم لمصلحة دافع التكاليفالقضائية.
؟.طلب رد القاضي أو القضاة إذا قبل طلبالرد.
”.طلب تصحيح الحكم أو تفسيره إذا قضي بإجابةالطلب.
4.طلب الاستئناف إذا حكم بنقض الحكم المستأنف كلياً» وإذا نقض الحكم جزئياً فيعفى بقدر ذلك الجزءء وطلب النقض إذا قضي فيه بإعادة القضية إلى المحكمة مصدرةالحكم
المعترضعليه.
5.إذا ترك المدعي عليه دعواه قبل عقد الجلسة الأولى؛ وفقاً للإجراءاتالنظامية.
"".الدعاوى التي تنتهي بالصلح قبل رفع الجلسةالأولى.
.الدعاوى المتعلقة بالحقوق الخاصة التي ترفع بالتبعية للقضايا الجزائية إذا انتهت بالصلح على أي حال كانت فيهاالدعوى.
وتحدد اللائحة الإجراءات والقواعد الخاصةبذلك.",False
Q009,informal,إذا انشطبت القضية ورجعت رفعتها، أدفع زيادة؟,6,0.015873,اللائحة التنفيذية لإجراءات الاستئناف,المادة الثالثة,"المادة الثالثة
-١ للدائرة مصدرة الحكم الاطلاع على مذكرة الاعتراض بعد تزويدها بصورة منها- فور انتهاء مدة الاعتراضء فإذا رأت إعادة النظر في الحكم؛ فتطلب ملف القضية منالإدارة
المختصة خلال خمسة أيام من تاريخ انتهاء مدة الاعتراضء فإن مضت المدة دون طلبه» فعلى الإدارة المختصة رفع ملف القضية للمحكمة في اليومالتالي.
-١ إذا انتهت ولاية القاضي في الدائرة أو قضاتها أو بعضهم,؛ فيرفع ملف القضية لمحكمة الاستئناف فور انتهاء مدةالاعتراض.",False
Q009,informal,إذا انشطبت القضية ورجعت رفعتها، أدفع زيادة؟,7,0.015625,اللائحة التنفيذية لإجراءات الاستئناف,المادة السابعة,"المادة السابعة
يجوز أمام المحكمة أن يضاف إلى الطلب الأصلي ما يزيد من التعويضات التي تستحق بعد تقديم الطلبات الختامية أمام محكمة الدرجةالأولى.",False
Q009,informal,إذا انشطبت القضية ورجعت رفعتها، أدفع زيادة؟,8,0.015625,اللائحة التنفيذية لنظام الإجراءات الجزائية,المادة الخامسة والأربعون بعدالمائة,"المادة الخامسة والأربعون بعدالمائة
-١ يكون تأييد الأحكام أو نقضها من الدائرة المختصة في المحكمة العليا؛ بالإجماع أوبالأغلبية.
؟ - إذا أعيدت القضية إلى المحكمة بعد نقض الحكم من المحكمة العلياء ولم يكن في المحكمة دائرة مختصة غير من نظرهاء فتحال القضية إلى أقرب محكمة مختصة فيالمنطقة»
وذلك دون إخلال بما يصدره المجلس في هذاالشأن.",False
Q009,informal,إذا انشطبت القضية ورجعت رفعتها، أدفع زيادة؟,9,0.015385,نظام التكاليف القضائية,المادة التاسعة,"المادة التاسعة
إذا ترتب على الطلب تغير في تقدير قيمة الدعوى سواء بالزيادة أو النقص» فتُحسب التكاليف القضائية للدعوى بناء على تقدير القيمة الجديدة لهاء وذلك مع عدم الإخلالبالتكاليف
القضائية المحددة للطلبذاته.",False
Q009,informal,إذا انشطبت القضية ورجعت رفعتها، أدفع زيادة؟,10,0.015385,اللائحة التنفيذية لنظام المحاكم التجارية,المادة الرابعة والتسعون,"المادة الرابعة والتسعون : مَحضرالقضية
يجب أن يُثبت في محضر القضية بيانات المحكمة» وأسماء القضاة» وبيانات القضية والجلسة» والأطرافء وممثليهم» والحاضرين ممن طلبت المحكمةحضورهم.
الفصل الخامس: الحضوروالغياب",False
Q010,formal_direct,ما التكاليف القضائية المترتبة على دعوى بطلان حكم التحكيم؟,1,0.032787,نظام التكاليف القضائية,المادة الخامسة,"المادة الخامسة
تُفرض على دعوى بطلان حكم التحكيم تكاليف قضائية بما نسبته )١190( من قيمة المبلغ المحكوم به على مدعي البطلان؛ إذا حكم برفض طلبه؛ وبحد أعلى مليونربال.",True
Q010,formal_direct,ما التكاليف القضائية المترتبة على دعوى بطلان حكم التحكيم؟,2,0.029139,نظام التكاليف القضائية,المادة الرابعة,"المادة الرابعة
إذا قررت المحكمة شطب الدعوىء أو حكمت باعتبارها كأن لم تكن» أو بعدم قبولها لعدم تحريرها؛ فتفرض تكاليف قضائية إضافية في حال نظرها مجدداً بما يعادل نسبة(/59؟)
من تكاليف نظر الدعوى في المرة الأولى» ويتحمل المدعي التكاليف الإضافية لنظرها ولو حكم لصالحه في موضوعالدعوى.",False
Q010,formal_direct,ما التكاليف القضائية المترتبة على دعوى بطلان حكم التحكيم؟,3,0.016129,نظام التكاليف القضائية,المادة السابعة,"المادة السابعة
ثفرض على الطلبات الآتية تكاليف قضائية بمبلغ لا يزيد على عشرة آلاف ربالء وفقاً للمعايير والضوابط وقواعد التقدير التي تحددهااللائحة:
"".الطلباتالعارضة.
:.طلباتالرد.
5.طلب أحد الخصوم السير في الدعوى الموقوفة اتفاقاً قبل انتهاء المدة المتفق عليها لوقفالخصومة.
""إطلب تصحيح الحكم أوتفسيرة.
.الطلبات الأخرى التي تحددهااللائحة.",False
Q010,formal_direct,ما التكاليف القضائية المترتبة على دعوى بطلان حكم التحكيم؟,4,0.016129,نظام التكاليف القضائية,المادة الثامنةعشرة,"المادة الثامنةعشرة
مع مراعاة ما تقضي به المادة (السابعة عشرة )» إذا صدر حكم في الدعوى لمصلحة المُعفى من التكاليف القضائية فيلزم المحكوم عليه بدفع التكاليفالقضائية.",False
Q010,formal_direct,ما التكاليف القضائية المترتبة على دعوى بطلان حكم التحكيم؟,5,0.015873,اللائحة التنفيذية لنظام التكاليف القضائية,المادة السادسة,"المادة السادسة
تُقدّر التكاليف القضائية للطلبات الواردة في المادة (السابعة) من النظام على النحوالآتي:
-١ طلب التماس إعادة النظر؛ عشرة آلافربإل.
-١ طلب النقض؛ سبعة آلافربال.
""- طلب الاستئناف؛ خمسة آلافربإل.
3 - طلب الإدخال من الخصومء» وطلب الردء وطلب تصحيح الحكم أو تفسيره» وطلب وقف تنفيذ الحكم ألفاربال.
5- الطلب العارض؛ ألفربال.
5- طلب أحد الخصوم السير في الدعوى الموقوفة اتفاقاً قبل انتهاء المدة المتفق عليها لوقف الخصومة؛ مائةربال.",False
Q010,formal_direct,ما التكاليف القضائية المترتبة على دعوى بطلان حكم التحكيم؟,6,0.015873,اللائحة التنفيذية لنظام التكاليف القضائية,المادة الخامسة,"المادة الخامسة
تقدّر التكاليف القضائية لطلب التنفيذ المباشر بمبلغ قدره خمسمائة ريال» وفيما يتعلق بباقي طلبات التنفيذ فتقدر التكاليف القضائية بنسبة اثنين في المائة (؟90) من قيمة المطالبةعلى
ألا تقل هذه التكاليف عن خمسمائة ريال ولا تزيد على عشرة آلافريال.
ويتحمل المنفذ ضده التكاليف القضائية لطلب التنفيذ ما لم يتبت أن طالب التنفيذ غير مستحق لمطالبته» فيتحمل طالب التنفيذ كامل التكاليف القضائية» وإذا كان طالب التنفيذغير
مستحق لجزء من مطالبته» فيتحمل من التكاليف القضائية بقدر هذاالجزء.",False
Q010,formal_direct,ما التكاليف القضائية المترتبة على دعوى بطلان حكم التحكيم؟,7,0.015625,نظام التكاليف القضائية,المادة السادسة,"المادة السادسة
دون إخلال بما ورد في المادتين (السابعة) و(الثامنة) منالنظام:
١.تفرض تكاليف قضائية مستقلة على دعوى الخصم المتدخل طالباً الحكملنفسه.
"".في حال تعدد المدعين أو المدعى عليهم في الدعوىء يتحمل كل منهم التكاليف القضائية بقدر قسطه منالمطالبة.",False
Q010,formal_direct,ما التكاليف القضائية المترتبة على دعوى بطلان حكم التحكيم؟,8,0.015385,نظام التكاليف القضائية,المادة الثامنة,"المادة الثامنة
١.تُقرض على الطلبات الآتية تكاليف قضائية بمبلغ لا يزيد على ألف ريال وفقاً للمعايير والضوابط وقواعد التقدير التي تحددهااللائحة:
أ- طلب ذي المصلحة تسليمه نسخة مصدقة من أوراق الدعوى أو سجلاتها -الورقية أو الإلكترونية- أو الوثائق أو الأوراق التي تحت يدالمحكمة.
ب- طلب ذي المصلحة الاطلاع على أوراق الدعوى أو سجلاتها (الورقية أوالإلكترونية).
ج- طلب نسخة بديلة للوثائقالقضائية.
؟. لا تسري أحكام الفقرة )١( من هذه المادة على الطلبات التي تقدم أثناء نظر الدعوى من أطرافها أو المدخلينفيها.",False
Q010,formal_direct,ما التكاليف القضائية المترتبة على دعوى بطلان حكم التحكيم؟,9,0.015385,نظام التكاليف القضائية,المادة الثالثةعشرة,"المادة الثالثةعشرة
١.يتحمل المحكوم عليه قيمة التكاليف القضائية المقررة للدعوى والطلبات المتصلة بها أو قسطأ منهاء ما لم ينص النظام أو اللائحة على غير ذلك» وذلك دون إخلال بحق ذويالشأن
في المطالبة بالتعويض. وفي حال كان المدعي غير محق في جزء من طلباته» فيتحمل قسط ذلكالجزء.
؟.إذا انتهت الدعوى بالصلح فيتحمل أطراف الدعوى التكاليف القضائية بالتساويء ما لم يتفقوا على غيرذلك.",False
Q010,formal_direct,ما التكاليف القضائية المترتبة على دعوى بطلان حكم التحكيم؟,10,0.015152,نظام التكاليف القضائية,المادة السابعةعشرة,"المادة السابعةعشرة
مع مراعاة ما تقضي به الأنظمة والمعاهدات والاتفاقيات الدولية التي تكون المملكة طرفاًء لا تفرض التكاليف القضائية على الفئاتالآتية:
١.المسجونون والموقوفون وقت استحقاق التكاليف القضائية في قضايا مالية غير جنائية» في الدعاوى التي تقام سواءً كانت منهم أوعليهم.
"".العمال المشمولون بنظام العمل والمستثنون منه والمستحقون عنهم؛ للمطالبة بمستحقاتهم الناشئة عن عقودعمل.
“.الوزارات والأجهزةالحكومية.
وتحدد اللائحة الإجراءات والقواعد الخاصةبذلك.",False
Q011,formal_paraphrase,كيف تحسب تكاليف دعوى بطلان حكم التحكيم إذا رفض الطلب؟,1,0.032787,نظام التكاليف القضائية,المادة الخامسة,"المادة الخامسة
تُفرض على دعوى بطلان حكم التحكيم تكاليف قضائية بما نسبته )١190( من قيمة المبلغ المحكوم به على مدعي البطلان؛ إذا حكم برفض طلبه؛ وبحد أعلى مليونربال.",True
Q011,formal_paraphrase,كيف تحسب تكاليف دعوى بطلان حكم التحكيم إذا رفض الطلب؟,2,0.029643,نظام التكاليف القضائية,المادة الرابعة,"المادة الرابعة
إذا قررت المحكمة شطب الدعوىء أو حكمت باعتبارها كأن لم تكن» أو بعدم قبولها لعدم تحريرها؛ فتفرض تكاليف قضائية إضافية في حال نظرها مجدداً بما يعادل نسبة(/59؟)
من تكاليف نظر الدعوى في المرة الأولى» ويتحمل المدعي التكاليف الإضافية لنظرها ولو حكم لصالحه في موضوعالدعوى.",False
Q011,formal_paraphrase,كيف تحسب تكاليف دعوى بطلان حكم التحكيم إذا رفض الطلب؟,3,0.016129,نظام التحكيم,المادة التاسعةوالأربعون,"المادة التاسعةوالأربعون
لا تقبل أحكام التحكيم التي تصدر طبقا لأحكام هذا النظام الطعن فيها بأي طريق من طرق الطعنء عدا رفع دعوى بطلان حكم التحكيم وفقا للأحكام المبينة في هذاالنظام.",False
Q011,formal_paraphrase,كيف تحسب تكاليف دعوى بطلان حكم التحكيم إذا رفض الطلب؟,4,0.015873,نظام التكاليف القضائية,المادة الثامنة,"المادة الثامنة
١.تُقرض على الطلبات الآتية تكاليف قضائية بمبلغ لا يزيد على ألف ريال وفقاً للمعايير والضوابط وقواعد التقدير التي تحددهااللائحة:
أ- طلب ذي المصلحة تسليمه نسخة مصدقة من أوراق الدعوى أو سجلاتها -الورقية أو الإلكترونية- أو الوثائق أو الأوراق التي تحت يدالمحكمة.
ب- طلب ذي المصلحة الاطلاع على أوراق الدعوى أو سجلاتها (الورقية أوالإلكترونية).
ج- طلب نسخة بديلة للوثائقالقضائية.
؟. لا تسري أحكام الفقرة )١( من هذه المادة على الطلبات التي تقدم أثناء نظر الدعوى من أطرافها أو المدخلينفيها.",False
Q011,formal_paraphrase,كيف تحسب تكاليف دعوى بطلان حكم التحكيم إذا رفض الطلب؟,5,0.015873,نظام التحكيم,المادة الحاديةوالخمسون,"المادة الحاديةوالخمسون
-١ ترفع دعوى بطلان حكم التحكيم من أي من طرفيه خلال الستين يوماً التالية لتاريخ إبلاغ ذلك الطرف بالحكم. ولا يحول تنازل مدعي البطلان عن حقه في رفعها قبل صدورحكم
التحكيم دون قبولالدعوى.
-١ إذا حكمت المحكمة المختصة بتأييد حكم التحكيم وجب عليها أن تأمر بتنفيذه» ويكون حكمها في ذلك غير قابل للطعن بأي طريق من طرق الطعن. أما إذا حكمت ببطلانحكم
التحكيم» فيكون حكمها قابلاآً لالطعن خلال ثلاثين يوماً من اليوم التاليللتبليغ.
هه اع ٠. مرو ه *
الباب السابع حجية أحكام المحكمينوتنفيدها",False
Q011,formal_paraphrase,كيف تحسب تكاليف دعوى بطلان حكم التحكيم إذا رفض الطلب؟,6,0.015625,اللائحة التنفيذية لنظام التكاليف القضائية,المادة السادسة,"المادة السادسة
تُقدّر التكاليف القضائية للطلبات الواردة في المادة (السابعة) من النظام على النحوالآتي:
-١ طلب التماس إعادة النظر؛ عشرة آلافربإل.
-١ طلب النقض؛ سبعة آلافربال.
""- طلب الاستئناف؛ خمسة آلافربإل.
3 - طلب الإدخال من الخصومء» وطلب الردء وطلب تصحيح الحكم أو تفسيره» وطلب وقف تنفيذ الحكم ألفاربال.
5- الطلب العارض؛ ألفربال.
5- طلب أحد الخصوم السير في الدعوى الموقوفة اتفاقاً قبل انتهاء المدة المتفق عليها لوقف الخصومة؛ مائةربال.",False
Q011,formal_paraphrase,كيف تحسب تكاليف دعوى بطلان حكم التحكيم إذا رفض الطلب؟,7,0.015625,نظام التحكيم,المادة الثامنة,"المادة الثامنة
-١ يكون الاختصاص بنظر دعوى بطلان حكم التحكيم والمسائل التي يحيلها هذا النظام للمحكمة المختصة معقوداً لمحكمة الاستئناف المختصة أصلاً بنظرالنزاع.
؟- إذا كان التحكيم تجارياً دولياً سواء جرى بالمملكة أم خارجهاء فيكون الاختصاص لمحكمة الاستئناف المختصة أصلاً بنظر النزاع في مدينة الرياض ما لم يتفق طرفا التحكيمعلى
محكمة استئناف أخرى في المملكة.
2 مع ام.4
الباب الثاني اتفاقالتحكيم",False
Q011,formal_paraphrase,كيف تحسب تكاليف دعوى بطلان حكم التحكيم إذا رفض الطلب؟,8,0.015385,نظام التكاليف القضائية,المادة السابعة,"المادة السابعة
ثفرض على الطلبات الآتية تكاليف قضائية بمبلغ لا يزيد على عشرة آلاف ربالء وفقاً للمعايير والضوابط وقواعد التقدير التي تحددهااللائحة:
"".الطلباتالعارضة.
:.طلباتالرد.
5.طلب أحد الخصوم السير في الدعوى الموقوفة اتفاقاً قبل انتهاء المدة المتفق عليها لوقفالخصومة.
""إطلب تصحيح الحكم أوتفسيرة.
.الطلبات الأخرى التي تحددهااللائحة.",False
Q011,formal_paraphrase,كيف تحسب تكاليف دعوى بطلان حكم التحكيم إذا رفض الطلب؟,9,0.015385,نظام التحكيم,المادة الخمسونمعدلة,"المادة الخمسونمعدلة
-١ لا تقبل دعوى بطلان حكم التحكيم إلا في الأحوالالآتية:
أ- إذا لم يوجد اتفاق تحكيم أو كان هذا الاتفاق باطلاً» أو قابلاً للإبطال» أو سقط بانتهاءمدته.
ب- إذا كان أحد طرفي اتفاق التحكيم وقت إبرامه عديم الأهلية» أو ناقصهاء وفقاً للنظام الذي يحكمأهليته.
ج- إذا تعذر على أحد طرفي التحكيم تقديم دفاعه بسبب عدم إبلاغه إبلاغاً صحيحاً بتعيين محكم أو بإجراءات التحكيم؛ أو لأي سبب آخر خارج عنإرادته.
د- إذا استبعد حكم التحكيم تطبيق أي من القواعد النظامية التي اتفق طرفا التحكيم على تطبيقها على موضوعالنزاع.
ه إذا شكلت هيئة التحكيم أو عين المحكمون على وجه مخالف لهذا النظام» أو لاتفاقالطرفين.
و- إذا فصل حكم التحكيم في مسائل لا يشملها اتفاق التحكيم» ومع ذلك إذا أمكن فصل أجزاء الحكم الخاصة بالمسائل الخاضعة للتحكيم عن أجزائه الخاصة بالمسائل غيرالخاضعة
له فلا يقع البطلان إلا على الأجزاء غير الخاضعة للتحكيموحدها.
ز- إذا لم تراع هيئة التحكيم الشروط الواجب توافرها في الحكم على نحو أَثّر في مضمونه. أو استند الحكم على إجراءات تحكيم باطلة أنّرتفيه.
-١ تقضي المحكمة المختصة التي تنظر دعوى البطلان من تلقاء نفسها ببطلان حكم التحكيم إذا تضمن ما يخالف أحكام الشريعة الإسلامية والنظام العام في المملكة» أو ما اتفقعليه
طرفا التحكيم؛ أو إذا وجدت أن موضوع النزاع من المسائل التي لا يجوز التحكيم فيها بموجب هذا النظام.
-'٠ لا ينقضي اتفاق التحكيم بصدور حكم المحكمة المختصة ببطلان حكم التحكيم؛ ما لم يكن طرفا التحكيم قد اتفقا على ذلك؛ أو صدر حكم نص على إبطال اتفاقالتحكيم.
5- تنظر المحكمة المختصة في دعوى البطلان في الحالات المشار إليها في هذه المادة » دون أن يكون لها فحص وقائع وموضوعالنزاع.",False
Q011,formal_paraphrase,كيف تحسب تكاليف دعوى بطلان حكم التحكيم إذا رفض الطلب؟,10,0.015152,نظام التحكيم,المادة الثامنةوالأربعون,"المادة الثامنةوالأربعون
-١ يجوز لكل من طرفي التحكيم ولو بعد انتهاء ميعاد التحكيم » أن يطلب من هيئة التحكيم خلال الثلاثين يوماً التالية لتسلمه حكم التحكيم ؛ إصدار حكم تحكيم إضافي في طلباتقدمت
خلال الإجراءات وأغفلها حكم التحكيم. ويجب إبلاغ الطرف الآخر على عنوانه الموضح في حكم التحكيم بهذا الطلب قبل تقديمه لهيئةالتحكيم.
-١ تصدر هيئة التحكيم حكمها خلال ستين يوماً من تاريخ تقديم الطلب » ويجوز لها مد هذا الميعاد ثلاثين يومأً أخرى إذا رأت ضرورةلذلك.
انافمو
الباب السادس بطلان حكمالتحكيم",False
Q012,informal,لو طلبت إبطال حكم تحكيم وانرفض، كم تكون التكاليف؟,1,0.016393,نظام التكاليف القضائية,المادة الخامسة,"المادة الخامسة
تُفرض على دعوى بطلان حكم التحكيم تكاليف قضائية بما نسبته )١190( من قيمة المبلغ المحكوم به على مدعي البطلان؛ إذا حكم برفض طلبه؛ وبحد أعلى مليونربال.",True
Q012,informal,لو طلبت إبطال حكم تحكيم وانرفض، كم تكون التكاليف؟,2,0.016393,نظام التحكيم,المادة الخمسونمعدلة,"المادة الخمسونمعدلة
-١ لا تقبل دعوى بطلان حكم التحكيم إلا في الأحوالالآتية:
أ- إذا لم يوجد اتفاق تحكيم أو كان هذا الاتفاق باطلاً» أو قابلاً للإبطال» أو سقط بانتهاءمدته.
ب- إذا كان أحد طرفي اتفاق التحكيم وقت إبرامه عديم الأهلية» أو ناقصهاء وفقاً للنظام الذي يحكمأهليته.
ج- إذا تعذر على أحد طرفي التحكيم تقديم دفاعه بسبب عدم إبلاغه إبلاغاً صحيحاً بتعيين محكم أو بإجراءات التحكيم؛ أو لأي سبب آخر خارج عنإرادته.
د- إذا استبعد حكم التحكيم تطبيق أي من القواعد النظامية التي اتفق طرفا التحكيم على تطبيقها على موضوعالنزاع.
ه إذا شكلت هيئة التحكيم أو عين المحكمون على وجه مخالف لهذا النظام» أو لاتفاقالطرفين.
و- إذا فصل حكم التحكيم في مسائل لا يشملها اتفاق التحكيم» ومع ذلك إذا أمكن فصل أجزاء الحكم الخاصة بالمسائل الخاضعة للتحكيم عن أجزائه الخاصة بالمسائل غيرالخاضعة
له فلا يقع البطلان إلا على الأجزاء غير الخاضعة للتحكيموحدها.
ز- إذا لم تراع هيئة التحكيم الشروط الواجب توافرها في الحكم على نحو أَثّر في مضمونه. أو استند الحكم على إجراءات تحكيم باطلة أنّرتفيه.
-١ تقضي المحكمة المختصة التي تنظر دعوى البطلان من تلقاء نفسها ببطلان حكم التحكيم إذا تضمن ما يخالف أحكام الشريعة الإسلامية والنظام العام في المملكة» أو ما اتفقعليه
طرفا التحكيم؛ أو إذا وجدت أن موضوع النزاع من المسائل التي لا يجوز التحكيم فيها بموجب هذا النظام.
-'٠ لا ينقضي اتفاق التحكيم بصدور حكم المحكمة المختصة ببطلان حكم التحكيم؛ ما لم يكن طرفا التحكيم قد اتفقا على ذلك؛ أو صدر حكم نص على إبطال اتفاقالتحكيم.
5- تنظر المحكمة المختصة في دعوى البطلان في الحالات المشار إليها في هذه المادة » دون أن يكون لها فحص وقائع وموضوعالنزاع.",False
Q012,informal,لو طلبت إبطال حكم تحكيم وانرفض، كم تكون التكاليف؟,3,0.016129,نظام التكاليف القضائية,المادة الرابعة,"المادة الرابعة
إذا قررت المحكمة شطب الدعوىء أو حكمت باعتبارها كأن لم تكن» أو بعدم قبولها لعدم تحريرها؛ فتفرض تكاليف قضائية إضافية في حال نظرها مجدداً بما يعادل نسبة(/59؟)
من تكاليف نظر الدعوى في المرة الأولى» ويتحمل المدعي التكاليف الإضافية لنظرها ولو حكم لصالحه في موضوعالدعوى.",False
Q012,informal,لو طلبت إبطال حكم تحكيم وانرفض، كم تكون التكاليف؟,4,0.016129,نظام التحكيم,المادة الثامنةوالأربعون,"المادة الثامنةوالأربعون
-١ يجوز لكل من طرفي التحكيم ولو بعد انتهاء ميعاد التحكيم » أن يطلب من هيئة التحكيم خلال الثلاثين يوماً التالية لتسلمه حكم التحكيم ؛ إصدار حكم تحكيم إضافي في طلباتقدمت
خلال الإجراءات وأغفلها حكم التحكيم. ويجب إبلاغ الطرف الآخر على عنوانه الموضح في حكم التحكيم بهذا الطلب قبل تقديمه لهيئةالتحكيم.
-١ تصدر هيئة التحكيم حكمها خلال ستين يوماً من تاريخ تقديم الطلب » ويجوز لها مد هذا الميعاد ثلاثين يومأً أخرى إذا رأت ضرورةلذلك.
انافمو
الباب السادس بطلان حكمالتحكيم",False
Q012,informal,لو طلبت إبطال حكم تحكيم وانرفض، كم تكون التكاليف؟,5,0.015873,اللائحة التنفيذية لنظام التكاليف القضائية,المادة السادسة,"المادة السادسة
تُقدّر التكاليف القضائية للطلبات الواردة في المادة (السابعة) من النظام على النحوالآتي:
-١ طلب التماس إعادة النظر؛ عشرة آلافربإل.
-١ طلب النقض؛ سبعة آلافربال.
""- طلب الاستئناف؛ خمسة آلافربإل.
3 - طلب الإدخال من الخصومء» وطلب الردء وطلب تصحيح الحكم أو تفسيره» وطلب وقف تنفيذ الحكم ألفاربال.
5- الطلب العارض؛ ألفربال.
5- طلب أحد الخصوم السير في الدعوى الموقوفة اتفاقاً قبل انتهاء المدة المتفق عليها لوقف الخصومة؛ مائةربال.",False
Q012,informal,لو طلبت إبطال حكم تحكيم وانرفض، كم تكون التكاليف؟,6,0.015873,نظام المعاملات المدنية,المادة التاسعةوالسبعون,"المادة التاسعةوالسبعون
-١ لا تسمع دعوى إبطال العقد إذا انقضت (سنة) من تاريخ العلم بسبب الإبطال» وإذا كان إبطال العقد لنقص الأهلية أو الإكراه فبانقضاء (سنة) منتاريخ
اكتمال الأهلية أو زوالالإكراه.
-١ فيما عدا حال نقص الأهلية» لا تسمع دعوى إبطال العقد إذا انقضت (عشر) سنوات من تاريخالتعاقد.
-١ لا تسمع دعوى إبطال العقد إذا انقضت (سنة) من تاريخ العلم بسبب الإبطال؛ وإذا كان إيطال العقد لنقص الأهلية أو الإكراه فبانقضاء (سنة) من تاريخ اكتمال الأهلية أوزوال
الإكراه,
؟- فيما عدا حال نقص الأهلية» لا تسمع دعوى إبطال العقد إذا انقضت (عشر) سنوات من تاريخالتعاقد.",False
Q012,informal,لو طلبت إبطال حكم تحكيم وانرفض، كم تكون التكاليف؟,7,0.015625,نظام التكاليف القضائية,المادة الثامنة,"المادة الثامنة
١.تُقرض على الطلبات الآتية تكاليف قضائية بمبلغ لا يزيد على ألف ريال وفقاً للمعايير والضوابط وقواعد التقدير التي تحددهااللائحة:
أ- طلب ذي المصلحة تسليمه نسخة مصدقة من أوراق الدعوى أو سجلاتها -الورقية أو الإلكترونية- أو الوثائق أو الأوراق التي تحت يدالمحكمة.
ب- طلب ذي المصلحة الاطلاع على أوراق الدعوى أو سجلاتها (الورقية أوالإلكترونية).
ج- طلب نسخة بديلة للوثائقالقضائية.
؟. لا تسري أحكام الفقرة )١( من هذه المادة على الطلبات التي تقدم أثناء نظر الدعوى من أطرافها أو المدخلينفيها.",False
Q012,informal,لو طلبت إبطال حكم تحكيم وانرفض، كم تكون التكاليف؟,8,0.015625,نظام المعاملات المدنية,المادة التاسعة والثمانون بعدالستمائة,"المادة التاسعة والثمانون بعدالستمائة
ينتهي حق الانتفاع باتحاد صفتي المالك والمنتفع؛ ما لم تكن للمالك مصلحة في بقائه كما لو كان الشيءمرهوناً.
ينتهي حق الانتفاع باتحاد صفتي المالك والمنتفع؛ ما لم تكن للمالك مصلحة في بقائه كما لو كان الشيءمرهوناً.",False
Q012,informal,لو طلبت إبطال حكم تحكيم وانرفض، كم تكون التكاليف؟,9,0.015385,نظام التكاليف القضائية,المادة السابعة,"المادة السابعة
ثفرض على الطلبات الآتية تكاليف قضائية بمبلغ لا يزيد على عشرة آلاف ربالء وفقاً للمعايير والضوابط وقواعد التقدير التي تحددهااللائحة:
"".الطلباتالعارضة.
:.طلباتالرد.
5.طلب أحد الخصوم السير في الدعوى الموقوفة اتفاقاً قبل انتهاء المدة المتفق عليها لوقفالخصومة.
""إطلب تصحيح الحكم أوتفسيرة.
.الطلبات الأخرى التي تحددهااللائحة.",False
Q012,informal,لو طلبت إبطال حكم تحكيم وانرفض، كم تكون التكاليف؟,10,0.015385,نظام المعاملات المدنية,المادة الثانيةوالستون,"المادة الثانيةوالستون
للمغرر به طلب إبطال العقد إذا كان التغرير في أمر جوهري لولاه لم يرضبالعقد.
للمغرر به طلب إبطال العقد إذا كان التغرير في أمر جوهري لولاه لم يرضبالعقد.",False
Q013,formal_direct,ما الطلبات التي يجوز فرض تكاليف قضائية عليها بما لا يتجاوز عشرة آلاف ريال؟,1,0.032522,نظام التكاليف القضائية,المادة الثامنة,"المادة الثامنة
١.تُقرض على الطلبات الآتية تكاليف قضائية بمبلغ لا يزيد على ألف ريال وفقاً للمعايير والضوابط وقواعد التقدير التي تحددهااللائحة:
أ- طلب ذي المصلحة تسليمه نسخة مصدقة من أوراق الدعوى أو سجلاتها -الورقية أو الإلكترونية- أو الوثائق أو الأوراق التي تحت يدالمحكمة.
ب- طلب ذي المصلحة الاطلاع على أوراق الدعوى أو سجلاتها (الورقية أوالإلكترونية).
ج- طلب نسخة بديلة للوثائقالقضائية.
؟. لا تسري أحكام الفقرة )١( من هذه المادة على الطلبات التي تقدم أثناء نظر الدعوى من أطرافها أو المدخلينفيها.",False
Q013,formal_direct,ما الطلبات التي يجوز فرض تكاليف قضائية عليها بما لا يتجاوز عشرة آلاف ريال؟,2,0.032522,نظام التكاليف القضائية,المادة السابعة,"المادة السابعة
ثفرض على الطلبات الآتية تكاليف قضائية بمبلغ لا يزيد على عشرة آلاف ربالء وفقاً للمعايير والضوابط وقواعد التقدير التي تحددهااللائحة:
"".الطلباتالعارضة.
:.طلباتالرد.
5.طلب أحد الخصوم السير في الدعوى الموقوفة اتفاقاً قبل انتهاء المدة المتفق عليها لوقفالخصومة.
""إطلب تصحيح الحكم أوتفسيرة.
.الطلبات الأخرى التي تحددهااللائحة.",True
Q013,formal_direct,ما الطلبات التي يجوز فرض تكاليف قضائية عليها بما لا يتجاوز عشرة آلاف ريال؟,3,0.03055,نظام التكاليف القضائية,المادة الثالثة,"المادة الثالثة
تفرض تكاليف قضائية على الدعوى بمبلغ لا يزيد على ما نسبته (590) من قيمة المطالبة» وبحد أعلى مبلغ مليون ريال. وتحدد اللائحة معايير تقدير التكاليف القضائيةوالضوابط
والقواعد المنظمةلذلك.",False
Q013,formal_direct,ما الطلبات التي يجوز فرض تكاليف قضائية عليها بما لا يتجاوز عشرة آلاف ريال؟,4,0.015873,اللائحة التنفيذية لنظام التكاليف القضائية,المادة الثالثة,"المادة الثالثة
تقدّر التكاليف القضاتية في الدعاوى غير محددة القيمة على النحوالآتي:
-١ الدعاوى الجزائية الخاصة؛ عشرة آلافريال.
؟- الدعاوى التي تُنظر لدى المحاكم التجارية والدوائر التجارية؛ خمسة آلافرياإل.
-'٠"" الدعاوى المستعجلة أيّا كانت المحكمة أو الدائرة التي تنظرها؛ ثلاثة آلافربال.
5- الدعاوى التي تُنظر لدى المحاكم العامة؛ ثلاثة آلافريال.
5- منازعات التنفيذ؛ ثلاثة آلافربال.
""- الدعاوى التي تُنظر لدى المحاكم العمالية والدوائر العمالية؛ ألفاربال.",False
Q013,formal_direct,ما الطلبات التي يجوز فرض تكاليف قضائية عليها بما لا يتجاوز عشرة آلاف ريال؟,5,0.015873,نظام المحاكم التجارية,المادة السادسةوالعشرون,"المادة السادسةوالعشرون
للمحكمة عند تخلف أي من أطراف الدعوى عن تقديم ما طلب منه في الميعاد المحدد دون عذر؛ أن تقرر أيّا ممايأتي:
١.فرض الغرامة المنصوص عليها في الفقرة )١( من المادة (الثالثة عشرة ) من النظام» ويعد قرارها في هذا الشأننهائيًا.
”.عدم قبول الطلبات العارضة أو المقابلة من الطرف الذي تخلف عنالتقديم.",False
Q013,formal_direct,ما الطلبات التي يجوز فرض تكاليف قضائية عليها بما لا يتجاوز عشرة آلاف ريال؟,6,0.015625,قواعد تحديد أتعاب الخبراء والأمناء في نظام الإفلاس,المادة السادسة,"المادة السادسة
.١ تقدر أتعاب الأمين مقابل أداء المهمات المنصوص عليها في الفقرة )١( من المادة (الثالثة) من هذه القواعد وفقالآتي:
أ. مبلغ مقطوع لا يتجاوز (عشرة آلاف) ريال سعوديء مقابل أداء المهمة الواردة في الفقرة(أ).
ب. مبلغ مقطوع لا يتجاوز (ثلاثين ألف) ربإل سعوديء مقابل أداء المهمة الواردة في الفقرة(ب).
ج. مبلغ يقدر بناء على عدد الدائنين» وإجمالي الديون» وإجمالي قيمة الأصولء وفقاً لما هو موضح في جداول شرائح الدائنين» والديون» والأصولء مقابل أداء أي من المهماتالواردة
في الفقرتين (ج» د). ةة
د. مبلغ يقدر بناء على عدد الدائنين» وإجمالي الديون» وإجمالي قيمة الأصولء بما لا يتجاوز ما نسبته )906٠١( مما هو موضح في جداول شرائح الدائنين» والديون» والأصولءعلى
ألا يقل عن (ثلاثين ألف) ربإل سعوديء مقابل أداء المهمة الواردة في الفقرة(ه).
؟. تقدر أتعاب الخبير وفق القواعد والأعراف المعمول بها في مجالخبرته.",False
Q013,formal_direct,ما الطلبات التي يجوز فرض تكاليف قضائية عليها بما لا يتجاوز عشرة آلاف ريال؟,7,0.015385,اللائحة التنفيذية لنظام التكاليف القضائية,المادة السابعة,"المادة السابعة
تكون التكاليف القضائية لكل طلب من الطلبات الواردة في المادة (الثامنة) من النظام على النحوالآتي:
-١ طلب ذي المصلحة الاطلاع على أوراق الدعوى أو سجلاتها - الورقية أو الإلكترونيق؛ خمسونريالاً.
- طلب نسخة بديلة للوثائق القضائية؛ مائةربإل.
3 ا الات ىل اهء 3 1 جا و اك04
الفصل الثالث: التقدير النهائي للتكاليف القضائيه»وتحصيلها",False
Q013,formal_direct,ما الطلبات التي يجوز فرض تكاليف قضائية عليها بما لا يتجاوز عشرة آلاف ريال؟,8,0.015385,نظام نزع ملكية العقارات للمنفعة العامة ووضع اليد المؤقت على العقار,المادة الثالثة,"المادة الثالثة
يستحق التعويض عما يتم اقتطاعه لتحديد وتنفيذ شبكات الطرق الرئيسية أو لصالح التخطيط وفقاً لمايأتي:
أولاً: بالنسبة لما هو واقع داخل حدود حمايةالتنمية:
أ- الأراضي التي سبق أخذ النسبة النظامية التي تقتطع مجاناً منها يعوض المالك عما يقتطع منها بعدذلك.
ب - الأراضي التي سبق أخذ جزء من النسبة النظامية منها لا يعوض المالك عما يقتطع منها بعد ذلك إذا لم يتجاوز الاقتطاع السابق واللاحق النسبة النظامية»؛ وبشرط أنيكون
الباقي منها بعد الاقتطاع السابق واللاحق عشرة آلاف متر مربع فأكثرء ويعوض عن الفرق إن قلت مساحة الباقي منها عنذلك.
ج - الأراضي التي لم يسبق أخذ النسبة النظامية منها لا يعوض المالك عما يقتطع منها إذا لم يتجاوز المقتطع النسبة النظامية وبشرط أن يكون الباقي منها بعد الاقتطاع عشرة آلاف
متر مربع فأكثرء» ويعوض عن الفرق إن قلت مساحة الباقي منها عنذلك.
د - إذا طلب مالك الأرض تقسيمها أو تخطيطها وفقاً لما تفرره الأنظمة والتعليمات لا يعوض عما يقتطع منها لذلك؛ ما لم يتجاوز الاقتطاع السابق إن وجد واللاحق النسبةالنظامية
لكامل المساحة: إلا إذا كان تجاوزها قد تم بناء على طلبالمالك.
ه - إذا طلب مالك القطعة المفرزة من أرض سبق تخطيطها تقسيمها إلى قطع أصغر وتطلب ذلك فتح شارع أو أكثر لخدمتها فلا يعوض عنذلك.
و - أراضي المباني والمزارع بغض النظر عن مساحاتها يتم التعويض عن المساحات التي تقتطع منهاء كما يتم التعويض عن المباني والغرس. وفي حالة طلب مالكها تقسيمهاأو
تخطيطها وفقاً لما تفرره الأنظمة والتعليمات لا يعوض عما يقتطع منها لذلك في حدود النسبة النظامية» كما لا يعوض إذا كان تجاوزها قد تم بناء على طلبالمالك.
تانياً: بالنسبة لما هو واقع خارج حدود حمايةالتنمية:
أ- الأراضي التي لا تزيد مساحاتها على عشرة آلاف متر مربع» والمباني» والمزارع - بغض النظر عن مساحاتها - يتم التعويض عن المساحات التي تقتطع منهاء كما يتمالتعويض
عن المباني والغرس. ولا يتم التعويض عن المقتطع منها لصالح تقسيمها وفقاً لما تفرره الأنظمة والتعليمات إذا طلب المالك ذلك؛ وذلك في حدود النسبة النظامية المقررة
ن المساحات التي تقتطع منهاء كما يتمالتعويض
عن المباني والغرس. ولا يتم التعويض عن المقتطع منها لصالح تقسيمها وفقاً لما تفرره الأنظمة والتعليمات إذا طلب المالك ذلك؛ وذلك في حدود النسبة النظامية المقررة لما هوداخل
حدود حماية التنمية. ما لم يكن تجاوزها قد تم بناء على طلبالمالك.
ب - الأراضي التي تزيد مساحاتها على عشرة آلاف متر مربعء لا يتم التعويض عما يقتطع منها للطرق الرئيسية في حدود ما نسبته 90١7 من مساحاتهاء وبشرط أن يكونالباقي
منها بعد الاقتطاع عشرة آلاف متر مربع فأكثر. ويعوض عن الفرق إن قلت مساحة الباقي منها عن ذلك. وفي حالة تخطيطها وفقاً لما تقرره الأنظمة والتعليمات تطبق عليهاالفقرات
زب 2 ه من البندأولاً.
ثالثاً: بالنسبة للمدن والقرى والهجر التي لا يوجد لها حد حمايةتنمية:
تقوم وزارة الشؤون البلدية والقروية والإسكان بوضع تعليمات حول ما يتم بشأنها من حيث التخطيط والبناء فيهاء وهذه التعليمات تحدد حد حماية التنمية بالنسبة لها بحيث يبنىعليه
في التفرقة المذكورةآنفاً.",False
Q013,formal_direct,ما الطلبات التي يجوز فرض تكاليف قضائية عليها بما لا يتجاوز عشرة آلاف ريال؟,9,0.015152,نظام التكاليف القضائية,المادة الرابعة,"المادة الرابعة
إذا قررت المحكمة شطب الدعوىء أو حكمت باعتبارها كأن لم تكن» أو بعدم قبولها لعدم تحريرها؛ فتفرض تكاليف قضائية إضافية في حال نظرها مجدداً بما يعادل نسبة(/59؟)
من تكاليف نظر الدعوى في المرة الأولى» ويتحمل المدعي التكاليف الإضافية لنظرها ولو حكم لصالحه في موضوعالدعوى.",False
Q013,formal_direct,ما الطلبات التي يجوز فرض تكاليف قضائية عليها بما لا يتجاوز عشرة آلاف ريال؟,10,0.014706,نظام التكاليف القضائية,المادة الخامسة,"المادة الخامسة
تُفرض على دعوى بطلان حكم التحكيم تكاليف قضائية بما نسبته )١190( من قيمة المبلغ المحكوم به على مدعي البطلان؛ إذا حكم برفض طلبه؛ وبحد أعلى مليونربال.",False
Q014,formal_paraphrase,ما التكاليف المقررة على الطلبات العارضة وطلبات الرد وتصحيح الأحكام؟,1,0.031054,نظام التكاليف القضائية,المادة السابعة,"المادة السابعة
ثفرض على الطلبات الآتية تكاليف قضائية بمبلغ لا يزيد على عشرة آلاف ربالء وفقاً للمعايير والضوابط وقواعد التقدير التي تحددهااللائحة:
"".الطلباتالعارضة.
:.طلباتالرد.
5.طلب أحد الخصوم السير في الدعوى الموقوفة اتفاقاً قبل انتهاء المدة المتفق عليها لوقفالخصومة.
""إطلب تصحيح الحكم أوتفسيرة.
.الطلبات الأخرى التي تحددهااللائحة.",True
Q014,formal_paraphrase,ما التكاليف المقررة على الطلبات العارضة وطلبات الرد وتصحيح الأحكام؟,2,0.030159,اللائحة التنفيذية لنظام التكاليف القضائية,المادة السابعة,"المادة السابعة
تكون التكاليف القضائية لكل طلب من الطلبات الواردة في المادة (الثامنة) من النظام على النحوالآتي:
-١ طلب ذي المصلحة الاطلاع على أوراق الدعوى أو سجلاتها - الورقية أو الإلكترونيق؛ خمسونريالاً.
- طلب نسخة بديلة للوثائق القضائية؛ مائةربإل.
3 ا الات ىل اهء 3 1 جا و اك04
الفصل الثالث: التقدير النهائي للتكاليف القضائيه»وتحصيلها",False
Q014,formal_paraphrase,ما التكاليف المقررة على الطلبات العارضة وطلبات الرد وتصحيح الأحكام؟,3,0.029083,نظام التكاليف القضائية,المادة الثامنة,"المادة الثامنة
١.تُقرض على الطلبات الآتية تكاليف قضائية بمبلغ لا يزيد على ألف ريال وفقاً للمعايير والضوابط وقواعد التقدير التي تحددهااللائحة:
أ- طلب ذي المصلحة تسليمه نسخة مصدقة من أوراق الدعوى أو سجلاتها -الورقية أو الإلكترونية- أو الوثائق أو الأوراق التي تحت يدالمحكمة.
ب- طلب ذي المصلحة الاطلاع على أوراق الدعوى أو سجلاتها (الورقية أوالإلكترونية).
ج- طلب نسخة بديلة للوثائقالقضائية.
؟. لا تسري أحكام الفقرة )١( من هذه المادة على الطلبات التي تقدم أثناء نظر الدعوى من أطرافها أو المدخلينفيها.",False
Q014,formal_paraphrase,ما التكاليف المقررة على الطلبات العارضة وطلبات الرد وتصحيح الأحكام؟,4,0.016393,اللائحة التنفيذية لنظام التكاليف القضائية,المادة السادسة,"المادة السادسة
تُقدّر التكاليف القضائية للطلبات الواردة في المادة (السابعة) من النظام على النحوالآتي:
-١ طلب التماس إعادة النظر؛ عشرة آلافربإل.
-١ طلب النقض؛ سبعة آلافربال.
""- طلب الاستئناف؛ خمسة آلافربإل.
3 - طلب الإدخال من الخصومء» وطلب الردء وطلب تصحيح الحكم أو تفسيره» وطلب وقف تنفيذ الحكم ألفاربال.
5- الطلب العارض؛ ألفربال.
5- طلب أحد الخصوم السير في الدعوى الموقوفة اتفاقاً قبل انتهاء المدة المتفق عليها لوقف الخصومة؛ مائةربال.",False
Q014,formal_paraphrase,ما التكاليف المقررة على الطلبات العارضة وطلبات الرد وتصحيح الأحكام؟,5,0.016393,نظام المرافعات الشرعية,المادة الثانيةوالثمانون,"المادة الثانيةوالثمانون
تقدم الطلبات العارضة من المدعي أو المدعى عليه بصحيفة تبلغ للخصوم قبل يوم الجلسة وفقاً للإجراءات المعتادة لرفع الدعوىء أو بطلب يقدم شفهياً في الجلسة في حضورالخصمء
ويثبت في محضرها. ولا تقبل الطلبات العارضة بعد إقفال بابالمرافعة.",False
Q014,formal_paraphrase,ما التكاليف المقررة على الطلبات العارضة وطلبات الرد وتصحيح الأحكام؟,6,0.016129,نظام التكاليف القضائية,المادة الثالثةعشرة,"المادة الثالثةعشرة
١.يتحمل المحكوم عليه قيمة التكاليف القضائية المقررة للدعوى والطلبات المتصلة بها أو قسطأ منهاء ما لم ينص النظام أو اللائحة على غير ذلك» وذلك دون إخلال بحق ذويالشأن
في المطالبة بالتعويض. وفي حال كان المدعي غير محق في جزء من طلباته» فيتحمل قسط ذلكالجزء.
؟.إذا انتهت الدعوى بالصلح فيتحمل أطراف الدعوى التكاليف القضائية بالتساويء ما لم يتفقوا على غيرذلك.",False
Q014,formal_paraphrase,ما التكاليف المقررة على الطلبات العارضة وطلبات الرد وتصحيح الأحكام؟,7,0.015873,نظام المرافعات الشرعية,المادة الخامسةوالثمانون,"المادة الخامسةوالثمانون
تحكم المحكمة في موضوع الطلبات العارضة مع الدعوى الأصلية كلما أمكن ذلك» وإلا استبقت الطلب العارض للحكم فيه بعدتحقيقه.
الباب السابع وقف الخصومة وانقطاعهاوتركها
الفصل الأول وقفالخصومه",False
Q014,formal_paraphrase,ما التكاليف المقررة على الطلبات العارضة وطلبات الرد وتصحيح الأحكام؟,8,0.015625,نظام التكاليف القضائية,المادة الحاديةعشرة,"المادة الحاديةعشرة
تقوم الإدارة المختصة بتحديد مبلغ التكاليف القضائية للدعوى أو الطلب المقدم للمحكمة وفقاً لما يقضي به النظام واللائحة» وتبلغ به المدعي أو صاحب الطلب عند قيد الدعوىأو
الطلب. ويجوز للمدعي أو صاحب الطلب الاعتراض على هذا التحديد خلال خمسة عشر يوماً من تاريخ تبليغه أمام رئيس المحكمة أو من يفوضه من قضاتهاء ويكون قرارهنهائياً
وغير قابل للاعتراضعليه.",False
Q014,formal_paraphrase,ما التكاليف المقررة على الطلبات العارضة وطلبات الرد وتصحيح الأحكام؟,9,0.015625,اللائحة المنظمة لأعمال أعوان القضاء,المادة السادسة,"المادة السادسة
-١ لا يجوز لأعوان القضاء أن يباشروا عملاً يدخل في حدود وظائفهم في الدعاوى وطلبات الاستحكام الخاصة بهم؛ أو بأزواجهم, أو بأقاربهم: أو بأصهارهم: أو بأقاربزوجاتهم
حتى الدرجة الرابعة» وكذا الإنهاءات الأخرى إذا اشتملت على خصومة:؛ وإلا كان هذا العملباطلا.
ويسري المنع المشار إليه على جميع أعمال أعوان القضاءء ولو لم تشتمل على خصومة فيما يخصهم؛ أو أصولهم؛ أو فروعهم؛ أوأزواجهم.
""- إذا قام بأحد أعوان القضاء سبب من أسباب المنع الواردة في الفقرة )١( من هذه المادة وجب عليه التنحي» وعليه أن يخبر مرجعه المباشر -كتابة للإذن له بالتنحي» معذكر
سبب المنع وتوقيعه؛ فإن لم يتنح جاز للخصم طلبرده.
""- يجب تقديم طلب الرد قبل تقديم أي طلب أو دفاع في القضية؛ وإلا سقط الحق فيه» ما لم تر الدائرة خلاف ذلك؛ ومع ذلك يجوز طلب الرد إذا حدثت أسبابه بعد ذلك» أو إذا ثبتأن
طالب الرد كان لا يعلم بها. وفي جميع الأحوال لا يقبل طلب الرد بعد قفل بابالمرافعة.
4- يقدم طلب الرد إلى رئيس الدائرة أو من يقوم مقامه بمذكرة موقعة من طالب الردء ويجب أن تشتمل على أسباب الرد»وأن يرافقها ما يوجد من الأوراق المؤيدةللطلب.
5- يفصل رئيس الدائرة أو من يقوم مقامه في التنحي وطلب الرد خلال الأيام الأربعة التالية لطلب التنحي أو طلب الردءوله في سبيل ذلك سماع ما لدى المتنحي والمطلوبرده»
وعليه إصدار أمر بقبول التنحي أو رفضه.؛ وقبول طلب الرد أو رفضه. ويعد هذا الأمر نهائياء ويثبت هذا كله في محضر خاص يحفظ لدى الدائرة»ولا يرفق بملفالقضية.
1- إذا كانت القضية مضبوطة:» فتدون الدائرة ملخص المحضر الوارد في الفقرة (©) من هذه المادة في ضبط القضية نفسها»دون إصدار قراربذلك.",False
Q014,formal_paraphrase,ما التكاليف المقررة على الطلبات العارضة وطلبات الرد وتصحيح الأحكام؟,10,0.015385,نظام المحاكم التجارية,المادة السادسةوالعشرون,"المادة السادسةوالعشرون
للمحكمة عند تخلف أي من أطراف الدعوى عن تقديم ما طلب منه في الميعاد المحدد دون عذر؛ أن تقرر أيّا ممايأتي:
١.فرض الغرامة المنصوص عليها في الفقرة )١( من المادة (الثالثة عشرة ) من النظام» ويعد قرارها في هذا الشأننهائيًا.
”.عدم قبول الطلبات العارضة أو المقابلة من الطرف الذي تخلف عنالتقديم.",False
Q015,informal,وش الطلبات اللي ممكن رسومها توصل لعشرة آلاف؟,1,0.031099,نظام التكاليف القضائية,المادة السابعة,"المادة السابعة
ثفرض على الطلبات الآتية تكاليف قضائية بمبلغ لا يزيد على عشرة آلاف ربالء وفقاً للمعايير والضوابط وقواعد التقدير التي تحددهااللائحة:
"".الطلباتالعارضة.
:.طلباتالرد.
5.طلب أحد الخصوم السير في الدعوى الموقوفة اتفاقاً قبل انتهاء المدة المتفق عليها لوقفالخصومة.
""إطلب تصحيح الحكم أوتفسيرة.
.الطلبات الأخرى التي تحددهااللائحة.",True
Q015,informal,وش الطلبات اللي ممكن رسومها توصل لعشرة آلاف؟,2,0.029462,نظام التكاليف القضائية,المادة الثامنة,"المادة الثامنة
١.تُقرض على الطلبات الآتية تكاليف قضائية بمبلغ لا يزيد على ألف ريال وفقاً للمعايير والضوابط وقواعد التقدير التي تحددهااللائحة:
أ- طلب ذي المصلحة تسليمه نسخة مصدقة من أوراق الدعوى أو سجلاتها -الورقية أو الإلكترونية- أو الوثائق أو الأوراق التي تحت يدالمحكمة.
ب- طلب ذي المصلحة الاطلاع على أوراق الدعوى أو سجلاتها (الورقية أوالإلكترونية).
ج- طلب نسخة بديلة للوثائقالقضائية.
؟. لا تسري أحكام الفقرة )١( من هذه المادة على الطلبات التي تقدم أثناء نظر الدعوى من أطرافها أو المدخلينفيها.",False
Q015,informal,وش الطلبات اللي ممكن رسومها توصل لعشرة آلاف؟,3,0.016393,نظام المعاملات المدنية,المادة الثالثة بعدالمائتين,"المادة الثالثة بعدالمائتين
إذا تحقق الشرط استند أثره إلى الوقت الذي نشأ فيه الالتزام إلا إذا تبين من إرادة المتعاقدين أو من طبيعة العقد أن وجود الالتزام أو زواله إنما يكونفي
الوقت الذي تحقق فيه الشرط وكذا إذا كان تنفيذ الالتزام قبل تحقق الشرط غير ممكن لسبب لا يد للمدينفيه.
إذا تحقق الشرط استند أثره إلى الوقت الذي نشأ فيه الالتزام إلا إذا تبين من إرادة المتعاقدين أو من طبيعة العقد أن وجود الالتزام أو زواله إنما يكون في الوقت الذي تحقق فيهالشرط
وكذا إذا كان تنفيذ الالتزام قبل تحقق الشرط غير ممكن لسبب لا يد للمدينفيه.
الفرع الثانيالأجل",False
Q015,informal,وش الطلبات اللي ممكن رسومها توصل لعشرة آلاف؟,4,0.016129,نظام الإفلاس,المادة الرابعة بعد المائة,"المادة الرابعة بعد المائة: بيعالأصول
دون إخلال بحكم المادة (الثامنة بعد المائة) من النظام» للأمين فور افتتاح إجراء التصفية اتخاذ ما يراه مناسباً لبيع أصول التفليسة بأفضل سعر ممكن بما في ذلك بيع جميعأصول
التفليسة دفعة واحدة» على أن تودع حصيلة البيع في حساب جار يفتح لهذاالغرض.",False
Q015,informal,وش الطلبات اللي ممكن رسومها توصل لعشرة آلاف؟,5,0.015873,اللائحة التنفيذية لنظام التكاليف القضائية,المادة الثالثة,"المادة الثالثة
تقدّر التكاليف القضاتية في الدعاوى غير محددة القيمة على النحوالآتي:
-١ الدعاوى الجزائية الخاصة؛ عشرة آلافريال.
؟- الدعاوى التي تُنظر لدى المحاكم التجارية والدوائر التجارية؛ خمسة آلافرياإل.
-'٠"" الدعاوى المستعجلة أيّا كانت المحكمة أو الدائرة التي تنظرها؛ ثلاثة آلافربال.
5- الدعاوى التي تُنظر لدى المحاكم العامة؛ ثلاثة آلافريال.
5- منازعات التنفيذ؛ ثلاثة آلافربال.
""- الدعاوى التي تُنظر لدى المحاكم العمالية والدوائر العمالية؛ ألفاربال.",False
Q015,informal,وش الطلبات اللي ممكن رسومها توصل لعشرة آلاف؟,6,0.015873,نظام الإثبات,المادة الثالثةوالسبعون,"المادة الثالثةوالسبعون
إذا طلب أحد الخصوم إمهاله لإحضار شهوده فيمهل مرة واحدة» فإذا لم يحضرهم في الموعد المحدد بغير عذر تقبله المحكمة أو أحضر منهم من لم توصل شهادته؛ فعلى المحكمةأن
تفصل فيالخصومة.",False
Q015,informal,وش الطلبات اللي ممكن رسومها توصل لعشرة آلاف؟,7,0.015625,اللائحة التنفيذية لنظام التكاليف القضائية,المادة السادسة,"المادة السادسة
تُقدّر التكاليف القضائية للطلبات الواردة في المادة (السابعة) من النظام على النحوالآتي:
-١ طلب التماس إعادة النظر؛ عشرة آلافربإل.
-١ طلب النقض؛ سبعة آلافربال.
""- طلب الاستئناف؛ خمسة آلافربإل.
3 - طلب الإدخال من الخصومء» وطلب الردء وطلب تصحيح الحكم أو تفسيره» وطلب وقف تنفيذ الحكم ألفاربال.
5- الطلب العارض؛ ألفربال.
5- طلب أحد الخصوم السير في الدعوى الموقوفة اتفاقاً قبل انتهاء المدة المتفق عليها لوقف الخصومة؛ مائةربال.",False
Q015,informal,وش الطلبات اللي ممكن رسومها توصل لعشرة آلاف؟,8,0.015625,اللائحة التنفيذية لنظام المحاكم التجارية,المادة الحادية والستون,"المادة الحادية والستون : المصالحة بعدالقيد
إذا توصل الأطراف إلى المصالحة أو التسوية بعد قيد القضية» أثبت ما اتفقوا عليه في محضر صلحء يوقع من الخصوم ومن الموظف المختصء ويذيل بالصيغةالتنفيذية.",False
Q015,informal,وش الطلبات اللي ممكن رسومها توصل لعشرة آلاف؟,9,0.015385,اللائحة التنفيذية لنظام المحاكم التجارية,المادة الثالثة عشرة بعد المائة,"المادة الثالثة عشرة بعد المائة: أحكام خاصة ببعض الطلباتالمستعجلة
يجب أن يرافق طلب المنع من السفر تقديم ضمان نقدي لا يقل عن 9,7 من قيمة المطالبة الأصلية» وللمحكمة - عند الاقتضاء - طلب تقديم ضمانإضافي.",False
Q015,informal,وش الطلبات اللي ممكن رسومها توصل لعشرة آلاف؟,10,0.015385,نظام الإفلاس,المادة الثانية والأربعون بعد المائة,"المادة الثانية والأربعون بعد المائة:الهدف
يهدف إجراء إعادة التنظيم المالي لصغار المدينين إلى تيسير توصل المدين الصغير إلى اتفاق مع دائنيه لإعادة التنظيم المالي لنشاطه خلال فترة معقولة عبر إجراءات يسيرةبتكلفة
منخفضة وكفاية عالية» وذلك تحت إشرافالأمين.",False
Q016,formal_direct,ما التكاليف القضائية المتعلقة بطلب نسخ أو الاطلاع على أوراق الدعوى؟,1,0.032787,اللائحة التنفيذية لنظام التكاليف القضائية,المادة السابعة,"المادة السابعة
تكون التكاليف القضائية لكل طلب من الطلبات الواردة في المادة (الثامنة) من النظام على النحوالآتي:
-١ طلب ذي المصلحة الاطلاع على أوراق الدعوى أو سجلاتها - الورقية أو الإلكترونيق؛ خمسونريالاً.
- طلب نسخة بديلة للوثائق القضائية؛ مائةربإل.
3 ا الات ىل اهء 3 1 جا و اك04
الفصل الثالث: التقدير النهائي للتكاليف القضائيه»وتحصيلها",False
Q016,formal_direct,ما التكاليف القضائية المتعلقة بطلب نسخ أو الاطلاع على أوراق الدعوى؟,2,0.032002,نظام التكاليف القضائية,المادة الثامنة,"المادة الثامنة
١.تُقرض على الطلبات الآتية تكاليف قضائية بمبلغ لا يزيد على ألف ريال وفقاً للمعايير والضوابط وقواعد التقدير التي تحددهااللائحة:
أ- طلب ذي المصلحة تسليمه نسخة مصدقة من أوراق الدعوى أو سجلاتها -الورقية أو الإلكترونية- أو الوثائق أو الأوراق التي تحت يدالمحكمة.
ب- طلب ذي المصلحة الاطلاع على أوراق الدعوى أو سجلاتها (الورقية أوالإلكترونية).
ج- طلب نسخة بديلة للوثائقالقضائية.
؟. لا تسري أحكام الفقرة )١( من هذه المادة على الطلبات التي تقدم أثناء نظر الدعوى من أطرافها أو المدخلينفيها.",True
Q016,formal_direct,ما التكاليف القضائية المتعلقة بطلب نسخ أو الاطلاع على أوراق الدعوى؟,3,0.016129,اللائحة التنفيذية لنظام المحاكم التجارية,المادة التاسعة والأربعون,"المادة التاسعة والأربعون : إتاحة اطلاع العموم على بيانات الدعاوىالتجارية
يشمل الاطلاع على أوراق القضية الاطلاع على نسخ الأحكام والقرارات الصادرةفيها.",False
Q016,formal_direct,ما التكاليف القضائية المتعلقة بطلب نسخ أو الاطلاع على أوراق الدعوى؟,4,0.015873,اللائحة التنفيذية لنظام التكاليف القضائية,المادة السادسة,"المادة السادسة
تُقدّر التكاليف القضائية للطلبات الواردة في المادة (السابعة) من النظام على النحوالآتي:
-١ طلب التماس إعادة النظر؛ عشرة آلافربإل.
-١ طلب النقض؛ سبعة آلافربال.
""- طلب الاستئناف؛ خمسة آلافربإل.
3 - طلب الإدخال من الخصومء» وطلب الردء وطلب تصحيح الحكم أو تفسيره» وطلب وقف تنفيذ الحكم ألفاربال.
5- الطلب العارض؛ ألفربال.
5- طلب أحد الخصوم السير في الدعوى الموقوفة اتفاقاً قبل انتهاء المدة المتفق عليها لوقف الخصومة؛ مائةربال.",False
Q016,formal_direct,ما التكاليف القضائية المتعلقة بطلب نسخ أو الاطلاع على أوراق الدعوى؟,5,0.015625,نظام التكاليف القضائية,المادة السابعة,"المادة السابعة
ثفرض على الطلبات الآتية تكاليف قضائية بمبلغ لا يزيد على عشرة آلاف ربالء وفقاً للمعايير والضوابط وقواعد التقدير التي تحددهااللائحة:
"".الطلباتالعارضة.
:.طلباتالرد.
5.طلب أحد الخصوم السير في الدعوى الموقوفة اتفاقاً قبل انتهاء المدة المتفق عليها لوقفالخصومة.
""إطلب تصحيح الحكم أوتفسيرة.
.الطلبات الأخرى التي تحددهااللائحة.",False
Q016,formal_direct,ما التكاليف القضائية المتعلقة بطلب نسخ أو الاطلاع على أوراق الدعوى؟,6,0.015625,اللائحة التنفيذية لنظام التكاليف القضائية,المادة الخامسة,"المادة الخامسة
تقدّر التكاليف القضائية لطلب التنفيذ المباشر بمبلغ قدره خمسمائة ريال» وفيما يتعلق بباقي طلبات التنفيذ فتقدر التكاليف القضائية بنسبة اثنين في المائة (؟90) من قيمة المطالبةعلى
ألا تقل هذه التكاليف عن خمسمائة ريال ولا تزيد على عشرة آلافريال.
ويتحمل المنفذ ضده التكاليف القضائية لطلب التنفيذ ما لم يتبت أن طالب التنفيذ غير مستحق لمطالبته» فيتحمل طالب التنفيذ كامل التكاليف القضائية» وإذا كان طالب التنفيذغير
مستحق لجزء من مطالبته» فيتحمل من التكاليف القضائية بقدر هذاالجزء.",False
Q016,formal_direct,ما التكاليف القضائية المتعلقة بطلب نسخ أو الاطلاع على أوراق الدعوى؟,7,0.015385,اللائحة التنفيذية لنظام التكاليف القضائية,المادة الثالثة,"المادة الثالثة
تقدّر التكاليف القضاتية في الدعاوى غير محددة القيمة على النحوالآتي:
-١ الدعاوى الجزائية الخاصة؛ عشرة آلافريال.
؟- الدعاوى التي تُنظر لدى المحاكم التجارية والدوائر التجارية؛ خمسة آلافرياإل.
-'٠"" الدعاوى المستعجلة أيّا كانت المحكمة أو الدائرة التي تنظرها؛ ثلاثة آلافربال.
5- الدعاوى التي تُنظر لدى المحاكم العامة؛ ثلاثة آلافريال.
5- منازعات التنفيذ؛ ثلاثة آلافربال.
""- الدعاوى التي تُنظر لدى المحاكم العمالية والدوائر العمالية؛ ألفاربال.",False
Q016,formal_direct,ما التكاليف القضائية المتعلقة بطلب نسخ أو الاطلاع على أوراق الدعوى؟,8,0.015385,نظام التكاليف القضائية,المادة الثالثةعشرة,"المادة الثالثةعشرة
١.يتحمل المحكوم عليه قيمة التكاليف القضائية المقررة للدعوى والطلبات المتصلة بها أو قسطأ منهاء ما لم ينص النظام أو اللائحة على غير ذلك» وذلك دون إخلال بحق ذويالشأن
في المطالبة بالتعويض. وفي حال كان المدعي غير محق في جزء من طلباته» فيتحمل قسط ذلكالجزء.
؟.إذا انتهت الدعوى بالصلح فيتحمل أطراف الدعوى التكاليف القضائية بالتساويء ما لم يتفقوا على غيرذلك.",False
Q016,formal_direct,ما التكاليف القضائية المتعلقة بطلب نسخ أو الاطلاع على أوراق الدعوى؟,9,0.015152,اللائحة التنفيذية لنظام الإجراءات الجزائية,المادة الرابعة والسبعون بعدالمائة,"المادة الرابعة والسبعون بعدالمائة
-١ إذا وردت قضية إلى محكمة عن طريق الخطأ فلا يحول ما ورد في المادة (الخامسة) من النظام دون إحالتها إلى المحكمة أو الجهةالمعنية.
١ - إذا طلبت جهة مختصة الاطلاع على أوراق مرفوعة إلى المحكمة» أو نسخ شيء منهاء فللجهة أن تبعث من يتولى ذلك بعد إذن المحكمة» وتحتإشرافها.
- إذا صدر عفو عام أثناء نظر المحكمة لدعوى مشمولة بهذا العفو فعليها اتخاذ الإجراءات اللازمة وفقاً للأحكام المنظمةلذلك.",False
Q016,formal_direct,ما التكاليف القضائية المتعلقة بطلب نسخ أو الاطلاع على أوراق الدعوى؟,10,0.014925,نظام التكاليف القضائية,المادة التاسعة,"المادة التاسعة
إذا ترتب على الطلب تغير في تقدير قيمة الدعوى سواء بالزيادة أو النقص» فتُحسب التكاليف القضائية للدعوى بناء على تقدير القيمة الجديدة لهاء وذلك مع عدم الإخلالبالتكاليف
القضائية المحددة للطلبذاته.",False
Q017,formal_paraphrase,هل تفرض تكاليف على الحصول على نسخة مصدقة من مستندات القضية؟,1,0.032522,نظام التكاليف القضائية,المادة الثامنة,"المادة الثامنة
١.تُقرض على الطلبات الآتية تكاليف قضائية بمبلغ لا يزيد على ألف ريال وفقاً للمعايير والضوابط وقواعد التقدير التي تحددهااللائحة:
أ- طلب ذي المصلحة تسليمه نسخة مصدقة من أوراق الدعوى أو سجلاتها -الورقية أو الإلكترونية- أو الوثائق أو الأوراق التي تحت يدالمحكمة.
ب- طلب ذي المصلحة الاطلاع على أوراق الدعوى أو سجلاتها (الورقية أوالإلكترونية).
ج- طلب نسخة بديلة للوثائقالقضائية.
؟. لا تسري أحكام الفقرة )١( من هذه المادة على الطلبات التي تقدم أثناء نظر الدعوى من أطرافها أو المدخلينفيها.",True
Q017,formal_paraphrase,هل تفرض تكاليف على الحصول على نسخة مصدقة من مستندات القضية؟,2,0.028373,نظام التكاليف القضائية,المادة الرابعة,"المادة الرابعة
إذا قررت المحكمة شطب الدعوىء أو حكمت باعتبارها كأن لم تكن» أو بعدم قبولها لعدم تحريرها؛ فتفرض تكاليف قضائية إضافية في حال نظرها مجدداً بما يعادل نسبة(/59؟)
من تكاليف نظر الدعوى في المرة الأولى» ويتحمل المدعي التكاليف الإضافية لنظرها ولو حكم لصالحه في موضوعالدعوى.",False
Q017,formal_paraphrase,هل تفرض تكاليف على الحصول على نسخة مصدقة من مستندات القضية؟,3,0.016393,اللائحة التنفيذية لنظام التكاليف القضائية,المادة السابعة,"المادة السابعة
تكون التكاليف القضائية لكل طلب من الطلبات الواردة في المادة (الثامنة) من النظام على النحوالآتي:
-١ طلب ذي المصلحة الاطلاع على أوراق الدعوى أو سجلاتها - الورقية أو الإلكترونيق؛ خمسونريالاً.
- طلب نسخة بديلة للوثائق القضائية؛ مائةربإل.
3 ا الات ىل اهء 3 1 جا و اك04
الفصل الثالث: التقدير النهائي للتكاليف القضائيه»وتحصيلها",False
Q017,formal_paraphrase,هل تفرض تكاليف على الحصول على نسخة مصدقة من مستندات القضية؟,4,0.016129,نظام التكاليف القضائية,المادة الثالثة,"المادة الثالثة
تفرض تكاليف قضائية على الدعوى بمبلغ لا يزيد على ما نسبته (590) من قيمة المطالبة» وبحد أعلى مبلغ مليون ريال. وتحدد اللائحة معايير تقدير التكاليف القضائيةوالضوابط
والقواعد المنظمةلذلك.",False
Q017,formal_paraphrase,هل تفرض تكاليف على الحصول على نسخة مصدقة من مستندات القضية؟,5,0.015873,نظام التكاليف القضائية,المادة السادسة,"المادة السادسة
دون إخلال بما ورد في المادتين (السابعة) و(الثامنة) منالنظام:
١.تفرض تكاليف قضائية مستقلة على دعوى الخصم المتدخل طالباً الحكملنفسه.
"".في حال تعدد المدعين أو المدعى عليهم في الدعوىء يتحمل كل منهم التكاليف القضائية بقدر قسطه منالمطالبة.",False
Q017,formal_paraphrase,هل تفرض تكاليف على الحصول على نسخة مصدقة من مستندات القضية؟,6,0.015625,نظام التكاليف القضائية,المادة الثالثةعشرة,"المادة الثالثةعشرة
١.يتحمل المحكوم عليه قيمة التكاليف القضائية المقررة للدعوى والطلبات المتصلة بها أو قسطأ منهاء ما لم ينص النظام أو اللائحة على غير ذلك» وذلك دون إخلال بحق ذويالشأن
في المطالبة بالتعويض. وفي حال كان المدعي غير محق في جزء من طلباته» فيتحمل قسط ذلكالجزء.
؟.إذا انتهت الدعوى بالصلح فيتحمل أطراف الدعوى التكاليف القضائية بالتساويء ما لم يتفقوا على غيرذلك.",False
Q017,formal_paraphrase,هل تفرض تكاليف على الحصول على نسخة مصدقة من مستندات القضية؟,7,0.015625,نظام المرافعات الشرعية,المادة التاسعة والأربعون بعد المائة|ملغاة,"المادة التاسعة والأربعون بعد المائة|ملغاة
يجوز للمحكمة - من تلقاء نفسها أو بناء على طلب أحد الخصوم عند الاقتضاء- أن تأمر بمايأتي:
-١ جلب مستندات أو أوراق من الأجهزة الحكومية في المملكة أو صور مصدقة منها بما يفيد مطابقتها لأصلها إذا تعذر ذلك على الخصم.ء ويبين لالمحكمة محتوى تلك المستنداتإن
أمكن ووجه انتفاعهبها.
؟- إدخال الغير لإلزامه بتقديم مستندات أو أوراق تحت يده؛ وللمحكمة أن ترفض ذلك إذا كان لمن أحرزها مصلحة مشروعة في الامتناع عنعرضها.",False
Q017,formal_paraphrase,هل تفرض تكاليف على الحصول على نسخة مصدقة من مستندات القضية؟,8,0.015385,لائحة الوثائق القضائية,المادة الثانيةعشرة,"المادة الثانيةعشرة
يضم ضبط كل جلسة إلى ملف القضية فوراعتماده.
الفصل الرابعالصك
الثالثةعشرة
يدون كل حكم في صك مستقلء ويعتمد الصك بتوقيعه من قضاة الدائرة الذين اشتركوا في الحكمء ثم يختم بالختم الرسميللدائرة.
الرابعةعشرة
إذا تعذر توقيع نسخة الصك الأصلية من قاضي الدائرة الفرد» أو من أحد قضاة الدائرة الذين اشتركوا في الحكم» وكان الحكم مدوناً في الضبطهء وموقعاً من القاضي الفرد أوالقضاة
الذين اشتركوا في الحكمء فتوقع نسخة الصك الأصلية من القاضي المكلف بالعمل في الدائرة بدلاً عمن تعذر توقيعه» ويشار إلى ذلك فيالضبط.
الخامسةعشرة
إذا وقع الصك فلا يجوز تصحيحه إلا وفقاً لما ورد في المادتين »)١17١( (177) من نظام المرافعاتالشرعية.
السادسةعشرة
يذيل الصك بما يفيد نقض الحكم؛ أو اكتسابه الصفة النهائية» أوتصحيحه.
السابعةعشرة
يودع أصل صك الحكم في ملف القضية؛ ويوقع الموظف المختص في المحكمة الصورة غير التنفيذية من الصك, وتختم بمطابقتها لأصلهاء وتسلم لمن يطلبها من ذويالشأن»
ويجوز تسليمها لغيرهم ممن له مصلحة بإِذنٍ من رئيسالمحكمة.
الثامنةعشرة
تذيّل صورة الصك التي يكون التنفيذ بموجبها بالصيغة التنفيذية» ويوقعها الموظف المختص في المحكمة» وتختم بمطابقتها لأصلهاء ولا تسلم إلا إلى طرف الدعوى الذي لهمصلحة
في تنفيذالحكم.
التاسعةعشرة
١-إذا امتنعت الجهة المختصة في المحكمة عن تسليم الصورة التنفيذية للصكء جاز لطالبها الاعتراض على ذلك بعريضة تقدم إلى رئيس المحكمة ليفصلفيه.
""-لا تسلم صورة تنفيذية ثانية للصك لمن سبق أن تسلمها إلا في حالة فقد الصورة التنفيذية الأولى؛ ولطالبها أن يعترض على عدم التسليم وفقاً لما ورد في الفقرة )١( من هذهالمادة .
٠ ٠ 4 2 هو 4#الله
الفصل الخامس ملف الوثائقالقضائيه",False
Q017,formal_paraphrase,هل تفرض تكاليف على الحصول على نسخة مصدقة من مستندات القضية؟,9,0.015385,القواعد الخاصة بتنظيم شؤون الخبرة أمام المحاكم,المادة الثالثةعشرة,"المادة الثالثةعشرة
يقدم طلب الترخيص للشخص ذي الصفة الاعتبارية وفق النموذج الذي تعده الوحدة؛ مرافقاً لهالآتي:
-١ نسخة من عقد التأسيس» ونسخة من شهادةالتسجيل.
-١ نسخة من ترخيص من يتولى أعمالالخبرة.
""- وثيقةالتأمين.
5- أي مستندات أخرى تقررهاالوحدة.",False
Q017,formal_paraphrase,هل تفرض تكاليف على الحصول على نسخة مصدقة من مستندات القضية؟,10,0.015152,اللائحة التنفيذية لنظام الإجراءات الجزائية,المادة الحادية والخمسون بعدالمائة,"المادة الحادية والخمسون بعدالمائة
إذا صدر الحكم في دعوى اشتملت على حقّ عام وحيٌّ خاصّ واكتسب الحكم الصفة القطعية في أحدهما دون الآخرء أو صدر الحكم في دعوى واكتسب صفة القطعية في بعضهدون
بعض. فتُبِععثُ نسخة مصدقة من الحكم إلى جهة التنفيذ لتنفيذ ما اكتسب منه صفةالقطعية.",False
Q018,informal,إذا أبي نسخة من أوراق القضية أو أطلع عليها، فيه رسوم؟,1,0.032266,نظام التكاليف القضائية,المادة الثامنة,"المادة الثامنة
١.تُقرض على الطلبات الآتية تكاليف قضائية بمبلغ لا يزيد على ألف ريال وفقاً للمعايير والضوابط وقواعد التقدير التي تحددهااللائحة:
أ- طلب ذي المصلحة تسليمه نسخة مصدقة من أوراق الدعوى أو سجلاتها -الورقية أو الإلكترونية- أو الوثائق أو الأوراق التي تحت يدالمحكمة.
ب- طلب ذي المصلحة الاطلاع على أوراق الدعوى أو سجلاتها (الورقية أوالإلكترونية).
ج- طلب نسخة بديلة للوثائقالقضائية.
؟. لا تسري أحكام الفقرة )١( من هذه المادة على الطلبات التي تقدم أثناء نظر الدعوى من أطرافها أو المدخلينفيها.",True
Q018,informal,إذا أبي نسخة من أوراق القضية أو أطلع عليها، فيه رسوم؟,2,0.032018,اللائحة التنفيذية لنظام التكاليف القضائية,المادة السابعة,"المادة السابعة
تكون التكاليف القضائية لكل طلب من الطلبات الواردة في المادة (الثامنة) من النظام على النحوالآتي:
-١ طلب ذي المصلحة الاطلاع على أوراق الدعوى أو سجلاتها - الورقية أو الإلكترونيق؛ خمسونريالاً.
- طلب نسخة بديلة للوثائق القضائية؛ مائةربإل.
3 ا الات ىل اهء 3 1 جا و اك04
الفصل الثالث: التقدير النهائي للتكاليف القضائيه»وتحصيلها",False
Q018,informal,إذا أبي نسخة من أوراق القضية أو أطلع عليها، فيه رسوم؟,3,0.016129,نظام التكاليف القضائية,المادة الرابعة,"المادة الرابعة
إذا قررت المحكمة شطب الدعوىء أو حكمت باعتبارها كأن لم تكن» أو بعدم قبولها لعدم تحريرها؛ فتفرض تكاليف قضائية إضافية في حال نظرها مجدداً بما يعادل نسبة(/59؟)
من تكاليف نظر الدعوى في المرة الأولى» ويتحمل المدعي التكاليف الإضافية لنظرها ولو حكم لصالحه في موضوعالدعوى.",False
Q018,informal,إذا أبي نسخة من أوراق القضية أو أطلع عليها، فيه رسوم؟,4,0.016129,اللائحة التنفيذية لنظام المحاكم التجارية,المادة الحادية والسبعون بعد المائة,"المادة الحادية والسبعون بعد المائة: نسخةالحكم
يجوز أن تحيل المحكمة في عرض الوقائع في نسخة الحكم إلى ملف القضية» وفق الضوابطالآتية:
أ- أن تكون الإحالة بناءً على تقرير معد من الإدارةالمختصة.
ب - أن تراعي العناصر الرئيسية الأخرى فيالحكم.
ج - أن يكون ذلك في القضايا الكبرى التي يصعب عرض مجملوقائعها.
د - أن يتاح الاطلاع على ملف القضية بأي وسيلةإلكترونية.
ه - أن ينص في نسخة الحكم على الإحالة في عرض الوقائع إلى ملف القضية ووسيلة الاطلاععليه.",False
Q018,informal,إذا أبي نسخة من أوراق القضية أو أطلع عليها، فيه رسوم؟,5,0.015873,اللائحة التنفيذية لنظام المحاكم التجارية,المادة الثالثة والسبعون بعد المائة,"المادة الثالثة والسبعون بعد المائة: نسخةالحكم
تبعث الدائرة ملف القضية بعد توقيع نسخة الحكم إلى الإدارة المختصة؛ لإكمال إجراءات تسليم صورة نسخة الحكم والاعتراض عليه وتذييله بالصيغةالتنفيذية.",False
Q018,informal,إذا أبي نسخة من أوراق القضية أو أطلع عليها، فيه رسوم؟,6,0.015625,نظام التوثيق,المادة الرابعةوالخمسون,"المادة الرابعةوالخمسون
١.يجوز تحصيل رسوم عن أي من أعمال التوثيق التي يقوم بها كاتب العدل» ويحدد -بقرار من مجلس الوزراء بناء على اقتراح من الوزير- مقدار هذه الرسوم» وحالاتتأجيل
تحصيلهاء أو إيقافهاء أو عدمتطبيقها.
"".تحدد اللائحة مقابلاً مالياً لا يقل عن مائة ربال ولا يزيد على خمسة آلاف ربال عن أي من أعمال التوثيق التي يقوم بها المرخصله.
"".لمجلس الوزراء تعديل الحد الأعلى للمقابل المالي المشار إليه في الفقرة )١( من هذهالمادة .",False
Q018,informal,إذا أبي نسخة من أوراق القضية أو أطلع عليها، فيه رسوم؟,7,0.015385,اللائحة التنفيذية لنظام التكاليف القضائية,المادة السادسة,"المادة السادسة
تُقدّر التكاليف القضائية للطلبات الواردة في المادة (السابعة) من النظام على النحوالآتي:
-١ طلب التماس إعادة النظر؛ عشرة آلافربإل.
-١ طلب النقض؛ سبعة آلافربال.
""- طلب الاستئناف؛ خمسة آلافربإل.
3 - طلب الإدخال من الخصومء» وطلب الردء وطلب تصحيح الحكم أو تفسيره» وطلب وقف تنفيذ الحكم ألفاربال.
5- الطلب العارض؛ ألفربال.
5- طلب أحد الخصوم السير في الدعوى الموقوفة اتفاقاً قبل انتهاء المدة المتفق عليها لوقف الخصومة؛ مائةربال.",False
Q018,informal,إذا أبي نسخة من أوراق القضية أو أطلع عليها، فيه رسوم؟,8,0.015385,اللائحة التنفيذية لنظام المحاكم التجارية,المادة التاسعة والأربعون,"المادة التاسعة والأربعون : إتاحة اطلاع العموم على بيانات الدعاوىالتجارية
يشمل الاطلاع على أوراق القضية الاطلاع على نسخ الأحكام والقرارات الصادرةفيها.",False
Q018,informal,إذا أبي نسخة من أوراق القضية أو أطلع عليها، فيه رسوم؟,9,0.015152,نظام المرافعات الشرعية,المادة التاسعة والأربعون بعد المائة|ملغاة,"المادة التاسعة والأربعون بعد المائة|ملغاة
يجوز للمحكمة - من تلقاء نفسها أو بناء على طلب أحد الخصوم عند الاقتضاء- أن تأمر بمايأتي:
-١ جلب مستندات أو أوراق من الأجهزة الحكومية في المملكة أو صور مصدقة منها بما يفيد مطابقتها لأصلها إذا تعذر ذلك على الخصم.ء ويبين لالمحكمة محتوى تلك المستنداتإن
أمكن ووجه انتفاعهبها.
؟- إدخال الغير لإلزامه بتقديم مستندات أو أوراق تحت يده؛ وللمحكمة أن ترفض ذلك إذا كان لمن أحرزها مصلحة مشروعة في الامتناع عنعرضها.",False
Q018,informal,إذا أبي نسخة من أوراق القضية أو أطلع عليها، فيه رسوم؟,10,0.014925,الأدلة الإجرائية لنظام الإثبات,المادة السادسةعشرة,"المادة السادسةعشرة
فيما لم يرد فيه نصّ خاص؛ يجب عند تقديم أي دليل من أدلة الإثبات للمحكمة» إرفاق نسخة واضحة من الدليل -إذا كانت طبيعته تسمح بذلك- مرفقاً به مذكرة يبين فيهاالآتي:
أ- نوع الدليل»وبياناته.
ب- صلته بالدعوىء وأثرهفيها.",False
Q019,formal_direct,كيف تتأثر التكاليف القضائية عند تغير قيمة الدعوى؟,1,0.032787,نظام التكاليف القضائية,المادة التاسعة,"المادة التاسعة
إذا ترتب على الطلب تغير في تقدير قيمة الدعوى سواء بالزيادة أو النقص» فتُحسب التكاليف القضائية للدعوى بناء على تقدير القيمة الجديدة لهاء وذلك مع عدم الإخلالبالتكاليف
القضائية المحددة للطلبذاته.",True
Q019,formal_direct,كيف تتأثر التكاليف القضائية عند تغير قيمة الدعوى؟,2,0.031514,اللائحة التنفيذية لنظام التكاليف القضائية,المادة الثانية,"المادة الثانية
-١ مع مراعاة ما تقضي به المادة (الثالثة) من النظامء تُقدّر التكاليف القضائية للدعوى المحددة القيمة؛ على أساس نسبة من قيمة المطالبة فيهاء وذلك على النحوالآتي:
3 نسبة (9/05) إذا كانت قيمة المطالبة أقل من مائة ألفربال.
ب- نسبة (905) إذا كانت قيمة المطالبة مائة ألف ربإل فأكثرء وتقل عن خمسمائة ألفربال.
ج- نسبة (907) إذا كانت قيمة المطالبة خمسمائة ألف ريال فأكثرء وتقل عن مليونربال.
د- نسبة (907) إذا كانت قيمة المطالبة مليون ربإلفأعلى.
؟- تُحدد قيمة المطالبة على النحوالآتي:
أ- فيما يتعلق بالدعاوى المالية» تحدد على أساس المبلغ الذي يطلب المدعي الحكمبه.
اب- في الدعاوى المتعلقة بإثنبات صحة عقد أو فسخه أو إبطاله أو الإلزام بتنفيذه» تُحدد على أساس قيمة الشسيء المتنازع عليه وفقاً لقيمته المحددة فيالعقد.
ج- في الدعاوى المتعلقة بمنازعات ملكية عقار؛ تُحدد على أساس قيمة العقار عند رفع الدعوىء وتُحدد قيمة العقار بناء على البيانات التاريخية - الموثقة لدى وزارة العدل -لقيمة
مبايعات هذا العقار والعقارات المجاورة له» ونحو ذلك من الوسائل الأخرى التي ثُمكن الوزارة من تحليلقيمته.",False
Q019,formal_direct,كيف تتأثر التكاليف القضائية عند تغير قيمة الدعوى؟,3,0.016129,اللائحة التنفيذية لنظام التكاليف القضائية,المادة الخامسة,"المادة الخامسة
تقدّر التكاليف القضائية لطلب التنفيذ المباشر بمبلغ قدره خمسمائة ريال» وفيما يتعلق بباقي طلبات التنفيذ فتقدر التكاليف القضائية بنسبة اثنين في المائة (؟90) من قيمة المطالبةعلى
ألا تقل هذه التكاليف عن خمسمائة ريال ولا تزيد على عشرة آلافريال.
ويتحمل المنفذ ضده التكاليف القضائية لطلب التنفيذ ما لم يتبت أن طالب التنفيذ غير مستحق لمطالبته» فيتحمل طالب التنفيذ كامل التكاليف القضائية» وإذا كان طالب التنفيذغير
مستحق لجزء من مطالبته» فيتحمل من التكاليف القضائية بقدر هذاالجزء.",False
Q019,formal_direct,كيف تتأثر التكاليف القضائية عند تغير قيمة الدعوى؟,4,0.015873,نظام التكاليف القضائية,المادة الرابعة,"المادة الرابعة
إذا قررت المحكمة شطب الدعوىء أو حكمت باعتبارها كأن لم تكن» أو بعدم قبولها لعدم تحريرها؛ فتفرض تكاليف قضائية إضافية في حال نظرها مجدداً بما يعادل نسبة(/59؟)
من تكاليف نظر الدعوى في المرة الأولى» ويتحمل المدعي التكاليف الإضافية لنظرها ولو حكم لصالحه في موضوعالدعوى.",False
Q019,formal_direct,كيف تتأثر التكاليف القضائية عند تغير قيمة الدعوى؟,5,0.015873,نظام التكاليف القضائية,المادة الثالثةعشرة,"المادة الثالثةعشرة
١.يتحمل المحكوم عليه قيمة التكاليف القضائية المقررة للدعوى والطلبات المتصلة بها أو قسطأ منهاء ما لم ينص النظام أو اللائحة على غير ذلك» وذلك دون إخلال بحق ذويالشأن
في المطالبة بالتعويض. وفي حال كان المدعي غير محق في جزء من طلباته» فيتحمل قسط ذلكالجزء.
؟.إذا انتهت الدعوى بالصلح فيتحمل أطراف الدعوى التكاليف القضائية بالتساويء ما لم يتفقوا على غيرذلك.",False
Q019,formal_direct,كيف تتأثر التكاليف القضائية عند تغير قيمة الدعوى؟,6,0.015625,اللائحة التنفيذية لنظام التكاليف القضائية,المادة الثالثة,"المادة الثالثة
تقدّر التكاليف القضاتية في الدعاوى غير محددة القيمة على النحوالآتي:
-١ الدعاوى الجزائية الخاصة؛ عشرة آلافريال.
؟- الدعاوى التي تُنظر لدى المحاكم التجارية والدوائر التجارية؛ خمسة آلافرياإل.
-'٠"" الدعاوى المستعجلة أيّا كانت المحكمة أو الدائرة التي تنظرها؛ ثلاثة آلافربال.
5- الدعاوى التي تُنظر لدى المحاكم العامة؛ ثلاثة آلافريال.
5- منازعات التنفيذ؛ ثلاثة آلافربال.
""- الدعاوى التي تُنظر لدى المحاكم العمالية والدوائر العمالية؛ ألفاربال.",False
Q019,formal_direct,كيف تتأثر التكاليف القضائية عند تغير قيمة الدعوى؟,7,0.015625,نظام التكاليف القضائية,المادة الثالثة,"المادة الثالثة
تفرض تكاليف قضائية على الدعوى بمبلغ لا يزيد على ما نسبته (590) من قيمة المطالبة» وبحد أعلى مبلغ مليون ريال. وتحدد اللائحة معايير تقدير التكاليف القضائيةوالضوابط
والقواعد المنظمةلذلك.",False
Q019,formal_direct,كيف تتأثر التكاليف القضائية عند تغير قيمة الدعوى؟,8,0.015385,اللائحة التنفيذية لنظام التكاليف القضائية,المادة السادسة,"المادة السادسة
تُقدّر التكاليف القضائية للطلبات الواردة في المادة (السابعة) من النظام على النحوالآتي:
-١ طلب التماس إعادة النظر؛ عشرة آلافربإل.
-١ طلب النقض؛ سبعة آلافربال.
""- طلب الاستئناف؛ خمسة آلافربإل.
3 - طلب الإدخال من الخصومء» وطلب الردء وطلب تصحيح الحكم أو تفسيره» وطلب وقف تنفيذ الحكم ألفاربال.
5- الطلب العارض؛ ألفربال.
5- طلب أحد الخصوم السير في الدعوى الموقوفة اتفاقاً قبل انتهاء المدة المتفق عليها لوقف الخصومة؛ مائةربال.",False
Q019,formal_direct,كيف تتأثر التكاليف القضائية عند تغير قيمة الدعوى؟,9,0.015152,اللائحة التنفيذية لنظام التكاليف القضائية,المادة الثانيةعشرة,"المادة الثانيةعشرة
يكون تحصيل التكاليف القضائية وفق الأحكام النظاميةالمقررة.",False
Q019,formal_direct,كيف تتأثر التكاليف القضائية عند تغير قيمة الدعوى؟,10,0.014925,نظام التكاليف القضائية,المادة الخامسة,"المادة الخامسة
تُفرض على دعوى بطلان حكم التحكيم تكاليف قضائية بما نسبته )١190( من قيمة المبلغ المحكوم به على مدعي البطلان؛ إذا حكم برفض طلبه؛ وبحد أعلى مليونربال.",False
Q020,formal_paraphrase,كيف يعاد احتساب التكاليف عند زيادة أو نقصان قيمة المطالبة؟,1,0.032522,نظام التكاليف القضائية,المادة التاسعة,"المادة التاسعة
إذا ترتب على الطلب تغير في تقدير قيمة الدعوى سواء بالزيادة أو النقص» فتُحسب التكاليف القضائية للدعوى بناء على تقدير القيمة الجديدة لهاء وذلك مع عدم الإخلالبالتكاليف
القضائية المحددة للطلبذاته.",True
Q020,formal_paraphrase,كيف يعاد احتساب التكاليف عند زيادة أو نقصان قيمة المطالبة؟,2,0.032266,اللائحة التنفيذية لنظام التكاليف القضائية,المادة الثانية,"المادة الثانية
-١ مع مراعاة ما تقضي به المادة (الثالثة) من النظامء تُقدّر التكاليف القضائية للدعوى المحددة القيمة؛ على أساس نسبة من قيمة المطالبة فيهاء وذلك على النحوالآتي:
3 نسبة (9/05) إذا كانت قيمة المطالبة أقل من مائة ألفربال.
ب- نسبة (905) إذا كانت قيمة المطالبة مائة ألف ربإل فأكثرء وتقل عن خمسمائة ألفربال.
ج- نسبة (907) إذا كانت قيمة المطالبة خمسمائة ألف ريال فأكثرء وتقل عن مليونربال.
د- نسبة (907) إذا كانت قيمة المطالبة مليون ربإلفأعلى.
؟- تُحدد قيمة المطالبة على النحوالآتي:
أ- فيما يتعلق بالدعاوى المالية» تحدد على أساس المبلغ الذي يطلب المدعي الحكمبه.
اب- في الدعاوى المتعلقة بإثنبات صحة عقد أو فسخه أو إبطاله أو الإلزام بتنفيذه» تُحدد على أساس قيمة الشسيء المتنازع عليه وفقاً لقيمته المحددة فيالعقد.
ج- في الدعاوى المتعلقة بمنازعات ملكية عقار؛ تُحدد على أساس قيمة العقار عند رفع الدعوىء وتُحدد قيمة العقار بناء على البيانات التاريخية - الموثقة لدى وزارة العدل -لقيمة
مبايعات هذا العقار والعقارات المجاورة له» ونحو ذلك من الوسائل الأخرى التي ثُمكن الوزارة من تحليلقيمته.",False
Q020,formal_paraphrase,كيف يعاد احتساب التكاليف عند زيادة أو نقصان قيمة المطالبة؟,3,0.016129,نظام التكاليف القضائية,المادة الرابعة,"المادة الرابعة
إذا قررت المحكمة شطب الدعوىء أو حكمت باعتبارها كأن لم تكن» أو بعدم قبولها لعدم تحريرها؛ فتفرض تكاليف قضائية إضافية في حال نظرها مجدداً بما يعادل نسبة(/59؟)
من تكاليف نظر الدعوى في المرة الأولى» ويتحمل المدعي التكاليف الإضافية لنظرها ولو حكم لصالحه في موضوعالدعوى.",False
Q020,formal_paraphrase,كيف يعاد احتساب التكاليف عند زيادة أو نقصان قيمة المطالبة؟,4,0.015873,نظام المعاملات المدنية,المادة الحادية والسبعون بعدالستمائة,"المادة الحادية والسبعون بعدالستمائة
-١ إذا زاد المشتري في العقار المشفوع شيئاً من ماله أو بنى أو غرس فيه قبل إعلام الشفيع البائع والمشتري برغبته في الشفعة؛ فعلى الشفيع إذاأخذ
بالشفعة أن يدفع -تبعاً لما يختاره المشتري- مقدار ما أنفقه أو ما زاد في قيمة العقار بسبب زيادة المشتري أو بنائه أوغراسه.
-١ إذا كانت الزيادة أو البناء أو الغراس بعد الإعلام؛ فللشفيع إذا أخذ بالشفعة أن يطلب الإزالة على نفقة المشتري مع التعويض إن كان له مقتضء أوأن
يستبقي البناء أو الغراس على أن يدفع للمشتر ي ما أنفقه أو ما زاد في قيمة العقار ب بسبب زيادة ١ لمشتري أو بنائه أوغراسه.
""- إذا نقص العقار المشفوع بغير فعل المشتري أو بفعله قبل الإعلام؛ فللشفيع أخذه بكل الثمن أو تركه. ويحط عن الشفيع من ثمنه قيمة ما نقصبفعل
المشتري بعدالإعلام.
-١ إذا زاد المشتري في العقار المشفوع شيئاً من ماله أو بنى أو غرس فيه قبل إعلام الشفيع البائع والمشتري برغبته في الشفعة؛ فعلى الشفيع إذا أخذ بالشفعة أن يدفع -تبعاً لمايختاره
المشتري- مقدار ما أنفقه أو ما زاد في قيمة العقار بسبب زيادة المشتري أو بنائه أوغراسه.
؟- إذا كانت الزيادة أو البناء أو الغراس بعد الإعلام؛ فللشفيع إذا أخذ بالشفعة أن يطلب الإزالة على نفقة المشتري مع التعويض إن كان له مقتضء أو أن يستبقي البناء أو الغراسعلى
أن يدفع للمشتري ما أنفقه أو ما زاد في قيمة العقار بسبب زيادة المشتري أو بنائه أوغراسه.
إذا نقص العقار المشفوع بغير فعل المشتري أو بفعله قبل الإعلام؛ فللشفيع أخذه بكل الثمن أو تركه» ويحط عن الشفيع من ثمنه قيمة ما نقص بفعل المشتري بعدالإعلام.",False
Q020,formal_paraphrase,كيف يعاد احتساب التكاليف عند زيادة أو نقصان قيمة المطالبة؟,5,0.015625,اللائحة التنفيذية لنظام التكاليف القضائية,المادة السادسة,"المادة السادسة
تُقدّر التكاليف القضائية للطلبات الواردة في المادة (السابعة) من النظام على النحوالآتي:
-١ طلب التماس إعادة النظر؛ عشرة آلافربإل.
-١ طلب النقض؛ سبعة آلافربال.
""- طلب الاستئناف؛ خمسة آلافربإل.
3 - طلب الإدخال من الخصومء» وطلب الردء وطلب تصحيح الحكم أو تفسيره» وطلب وقف تنفيذ الحكم ألفاربال.
5- الطلب العارض؛ ألفربال.
5- طلب أحد الخصوم السير في الدعوى الموقوفة اتفاقاً قبل انتهاء المدة المتفق عليها لوقف الخصومة؛ مائةربال.",False
Q020,formal_paraphrase,كيف يعاد احتساب التكاليف عند زيادة أو نقصان قيمة المطالبة؟,6,0.015625,اللائحة التنفيذية لنظام التكاليف القضائية,المادة الخامسة,"المادة الخامسة
تقدّر التكاليف القضائية لطلب التنفيذ المباشر بمبلغ قدره خمسمائة ريال» وفيما يتعلق بباقي طلبات التنفيذ فتقدر التكاليف القضائية بنسبة اثنين في المائة (؟90) من قيمة المطالبةعلى
ألا تقل هذه التكاليف عن خمسمائة ريال ولا تزيد على عشرة آلافريال.
ويتحمل المنفذ ضده التكاليف القضائية لطلب التنفيذ ما لم يتبت أن طالب التنفيذ غير مستحق لمطالبته» فيتحمل طالب التنفيذ كامل التكاليف القضائية» وإذا كان طالب التنفيذغير
مستحق لجزء من مطالبته» فيتحمل من التكاليف القضائية بقدر هذاالجزء.",False
Q020,formal_paraphrase,كيف يعاد احتساب التكاليف عند زيادة أو نقصان قيمة المطالبة؟,7,0.015385,نظام التكاليف القضائية,المادة الثانيةعشرة,"المادة الثانيةعشرة
١.فيما عدا طلب النقض وطلب التماس إعادة النظرء لايحول عدم دفع التكاليف القضائية دون قيد المحكمة للدعوى أو قيد الطلب والبت فيهماء ويكون تحصيلها وفقاً للإجراءاتالتي
تحددهااللائحة.
؟.يُمهل طالب النقض وطالب التماس إعادة النظر مدة (ثلاثين) يوماً من تاريخ قيد الطلب لدى المحكمة المختصة لسداد التكاليف القضائية المحددة للطلب؛ فإن لم يقم بالسداد خلالهذه
المدة» تحكم المحكمة بسقوط حقه في الطلبء ويُعد الحكمنهائياً.",False
Q020,formal_paraphrase,كيف يعاد احتساب التكاليف عند زيادة أو نقصان قيمة المطالبة؟,8,0.015385,نظام التكاليف القضائية,المادة الثالثةعشرة,"المادة الثالثةعشرة
١.يتحمل المحكوم عليه قيمة التكاليف القضائية المقررة للدعوى والطلبات المتصلة بها أو قسطأ منهاء ما لم ينص النظام أو اللائحة على غير ذلك» وذلك دون إخلال بحق ذويالشأن
في المطالبة بالتعويض. وفي حال كان المدعي غير محق في جزء من طلباته» فيتحمل قسط ذلكالجزء.
؟.إذا انتهت الدعوى بالصلح فيتحمل أطراف الدعوى التكاليف القضائية بالتساويء ما لم يتفقوا على غيرذلك.",False
Q020,formal_paraphrase,كيف يعاد احتساب التكاليف عند زيادة أو نقصان قيمة المطالبة؟,9,0.015152,نظام التكاليف القضائية,المادة الثالثة,"المادة الثالثة
تفرض تكاليف قضائية على الدعوى بمبلغ لا يزيد على ما نسبته (590) من قيمة المطالبة» وبحد أعلى مبلغ مليون ريال. وتحدد اللائحة معايير تقدير التكاليف القضائيةوالضوابط
والقواعد المنظمةلذلك.",False
Q020,formal_paraphrase,كيف يعاد احتساب التكاليف عند زيادة أو نقصان قيمة المطالبة؟,10,0.014925,نظام الأحوال الشخصية,المادة الثامنة عشرة بعدالمائة,"المادة الثامنة عشرة بعدالمائة
يبدأ احتساب مدة العدة من حين وقوع الطلاق أو الخلع أو الوفاة. وفي حالات الفرقة بحكم قضائي» يبدأ احتساب مدة العدة من تاريخ صدور الحكم في حالات فسخ عقد الزواج»أو
بطلانه» وفي حالة إثبات الطلاق المتنازع فيه من تاريخ ثبوت الطلاق عند المحكمة؛ ولا تتزوج المرأة -في الحالات السابقة- إلا بعد انتهاء مدة العدة أو اكتساب الحكمالصفة
النهائية» أيهماأبعد.",False
Q021,informal,إذا تغير مبلغ المطالبة تتغير الرسوم بعد؟,1,0.031778,نظام التكاليف القضائية,المادة التاسعة,"المادة التاسعة
إذا ترتب على الطلب تغير في تقدير قيمة الدعوى سواء بالزيادة أو النقص» فتُحسب التكاليف القضائية للدعوى بناء على تقدير القيمة الجديدة لهاء وذلك مع عدم الإخلالبالتكاليف
القضائية المحددة للطلبذاته.",True
Q021,informal,إذا تغير مبلغ المطالبة تتغير الرسوم بعد؟,2,0.016393,نظام التكاليف القضائية,المادة الثالثة,"المادة الثالثة
تفرض تكاليف قضائية على الدعوى بمبلغ لا يزيد على ما نسبته (590) من قيمة المطالبة» وبحد أعلى مبلغ مليون ريال. وتحدد اللائحة معايير تقدير التكاليف القضائيةوالضوابط
والقواعد المنظمةلذلك.",False
Q021,informal,إذا تغير مبلغ المطالبة تتغير الرسوم بعد؟,3,0.016129,نظام التكاليف القضائية,المادة الثانيةعشرة,"المادة الثانيةعشرة
١.فيما عدا طلب النقض وطلب التماس إعادة النظرء لايحول عدم دفع التكاليف القضائية دون قيد المحكمة للدعوى أو قيد الطلب والبت فيهماء ويكون تحصيلها وفقاً للإجراءاتالتي
تحددهااللائحة.
؟.يُمهل طالب النقض وطالب التماس إعادة النظر مدة (ثلاثين) يوماً من تاريخ قيد الطلب لدى المحكمة المختصة لسداد التكاليف القضائية المحددة للطلب؛ فإن لم يقم بالسداد خلالهذه
المدة» تحكم المحكمة بسقوط حقه في الطلبء ويُعد الحكمنهائياً.",False
Q021,informal,إذا تغير مبلغ المطالبة تتغير الرسوم بعد؟,4,0.016129,اللائحة التنفيذية لنظام المحاكم التجارية,المادة السابعة والثلاثون بعدالمائتين,"المادة السابعة والثلاثون بعدالمائتين:
يقصد بالدعاوى اليسيرة - المنصوص عليها في الفقرة ("") من المادة الثامنة من النظام -الآتي:
أ- الدعاوى الواردة في الفقرتين )١( و(؟) من المادة السادسة عشرة من النظام إذا كانت قيمة المطالبة الأصلية لا تزيد على مليون ربال؛» عدا الدعاوى الناشئة عن مقاولاتالإنشاء.
ب - الدعاوى المقامة بناءً على الفقرتين (8) و(1) من المادة السادسة عشرة من النظام أياً كان مبلغ المطالبة فيهاء متى اتصلت بإحدى الدعاوى المنصوص عليهافي
الفقرة (أ) من هذهالمادة .",False
Q021,informal,إذا تغير مبلغ المطالبة تتغير الرسوم بعد؟,5,0.015873,نظام الأحوال الشخصية,المادة الثامنةوالأربعون,"المادة الثامنةوالأربعون
-١ مع مراعاة ما تقضي به المادة (السادسة والأربعون ) من هذا النظام» يجوز زيادة النفقة أو إنقاصها تبعاً لتغيرالأحوال.
-١ لا تُسمع دعوى زيادة النفقة أو إنقاصها قبل مضي (سنة) من تاريخ صدور الحكم بالنفقة إلا في الظروف الاستثنائية التي تقدرهاالمحكمة.
- تُحستب زيادة النفقة أو نقصانها اعتباراً من تاريخ صدورالحكم.",False
Q021,informal,إذا تغير مبلغ المطالبة تتغير الرسوم بعد؟,6,0.015873,اللائحة التنفيذية لنظام المحاكم التجارية,المادة الحادية عشرة,"المادة الحادية عشرة : الدوائر المؤلفة من قاض واحد في الدرجةالابتدائية
تؤلف دوائر ابتدائية في المحكمة من قاض واحدء وفق مايلي:
-١ دوائر لنظر الدعاوىالآتية:
أ- الدعاوى المنصوص عليها في الفقرتين )١( و(؟) من المادة السادسة عشرة من النظام إذا كانت قيمة المطالبة الأصلية لا تزيد على مليونربإل.
ب - الدعاوى المقامة بناءً على الفقرتين (8) و(1) من المادة السادسة عشرة من النظام أياً كان مبلغ المطالبة فيهاء متى اتصلت بإحدى الدعاوى المنصوص عليها في الفقرة(١/أ)
من هذهالمادة .
؟- دوائر لنظر الطلباتالآتية:
أ- الطلبات المستعجلة وفق أحكام الباب السادس منالنظام.
ب - طلب إصدار أوامر الأداء وفق أحكام الباب التاسع منالنظام.",False
Q021,informal,إذا تغير مبلغ المطالبة تتغير الرسوم بعد؟,7,0.015625,نظام التكاليف القضائية,المادة الرابعة,"المادة الرابعة
إذا قررت المحكمة شطب الدعوىء أو حكمت باعتبارها كأن لم تكن» أو بعدم قبولها لعدم تحريرها؛ فتفرض تكاليف قضائية إضافية في حال نظرها مجدداً بما يعادل نسبة(/59؟)
من تكاليف نظر الدعوى في المرة الأولى» ويتحمل المدعي التكاليف الإضافية لنظرها ولو حكم لصالحه في موضوعالدعوى.",False
Q021,informal,إذا تغير مبلغ المطالبة تتغير الرسوم بعد؟,8,0.015625,نظام المعاملات المدنية,المادة الرابعة والثمانون بعدالخمسمائة,"المادة الرابعة والثمانون بعدالخمسمائة
-١ إذا كانت الكفالة في مبلغ أكبر مما هو مستحق على المدين وبشروط أشد من المكفول فيه لم تصح إلا في قدر الدين المستحق على المدينوبشروطه.
-١ تصح الكفالة في مبلغ أقل من الدين المستحق على المدين وبشروطأخف.
-١ إذا كانت الكفالة في مبلغ أكبر مما هو مستحق على المدين وبشروط أشد من المكفول فيه لم تصح إلا في قدر الدين المستحق على المدينوبشروطه.
-١ تصح الكفالة في مبلغ أقل من الدين المستحق على المدين وبشروطأخف.
الفرع الثاني آثار عقدالكفالة",False
Q021,informal,إذا تغير مبلغ المطالبة تتغير الرسوم بعد؟,9,0.015385,اللائحة التنفيذية لنظام التكاليف القضائية,المادة السادسة,"المادة السادسة
تُقدّر التكاليف القضائية للطلبات الواردة في المادة (السابعة) من النظام على النحوالآتي:
-١ طلب التماس إعادة النظر؛ عشرة آلافربإل.
-١ طلب النقض؛ سبعة آلافربال.
""- طلب الاستئناف؛ خمسة آلافربإل.
3 - طلب الإدخال من الخصومء» وطلب الردء وطلب تصحيح الحكم أو تفسيره» وطلب وقف تنفيذ الحكم ألفاربال.
5- الطلب العارض؛ ألفربال.
5- طلب أحد الخصوم السير في الدعوى الموقوفة اتفاقاً قبل انتهاء المدة المتفق عليها لوقف الخصومة؛ مائةربال.",False
Q021,informal,إذا تغير مبلغ المطالبة تتغير الرسوم بعد؟,10,0.015152,نظام المعاملات المدنية,المادة السابعة عشرة بعدالسبعمائة,"المادة السابعة عشرة بعدالسبعمائة
لا تسمع دعوى المطالبة بحق الارتفاق إذا انقضت على عدم استعماله مدة (عشر)سنوات.
لا تسمع دعوى المطالبة بحق الارتفاق إذا انقضت على عدم استعماله مدة (عشر)سنوات.",False
Q022,formal_direct,ما الدعاوى التي يجب فيها اللجوء إلى المصالحة أو الوساطة قبل قيد الدعوى؟,1,0.032787,اللائحة التنفيذية لنظام المحاكم التجارية,المادة الثامنة والخمسون,"المادة الثامنة والخمسون : الدعاوى التي يجب فيها سبق اللجوء للمصالحةوالوساطة
يجب اللجوء إلى المصالحة والوساطة قبل قيد أي من الدعاوىالآتية:
أ- الدعاوى المنصوص عليها في الفقرة (؟) من المادة السادسة عشرة منالنظام.
ب - الدعاوى المنصوص عليها في الفقرة )١( من المادة الحادية عشرة مناللائحة.
ج - الدعاوى التي يكون أطرافها زوجين» أو تربطهم صلة قرابة إلى الدرجةالرابعة.
د - الدعاوى المتعلقة بالعقود التي تتضمن الاتفاق - كتابة - على اللجوء إلى المصالحة والوساطة والتسوية الودية قبل اللجوء إلىالقضاء.",True
Q022,formal_direct,ما الدعاوى التي يجب فيها اللجوء إلى المصالحة أو الوساطة قبل قيد الدعوى؟,2,0.032258,اللائحة التنفيذية لنظام المحاكم التجارية,المادة التاسعة والخمسون,"المادة التاسعة والخمسون : الدعاوى التي يجب فيها سبق اللجوء للمصالحةوالوساطة
-١ يتحقق سبق اللجوء إلى المصالحة بتقديم وثيقة بانتهاء المصالحة بغير صلح أو بصلح في بعض المنازعة:» أو تقديم ما يثبت البدء في إجراءات المصالحة ومضي المدة المحددةفي
الفقرة )١( من المادة الثامنة من النظام» ولا يحول قيد الدعوى دون استمرار عملية المصالحةوالوساطة.
-١ تطبق أحكام المادة الحادية والعشرين من النظام في حال عدم تقديم المدعي ما نصت عليه الفقرة )١( من هذهالمادة .",False
Q022,formal_direct,ما الدعاوى التي يجب فيها اللجوء إلى المصالحة أو الوساطة قبل قيد الدعوى؟,3,0.031498,نظام المحاكم التجارية,المادة الثامنة,"المادة الثامنة
تحدد اللائحةالآتي:
١.إجراءات المصالحة والوساطة؛ بما في ذلك الدعاوى التي يجب أن يسبق نظرّها اللجوع إلى المصالحة والوساطة؛» على ألا تزيد مدة تلك الإجراءات على (ثلاثين) يوماً منتاريخ
البدء فيهاء ما لم تتفق الأطراف على مدةأطول.
؟.إجراءات الدعاوى الجماعية» على أن تتضمن تحديدها وإجراءات نظرها والحكمفيها.
"".إجراءات الدعاوى اليسيرة» على أن تتضمن تحديدها وإجراءات نظرها والحكمفيها.",False
Q022,formal_direct,ما الدعاوى التي يجب فيها اللجوء إلى المصالحة أو الوساطة قبل قيد الدعوى؟,4,0.03101,قواعد العمل في مكاتب المصالحة وإجراءاته,المادة الثالثة عشر,"المادة الثالثة عشر: قيد المصالحةوإحالتها
١.يحال طلب المصالحة من المحاكم وفقًا للنموذج المعتمد إلى مكتب المصالحة في نفس المحكمة المرفوع لديها الدعوىء فإن لم يكن فيها مكتب مصالحة فتحال إلى مكتبالمصالحة
الذي يحددهالمركز.
"".إذا تقدم الأطراف أو أحدهم بطلب المصالحة من غير إحالة من المحكمة» فيقدم الأطراف أو أحدهم الطلب إلى المركز أو مكاتب المصالحة وفقًا للنموذج المعتمدء ويتولىالمصالحة
المكتب الذي تقدم إليه الأطراف أو الجهة التي يحددهاالمركز.
“"".يقيد طلب المصالحة يوم إحالته» ويعطى رقمًايميزه.
؟.يحيل مدير مكتب المصالحة المختص أو من يفوضه طلب المصالحة إلى المصلحين من منسوبي الوزارة أو المصلحين المسجلين مراعيًا المصلحة والتعليمات التييصدرها
المركز في هذا الشأن» ومراعيًا رغبة الأطراف ماأمكن.",False
Q022,formal_direct,ما الدعاوى التي يجب فيها اللجوء إلى المصالحة أو الوساطة قبل قيد الدعوى؟,5,0.015873,اللائحة التنفيذية لنظام المحاكم التجارية,المادة الحاديةوالسبعون,"المادة الحاديةوالسبعون :
-١ يتحقق الإخطار بقيام المدعي بإرسال البيانات الواردة في المادة السبعين من اللائحة إلى أي من عناوين المدعى عليه بأي وسيلةكانت.
-١ يعد في حكم الإخطار تقديم ما يثبت اللجوء إلى التسوية الودية أو المصالحة أو الوساطة قبل قيد الدعوى» بشرط مضي المدة المنصوص عليها في الفقرة )١( من المادة التاسعة
عشرة منالنظام.",False
Q022,formal_direct,ما الدعاوى التي يجب فيها اللجوء إلى المصالحة أو الوساطة قبل قيد الدعوى؟,6,0.015385,اللائحة التنفيذية لنظام المحاكم التجارية,المادة الستون,"المادة الستون: المصالحة بعدالقيد
للمحكمة في أي مرحلة إحالة الأطراف - بشرط موافقتهم - إلى المصالحة والوساطة» ويثبت ذلك في محضر القضية»: وتراعي في الموعد التالي مدة إجراءات المصالحةوالوساطة.",False
Q022,formal_direct,ما الدعاوى التي يجب فيها اللجوء إلى المصالحة أو الوساطة قبل قيد الدعوى؟,7,0.015152,الأدلة الإجرائية لنظام الإثبات,المادة الخامسةعشرة,"المادة الخامسةعشرة
-١ فيما لم يرد فيه نص خاص؛ يجب أن تقدم أدلة الإثبات عند رفع الدعوىء أو تقديم مذكرة الدفاع الأولى -بحسب الأحوال-» مالم تأذن المحكمة بتقديمها في موعدآخر.
-١ في الأحوال التي يجوز فيها نظاماً إجراء الإثبات قبل القيدء على من يتمسك بإجراءات الإثبات التي تمت قبل قيد الدعوى أن يقدم نسخة منها للمحكمة عند قيد الدعوىء أوتقديم
مذكرة الدفاع الأولى بحسبالأحوال.",False
Q022,formal_direct,ما الدعاوى التي يجب فيها اللجوء إلى المصالحة أو الوساطة قبل قيد الدعوى؟,8,0.014925,اللائحة التنفيذية لنظام المحاكم التجارية,المادة الحادية والستون,"المادة الحادية والستون : المصالحة بعدالقيد
إذا توصل الأطراف إلى المصالحة أو التسوية بعد قيد القضية» أثبت ما اتفقوا عليه في محضر صلحء يوقع من الخصوم ومن الموظف المختصء ويذيل بالصيغةالتنفيذية.",False
Q022,formal_direct,ما الدعاوى التي يجب فيها اللجوء إلى المصالحة أو الوساطة قبل قيد الدعوى؟,9,0.014706,نظام المحاكم التجارية,المادة التاسعةعشر,"المادة التاسعةعشر
١.يجب في الدعاوى التي تحددها اللائحة أن يخطر المدعي المدعى عليه كتابة بأداء الحق المدعى به قبل (خمسة عشر) يوماً على الأقل من إقامةالدعوى.
؟.يجوز لأطراف التعامل التجاري قبل قيد الدعوى -وتحت إشراف المحكمة اتخاذ أي ممايأتي:
أ-إجراءات المصالحةوالوساطة.
ب-تبادل المستنداتوالمذكرات.
ج-عقد اجتماع لتحديد الطلبات والدفوعوالبينات.
وتحدد اللائحة أحكام إنفاذ هذه الفقرة بما في ذلك كيفية توثيق ما تماتخاذه.",False
Q022,formal_direct,ما الدعاوى التي يجب فيها اللجوء إلى المصالحة أو الوساطة قبل قيد الدعوى؟,10,0.014493,القواعد الخاصة بتنظيم شؤون الخبرة أمام المحاكم,المادة العشرون,"المادة العشرون
يحظر على الخبير مباشرة أعمال الخبرة في الحالاتالآتية:
-١ الدعاوى التي يكون له علاقة بها أو مصلحة:. أو يكون فيها وكيلاً لأحد الخصوم, أو وصياً عليه» أو ولا أو ناظر وقفء أو من في حكمهم؛ أو كان يعمل عند أحد الخصوم,أو
كانت له خصومة مع أحدهم؛ ما لم تكن هذه الخصومة قد أقيمت بعد تعيين الخبير بقصدرده.
؟- الدعاوى التي يكون فيها أحد الخصوم قريباً له أو صهراً إلى الدرجةالرابعة.
- الدعاوى التي سبق أن أبدى فيهارأياً.",False
Q023,formal_paraphrase,متى يكون سبق المصالحة أو الوساطة شرطًا قبل رفع الدعوى التجارية؟,1,0.032266,اللائحة التنفيذية لنظام المحاكم التجارية,المادة الثامنة والخمسون,"المادة الثامنة والخمسون : الدعاوى التي يجب فيها سبق اللجوء للمصالحةوالوساطة
يجب اللجوء إلى المصالحة والوساطة قبل قيد أي من الدعاوىالآتية:
أ- الدعاوى المنصوص عليها في الفقرة (؟) من المادة السادسة عشرة منالنظام.
ب - الدعاوى المنصوص عليها في الفقرة )١( من المادة الحادية عشرة مناللائحة.
ج - الدعاوى التي يكون أطرافها زوجين» أو تربطهم صلة قرابة إلى الدرجةالرابعة.
د - الدعاوى المتعلقة بالعقود التي تتضمن الاتفاق - كتابة - على اللجوء إلى المصالحة والوساطة والتسوية الودية قبل اللجوء إلىالقضاء.",True
Q023,formal_paraphrase,متى يكون سبق المصالحة أو الوساطة شرطًا قبل رفع الدعوى التجارية؟,2,0.032258,اللائحة التنفيذية لنظام المحاكم التجارية,المادة التاسعة والخمسون,"المادة التاسعة والخمسون : الدعاوى التي يجب فيها سبق اللجوء للمصالحةوالوساطة
-١ يتحقق سبق اللجوء إلى المصالحة بتقديم وثيقة بانتهاء المصالحة بغير صلح أو بصلح في بعض المنازعة:» أو تقديم ما يثبت البدء في إجراءات المصالحة ومضي المدة المحددةفي
الفقرة )١( من المادة الثامنة من النظام» ولا يحول قيد الدعوى دون استمرار عملية المصالحةوالوساطة.
-١ تطبق أحكام المادة الحادية والعشرين من النظام في حال عدم تقديم المدعي ما نصت عليه الفقرة )١( من هذهالمادة .",False
Q023,formal_paraphrase,متى يكون سبق المصالحة أو الوساطة شرطًا قبل رفع الدعوى التجارية؟,3,0.016393,اللائحة التنفيذية لنظام المحاكم التجارية,المادة الحاديةوالسبعون,"المادة الحاديةوالسبعون :
-١ يتحقق الإخطار بقيام المدعي بإرسال البيانات الواردة في المادة السبعين من اللائحة إلى أي من عناوين المدعى عليه بأي وسيلةكانت.
-١ يعد في حكم الإخطار تقديم ما يثبت اللجوء إلى التسوية الودية أو المصالحة أو الوساطة قبل قيد الدعوى» بشرط مضي المدة المنصوص عليها في الفقرة )١( من المادة التاسعة
عشرة منالنظام.",False
Q023,formal_paraphrase,متى يكون سبق المصالحة أو الوساطة شرطًا قبل رفع الدعوى التجارية؟,4,0.015873,نظام المحاكم التجارية,المادة الثامنة,"المادة الثامنة
تحدد اللائحةالآتي:
١.إجراءات المصالحة والوساطة؛ بما في ذلك الدعاوى التي يجب أن يسبق نظرّها اللجوع إلى المصالحة والوساطة؛» على ألا تزيد مدة تلك الإجراءات على (ثلاثين) يوماً منتاريخ
البدء فيهاء ما لم تتفق الأطراف على مدةأطول.
؟.إجراءات الدعاوى الجماعية» على أن تتضمن تحديدها وإجراءات نظرها والحكمفيها.
"".إجراءات الدعاوى اليسيرة» على أن تتضمن تحديدها وإجراءات نظرها والحكمفيها.",False
Q023,formal_paraphrase,متى يكون سبق المصالحة أو الوساطة شرطًا قبل رفع الدعوى التجارية؟,5,0.015625,اللائحة التنفيذية لنظام المحاكم التجارية,المادة الستون,"المادة الستون: المصالحة بعدالقيد
للمحكمة في أي مرحلة إحالة الأطراف - بشرط موافقتهم - إلى المصالحة والوساطة» ويثبت ذلك في محضر القضية»: وتراعي في الموعد التالي مدة إجراءات المصالحةوالوساطة.",False
Q023,formal_paraphrase,متى يكون سبق المصالحة أو الوساطة شرطًا قبل رفع الدعوى التجارية؟,6,0.015625,اللائحة التنفيذية لنظام الإجراءات الجزائية,المادة التاسعة والسبعون بعد المائةمعدلة,"المادة التاسعة والسبعون بعد المائةمعدلة
-١ يرفع طلب الإذن في رفع الدعوى الجزائية العامة في شأن الوقائع المتهم فيها الوزير أو من يشغل مرتبة وزير أو من سبق له أن غُيّن وزيراً أو شغل مرتبة وزيرء من قبلالجهة
المختصة؛ وفي الدعوى الجزائية الخاصة من المدعي بالحقالخاص.
- يكون توقيف المذكورين في الفقرة )١( من هذه المادة أو التحفظ عليهم في أماكنمستقلة.",False
Q023,formal_paraphrase,متى يكون سبق المصالحة أو الوساطة شرطًا قبل رفع الدعوى التجارية؟,7,0.015385,اللائحة التنفيذية لنظام المحاكم التجارية,المادة الرابعة والستون,"المادة الرابعة والستون : المصالحة بعدالقيد
يجوز لأحد الأطراف عرض تسوية مزمنة بأجل محدد أو غير مزمنة للطرف الآخرء على أن للطرف سحب عرضه في أي وقتء وإذا قبل الطرف الآخر العرض قبلسحبه
فيسري عليه ما ورد في نص الفقرة )١( من المادة التاسعة والعشرين منالنظام.
الفصل الثانى عشر: سيرالمحاكمك",False
Q023,formal_paraphrase,متى يكون سبق المصالحة أو الوساطة شرطًا قبل رفع الدعوى التجارية؟,8,0.015385,اللائحة التنفيذية لطرق الاعتراض على الأحكام,المادة الخامسة,"المادة الخامسة
-١ يجوز لأطراف الدعوى الاتفاق كتابةً ولو قبل رفع الدعوى- على أن يكون الحكم الصادر من محكمة الدرجة الأولى نهائياًبحقهم.
2- يكون التمسك بالاتفاق الوارد في الفقرة )١( من هذه المادة أثناء نظر الدعوى لدى محكمة الدرجةالأولى.",False
Q023,formal_paraphrase,متى يكون سبق المصالحة أو الوساطة شرطًا قبل رفع الدعوى التجارية؟,9,0.015152,نظام المحاكم التجارية,المادة الرابعةوالسبعون,"المادة الرابعةوالسبعون
١.مالم ينص النظام على غير ذلك؛ لا يجوز أن يعترض على الحكم إلا المحكوم عليه؛ أو من لم يض له بكلطلباته.
"".يجوز الاتفاق -ولو قبل رفع الدعوى- على أن يكون حكم الدائرة الابتدائيةنهائيًا.
"".يكون الاعتراض على الأحكام التي تصدر قبل الفصل في الدعوى ولا تنتهي بها الخصومة كلها أو بعضها مع الاعتراض على الحكم الصادر فيالموضوح.
ويجوز الاعتراض على الحكم الصادر في وقف الدعوىء أو الاختصاصء أو سماع الدعوىء أو الدفع بشرط التحكيم؛ وعلى الأحكام الوقتية والمستعجلة» قبل الحكم فيالموضوع.
.لا يترتب على الاعتراض على الأحكام المشمولة بالتنفيذ المعجل؛ وقفتنفيذها.
5. يضار المعترضباعتراضه.
الخامسةوالسبعون
يُعَدُ العنوان المُقيّد في بيانات الدعوى عنواناً للتبليغ في الاعتراض بطريقالاستئناف.",False
Q023,formal_paraphrase,متى يكون سبق المصالحة أو الوساطة شرطًا قبل رفع الدعوى التجارية؟,10,0.014925,تنظيم مركز المصالحة,المادة السادسة,"المادة السادسة
يتولى الأمين العام الإإشراف على المركز ومكاتب المصالحة» وله على وجه خاص مايأتي:
١ - مراقبة أداء العاملين في المركز ومكاتب المصالحة» والعمل على رفع كفايتهمالإنتاجية.
؟ - الإشراف على إعداد التقرير السنوي تمهيداً لرفعه إلىالوزير.
"" - أي مهمة يرى الوزير إسنادهاإليه.",False
Q024,informal,متى لازم أحاول أصلح أو أتوسط قبل ما أرفع القضية؟,1,0.016393,اللائحة التنفيذية لنظام المحاكم التجارية,المادة الثامنة والخمسون,"المادة الثامنة والخمسون : الدعاوى التي يجب فيها سبق اللجوء للمصالحةوالوساطة
يجب اللجوء إلى المصالحة والوساطة قبل قيد أي من الدعاوىالآتية:
أ- الدعاوى المنصوص عليها في الفقرة (؟) من المادة السادسة عشرة منالنظام.
ب - الدعاوى المنصوص عليها في الفقرة )١( من المادة الحادية عشرة مناللائحة.
ج - الدعاوى التي يكون أطرافها زوجين» أو تربطهم صلة قرابة إلى الدرجةالرابعة.
د - الدعاوى المتعلقة بالعقود التي تتضمن الاتفاق - كتابة - على اللجوء إلى المصالحة والوساطة والتسوية الودية قبل اللجوء إلىالقضاء.",True
Q024,informal,متى لازم أحاول أصلح أو أتوسط قبل ما أرفع القضية؟,2,0.016393,نظام المرافعات الشرعية,المادة السادسةوالستون,"المادة السادسةوالستون
على القاضي أن يسأل المدعي عما هو لازم لتحرير دعواه قبل استجواب المدعى عليه؛ وليس له السير فيها قبل ذلك» وإذا عجز المدعي عن تحريرها أو امتنع عن ذلك؛فيحكم
القاضي بصرف النظر عنالدعوى.",False
Q024,informal,متى لازم أحاول أصلح أو أتوسط قبل ما أرفع القضية؟,3,0.016129,اللائحة التنفيذية لنظام المحاكم التجارية,المادة التاسعة والخمسون,"المادة التاسعة والخمسون : الدعاوى التي يجب فيها سبق اللجوء للمصالحةوالوساطة
-١ يتحقق سبق اللجوء إلى المصالحة بتقديم وثيقة بانتهاء المصالحة بغير صلح أو بصلح في بعض المنازعة:» أو تقديم ما يثبت البدء في إجراءات المصالحة ومضي المدة المحددةفي
الفقرة )١( من المادة الثامنة من النظام» ولا يحول قيد الدعوى دون استمرار عملية المصالحةوالوساطة.
-١ تطبق أحكام المادة الحادية والعشرين من النظام في حال عدم تقديم المدعي ما نصت عليه الفقرة )١( من هذهالمادة .",False
Q024,informal,متى لازم أحاول أصلح أو أتوسط قبل ما أرفع القضية؟,4,0.016129,نظام الأحوال الشخصية,المادة الثانية عشرة بعدالمائة,"المادة الثانية عشرة بعدالمائة
-١ تحكم المحكمة بفسخ عقد الزواج متى طلبت الزوجة فسخه قبل الدخول أو الخلوة» وامتنع الزوج عن طلاقها أو مخالعتهاء وأعادت ما قبضته من مهرء وتعذر الإصلاحبينهما.
؟- إذا كان طلب الزوجة فسخ عقد الزواج قبل الدخول أو الخلوة بسبب راجع إليها؛ فيلزمها إعادة المهرء وكذلك إعادة ما أنفقه الزوج -بطلب منها- من أجل الزواج؛ متى طلبالزوج",False
Q024,informal,متى لازم أحاول أصلح أو أتوسط قبل ما أرفع القضية؟,5,0.015873,قواعد العمل في مكاتب المصالحة وإجراءاته,المادة السادسة عشر,"المادة السادسة عشر: إجراءات جلسةالمصالحة
١.على المصلح في بداية الجلسة التحقق من هوية أطراف المصالحة» ومن أهليتهم الشرعية والنظامية لإجراءالصلح.
؟.المصلح هو المسؤول عن ضبط جلسات المصالحة» وعليه السعي إلى وصول أطراف المصالحة إلى صلح منهِ للخصومة ملتزمًا بأحكام الشريعة الإسلامية والأنظمةالمرعية»
وبالقيم الواردة في المادة الرابعة من القواعد. وبما يصدره المركز من أدلة إجرائية» وإذا كان بين الأطراف أكثر من منازعة -ولو تعددت اختصاصاتها- فيسعى إلىوصول
الأطراف إلى صلح ينهي جميع هذهالمنازعات.
"".للمصلح -لغرض الوصول إلى الصلح- الاجتماع أثناءَ الجلسة أو قبلها بأحد الأطراف دون الآخرينء كما أن له الاجتماع بالأطراف دون وكلائهم؛ على ألا يخل ذلك بقيمالمصالحة
ولا يؤدي إلى محظورشرعي.
5.لا يجوز للمصلح إكراه أطراف المصالحة أو بعضهم على قبولالصلح.
5.على أطراف المصالحة الالتزام بآداب الحوار وبتعليماتالمصلح.
5.تكون إجراءات المصالحة ومداولاتها باللغة العربية ما لم يتفق الأطراف على غير ذلك؛ على أن يحرر محضر الصلح باللغةالعربية.
.يجوز عقد أكثر من جلسة للمصالحة على ألا تزيد عن ثلاث جلساتء وألا تزيد المدة من حين بدء الإجراءات عن ثلاثين يومّاء ويستثنى منذلك:
أ.المنازعات التي ينص مكتب المصالحة فيها على مددأطول.
ب.المنازعات الأخرى عند موافقة مدير مكتب المصالحة على التمديد بناء على سبب يبينهالمصلح.",False
Q024,informal,متى لازم أحاول أصلح أو أتوسط قبل ما أرفع القضية؟,6,0.015873,نظام الإفلاس,المادة الثانية والستون,"المادة الثانية والستون :العقود
تنظر المحكمة في اعتراض الطرف المتعاقد المقدم أمامها -بناء على الفقرة (5) من المادة (الحادية والستين) من النظام- وتقضي بقبول الاعتراض إذا ثبتلها:
أ - أن إنهاء العقد -المبني على الفقرة )١( من المادة (الحادية والستين) من النظام- غير لازم لتنفيذ الخطة وحماية مصالح أغلبية الدائنين ويلحق ضرراً بالغاً بالطرفالمتعاقد.
ب- أن إنهاء العقد -المبني على الفقرة )١( من المادة (الحادية والستين) من النظام- غير لازم لتنفيذ الخطة وحماية مصالح أغلبيةالدائنين.",False
Q024,informal,متى لازم أحاول أصلح أو أتوسط قبل ما أرفع القضية؟,7,0.015625,نظام القضاء,المادة الثامنةوالعشرون,"المادة الثامنةوالعشرون
يرفع الطلب في الأحوال المبينة في المادة (السابعة والعشرين) من هذا النظام بصحيفة تقدم إلى الأمانة العامة للمجلس الأعلى للقضاء تتضمن - علاوة على البيانت العامةالمتعلقة
بأسماء الخصوم وصفاتهم وأماكن إقامتهم وموضوع الطلب - بيانًا كافيًا عن الدعوى التي وقع في شأنها التنازع أو التخلي أو النزاع الذي نشأ في شأن حكمين نهائيينمتناقضين.
وعلى الطالب أن يودع مع هذه الصحيفة صورًا منها بقدر عدد الخصوم مع المستندات التي تؤيد طلبه» ويعين رئيس لجنة الفصل في تنازع الاختصاص أحد أعضائهالتحضير
الدعوى وتهيئتها للمرافعة» وعلى الأمانة إعلام الخصوم بصورة من الصحيفة مع تكليفهم بالحضور في الجلسة التي تحدد لتحضير الدعوى. وبعد تحضير الدعوى تعرضعلى
رئيس اللجنة لتحديد جلسة أمام اللجنة للمرافعة فيموضوعها.",False
Q024,informal,متى لازم أحاول أصلح أو أتوسط قبل ما أرفع القضية؟,8,0.015625,نظام التوثيق,المادة الخامسةوالأربعون,"المادة الخامسةوالأربعون
إذا فقد سجل صك صددر من كاتب عدل قبل صدور النظامء أو تلف تلفاً لا يعرف معه مضمونه» فيعاد تسجيله» متى طابق الصك أساسه المستند إليه» وإلا فيعرض علىالإدارة
المختصة لتقرير ما يلزم فيشأنه.
البابالرابع
الفصل الأول الرقابةوالتفتيش",False
Q024,informal,متى لازم أحاول أصلح أو أتوسط قبل ما أرفع القضية؟,9,0.015385,قواعد العمل في مكاتب المصالحة وإجراءاته,المادة الرابعة,"المادة الرابعة: حيادالمصلح
لا يجوز للمصلح تولي المصالحة في الأحوال التي تؤثر على حياده واستقلاله إلا بعد الإفصاح لإدارة المكتب ولجميع أطراف المصالحة وقبولهم به خطيّاء ومن تلكالأحوال:
١.إذا كان للمصلح أو زوجته أو أقاربه أو أصهاره إلى الدرجة الرابعة مصلحة قائمة أو محتملة في المنازعة» كوجود علاقة مهنية له أو شراكة مع أحد الأطراف سواء أكانت قائمةأم
منتهية» أو وجود مصلحة له شخصية أو مالية في مخرجات المصالحة»؛ أو أي سبب آخر يمكن أن يؤثر في استقلالهوحياده.
؟.إذا كان قد سبق له الترافع عن أحد الأطراف في المنازعة» أو الإفتاء فيهاء أو النظر فيها خبيرًا أو محكّمّاء أو أدى شهادة فيهاء أو باشر إجراء من إجراءات التحقيقفيها.",False
Q024,informal,متى لازم أحاول أصلح أو أتوسط قبل ما أرفع القضية؟,10,0.015385,نظام المحاكم التجارية,المادة الثامنةوالخمسون,"المادة الثامنةوالخمسون
١.متى أبدى الأطراف ما لديهم في ختام المرافعة» أو مُكّنوا من استيفاء ما لديهم من طلبات ودفوع وفق أحكام النظام» فللمحكمة قفل باب المرافعة في القضية متى كانت صالحةللفصل
فيها. ولا يجوز فتح باب المرافعة بعد قفله إلا بقرار مُسبّب يُتْبّت في محضرالجلسة.
؟.للمحكمة عند قفل باب المرافعة أن تأذن لأطراف الدعوى بتقديم مذكرات تكميلية؛ لتوضيح ما سبق تقديمهواستيفائه.",False
Q025,formal_direct,ما البيانات التي يجب أن يتضمنها الإخطار قبل رفع الدعوى؟,1,0.032787,اللائحة التنفيذية لنظام المحاكم التجارية,المادة الحاديةوالسبعون,"المادة الحاديةوالسبعون :
-١ يتحقق الإخطار بقيام المدعي بإرسال البيانات الواردة في المادة السبعين من اللائحة إلى أي من عناوين المدعى عليه بأي وسيلةكانت.
-١ يعد في حكم الإخطار تقديم ما يثبت اللجوء إلى التسوية الودية أو المصالحة أو الوساطة قبل قيد الدعوى» بشرط مضي المدة المنصوص عليها في الفقرة )١( من المادة التاسعة
عشرة منالنظام.",False
Q025,formal_direct,ما البيانات التي يجب أن يتضمنها الإخطار قبل رفع الدعوى؟,2,0.031514,اللائحة التنفيذية لنظام المحاكم التجارية,المادة السادسة والسبعون,"المادة السادسة والسبعون : بيانات صحيفةالدعوى
يجب أن تتضمن صحيفة الدعوى - إضافة إلى البيانات المنصوص عليها في النظام ونظام المرافعات الشرعية -الآتي:
أ- الاسم الكامل للشخص الطبيعي للمدعي والمدعىعليه.
ب - رقم الهوية للشخص الطبيعيء ورقم السجل التجاري للشخص الاعتباري» وترخيص الاستثمار للمستثمر الأجنبي -بحسب الأحوال- للمدعي والمدعىعليه.
د - تاريخ الإخطار في الدعاوى التي يجب فيهاالإخطار.
ه - ما يتوافر من معلومات عن نشاط الطرف إذا كانتاجراً.
و - رقم رخصة المحاماة إذا كانت الدعوى يجب رفعها منمحام.
ز - بيانات الدعاوى المرتبطة - إن وجدت-.",False
Q025,formal_direct,ما البيانات التي يجب أن يتضمنها الإخطار قبل رفع الدعوى؟,3,0.031498,اللائحة التنفيذية لنظام المحاكم التجارية,المادة الثانيةوالسبعون,"المادة الثانيةوالسبعون :
يجب أن يرافق صحيفة الدعوى ما يثبت الإخطارء وفي حال عدم إرفاق ما يثبت الإخطار فتطبق أحكام المادة الحادية والعشرين منالنظام.",False
Q025,formal_direct,ما البيانات التي يجب أن يتضمنها الإخطار قبل رفع الدعوى؟,4,0.031281,اللائحة التنفيذية لنظام المحاكم التجارية,المادة السبعون,"المادة السبعون:
يجب أن يتضمن الإخطار بيانات الأطراف؛ وموضوع النزاع؛ والطلبات» ومستندالمطالبة.",True
Q025,formal_direct,ما البيانات التي يجب أن يتضمنها الإخطار قبل رفع الدعوى؟,5,0.015873,اللائحة التنفيذية لنظام المحاكم التجارية,المادة الثانية عشرة بعد المائتين* رفع طلبالاستئناف,"المادة الثانية عشرة بعد المائتين* رفع طلبالاستئناف
يجب أن يتضمن طلب الاستئناف - إضافة إلى البيانات الواردة في الفقرة )١( من المادة الحادية والثمانين من النظام -الآتي:
أ- اسم المستأنف ورقم هويته؛ أو رقم السجل التجاري - بحسب الحال -» وعنوانه» ومن يمثله» ورقم رخصة المحاماة في الاعتراضات التي يجب رفعها منمحام.
ب - اسم المستأنف ضده ورقم هويته» أو رقم السجل التجاري -بحسب الحال-»وعنوانه.",False
Q025,formal_direct,ما البيانات التي يجب أن يتضمنها الإخطار قبل رفع الدعوى؟,6,0.015625,نظام الإجراءات الجزائية,المادة السادسة والعشرون بعدالمائة,"المادة السادسة والعشرون بعدالمائة
إذا رأت النيابة العامة بعد انتهاء التحقيق أن الأدلة كافية ضد المتهم؛ فترفع الدعوى إلى المحكمة المختصة» وتكلف المتهم بالحضور أمامها. وترفع الدعوى وفق لائحة تشملالبيانات
الآنية:
١ - تعيين المتهم ببيان اسمه ولقبه وجنسيته وسنه ومكان إقامته ومهنته أو وظيفته ورقم هويتهوأهليته.
؟ - تعيين مدعي الحق الخاص - إن وجد - ببيان الاسم والصفة والعنوان ورقمالهوية.
"" - بيان الجريمة المنسوبة إلى المتهم» بتحديد الأركان المكونة لهاء وما يرتبط بها من ظروف مشددة أومخففة.
5 - ذكر النصوص الشرعية أو النظامية التي تنطبق عليهاء وتحديد نوع العقوبة حدًا كان أوتعزيرًا.
5 - بيان الأدلة على وقوع الجريمة» ونسبتها إلىالمتهم.
5 - بيان أسماء الشهود إنوجدوا.
“ا - اسم عضو النيابة العامةوتوقيعه.
وتبلغ النيابة العامة الخصوم بالأمر الصادر بإحالة الدعوى إلى المحكمة خلال خمسة أيام من تاريخصدوره.",False
Q025,formal_direct,ما البيانات التي يجب أن يتضمنها الإخطار قبل رفع الدعوى؟,7,0.015385,نظام الإفلاس,المادة السابعة والعشرون بعد المائتين,"المادة السابعة والعشرون بعد المائتين: إنشاء سجل الإفلاس وتحديدأغراضه
-١ تنشئ لجنة الإفلاس سجلاً يسمى سجل الإفلاسء تودع فيه ما نصت عليه أحكام النظام» وتحدد اللائحة المحتويات والمعلومات التي يجب أن يتضمنها سجل الإفلاسوإجراءات
تحديثها وحذفها والاطلاع عليهاء وغير ذلك من الأحكام اللازمة لعملالسجل.
""- يتاح للعموم الاطلاع على محتويات سجلالإفلاس.",False
Q025,formal_direct,ما البيانات التي يجب أن يتضمنها الإخطار قبل رفع الدعوى؟,8,0.014925,اللائحة التنفيذية لنظام المحاكم التجارية,المادة الرابعة عشرة بعد المائتين,"المادة الرابعة عشرة بعد المائتين: رفع طلبالاستئناف
في جميع الأحوال؛ يجب أن يقدم طلب الاستئناف الفرعي في مذكرة مستقلة تشتمل على البيانات المنصوص عليها في المادة الثانية عشرة بعد المائتين مناللائحة.",False
Q025,formal_direct,ما البيانات التي يجب أن يتضمنها الإخطار قبل رفع الدعوى؟,9,0.014706,الأدلة الإجرائية لنظام الإثبات,المادة الخامسةعشرة,"المادة الخامسةعشرة
-١ فيما لم يرد فيه نص خاص؛ يجب أن تقدم أدلة الإثبات عند رفع الدعوىء أو تقديم مذكرة الدفاع الأولى -بحسب الأحوال-» مالم تأذن المحكمة بتقديمها في موعدآخر.
-١ في الأحوال التي يجوز فيها نظاماً إجراء الإثبات قبل القيدء على من يتمسك بإجراءات الإثبات التي تمت قبل قيد الدعوى أن يقدم نسخة منها للمحكمة عند قيد الدعوىء أوتقديم
مذكرة الدفاع الأولى بحسبالأحوال.",False
Q025,formal_direct,ما البيانات التي يجب أن يتضمنها الإخطار قبل رفع الدعوى؟,10,0.014493,نظام التحكيم,المادة الحاديةعشرة,"المادة الحاديةعشرة
-١ يجب على المحكمة التي يرفع إليها نزاع يوجد في شأنه اتفاق تحكيم أن تحكم بعدم جواز نظر الدعوى إذا دفع المدعى عليه بذلك قبل أي طلب أو دفاع فيالدعوى.
؟- لا يحول رفع الدعوى المشار إليها في الفقرة السابقة دون البدء في إجراءات التحكيم؛ أو الاستمرار فيهاء أو إصدار حكمالتحكيم.",False
Q026,formal_paraphrase,ما المعلومات الواجب تضمينها في إخطار الطرف الآخر بالنزاع؟,1,0.016393,اللائحة التنفيذية لنظام المحاكم التجارية,المادة السبعون,"المادة السبعون:
يجب أن يتضمن الإخطار بيانات الأطراف؛ وموضوع النزاع؛ والطلبات» ومستندالمطالبة.",True
Q026,formal_paraphrase,ما المعلومات الواجب تضمينها في إخطار الطرف الآخر بالنزاع؟,2,0.016393,اللائحة التنفيذية لنظام المحاكم التجارية,المادة العشرون بعدالمائة,"المادة العشرون بعدالمائة :
إذا اسثمهل أي طرف أكثر من مرة في تقديم ما أمرت المحكمة بتقديمه إلى الطرف الآخر وفق أحكام الفقرة (؟) من المادة السادسة والأربعين من النظام؛ فيعد في حكمالممتنع.",False
Q026,formal_paraphrase,ما المعلومات الواجب تضمينها في إخطار الطرف الآخر بالنزاع؟,3,0.016129,اللائحة التنفيذية لنظام المحاكم التجارية,المادة الحاديةوالسبعون,"المادة الحاديةوالسبعون :
-١ يتحقق الإخطار بقيام المدعي بإرسال البيانات الواردة في المادة السبعين من اللائحة إلى أي من عناوين المدعى عليه بأي وسيلةكانت.
-١ يعد في حكم الإخطار تقديم ما يثبت اللجوء إلى التسوية الودية أو المصالحة أو الوساطة قبل قيد الدعوى» بشرط مضي المدة المنصوص عليها في الفقرة )١( من المادة التاسعة
عشرة منالنظام.",False
Q026,formal_paraphrase,ما المعلومات الواجب تضمينها في إخطار الطرف الآخر بالنزاع؟,4,0.016129,اللائحة التنفيذية لنظام المحاكم التجارية,المادة الثامنة والثمانون,"المادة الثامنة والثمانون : المرافعةالكتابية
تشمل المرافعة الكتابية تقديم المذكرات وتوجيه أسئلة المحكمة عبر النظام الإلكتروني» وفي جميع الأحوال يجب أن يُرَوّد الطرف الآخر بكل ما يقدم فيالقضية.",False
Q026,formal_paraphrase,ما المعلومات الواجب تضمينها في إخطار الطرف الآخر بالنزاع؟,5,0.015873,نظام المعاملات المدنية,المادة السابعة والثمانون بعدالستمائة,"المادة السابعة والثمانون بعدالستمائة
-١ يلتزم المنتفع بأن يُعلم المالك في الحالاتالآنية:
أ- إذا استولى على الشيء المنتفع به شخصن أو ادعى الغير حقاًعليه.
ب- إذا هلك الشيء أو تلف أو احتاج إلى إصلاحات جسيمة مما يجب على المالك أن يتحملنفقاته.
ج- إذا احتاج إلى اتخاذ إجراء لدفع خطرخفئ.
؟- إذا لم يقم المنتفع بالإعلام الوارد في الفقرة )١( من هذه المادة خلال مدة معقولة فإنه يكون مسؤولا
إلى إصلاحات جسيمة مما يجب على المالك أن يتحملنفقاته.
ج- إذا احتاج إلى اتخاذ إجراء لدفع خطرخفئ.
؟- إذا لم يقم المنتفع بالإعلام الوارد في الفقرة )١( من هذه المادة خلال مدة معقولة فإنه يكون مسؤولاً عن التعويض عنالضرر.
-١ يلتزم المنتفع بأن يُعلم المالك في الحالاتالآتية:
أ- إذا استولى على الشيء المنتفع به شخص أو ادعى الغير حقّاًعليه.
ب- إذا هلك الشيء أو تلف أو احتاج إلى إصلاحات جسيمة مما يجب على المالك أن يتحملنفقاته.
ج- إذا احتاج إلى اتخاذ إجراء لدفع خطرخفئ.
""- إذا لم يقم المنتفع بالإعلام الوارد في الفقرة )١( من هذه المادة خلال مدة معقولة فإنه يكون مسؤولاً عن التعويض عنالضرر.",False
Q026,formal_paraphrase,ما المعلومات الواجب تضمينها في إخطار الطرف الآخر بالنزاع؟,6,0.015873,اللائحة التنفيذية لنظام المحاكم التجارية,المادة الرابعة والعشرون بعدالمائة,"المادة الرابعة والعشرون بعدالمائة :
لا يخل تقديم الشهادة مكتوبة بحق الطرف الآخر في طلب حضور الشاهد واستجوابه وفقاً لأحكامالنظام.",False
Q026,formal_paraphrase,ما المعلومات الواجب تضمينها في إخطار الطرف الآخر بالنزاع؟,7,0.015625,نظام التحكيم,المادة السادسةوالثلاثون,"المادة السادسةوالثلاثون
-١ لهيئة التحكيم تعيين خبير أو أكثرء لتقديم تقرير مكتوب أو شفهي يثبت في محضر الجلسة في شأن مسائل معينة تحددها بقرار منهاء وتبلغ به كلاً من الطرفين ما لم يتفقا علىغير
""- على كل من الطرفين أن يقدم إلى الخبير المعلومات المتعلقة بالنزاع» وأن يمكنه من معاينة وفحص ما يطلبه من وثائق أو سلع أو أموال أخرى متعلقة بالنزاع. وتفصلهيئة
التحكيم في كل نزاع يقوم بين الخبير وأحد الطرفين في هذا الشأن بقرار غير قابل للطعن بأي طريق من طرقالطعن.
'- ترسل هيئة التحكيم صورة من تقرير الخبير بمجرد إيداعه لديها إلى كل من الطرفين؛ مع إتاحة الفرصة له لإبداء رأيه فيه. ولكليهما الحق في الاطلاع على الوثائق التياستند
إليها الخبير في تقريره وفحصها. ويصدر الخبير تقريره النهائي بعد الاطلاع على ما أبداه طرفا التحكيمحوله.
5- لهيئة التحكيم بعد تقديم تقرير الخبير أن تقرر من تلقاء نفسهاء أو بناءً على طلب أحد طرفي التحكيم» عقد جلسة لسماع أقوال الخبيرء مع إتاحة الفرصة للطرفين لسماعهومناقشته
في شأن ما ورد فيتقريره.",False
Q026,formal_paraphrase,ما المعلومات الواجب تضمينها في إخطار الطرف الآخر بالنزاع؟,8,0.015625,نظام المحاكم التجارية,المادة الرابعة والخمسون املغاة,"المادة الرابعة والخمسون املغاة
لأي من الأطراف الحق في استجواب الطرف الآخر مباشرة» وتحدد اللائحة إجراءات وضوابطذلك.
الفصل السابع الإثبات الإلكتروني2امل",False
Q026,formal_paraphrase,ما المعلومات الواجب تضمينها في إخطار الطرف الآخر بالنزاع؟,9,0.015385,اللائحة التنفيذية لنظام الإفلاس,المادة الثامنة إرسال الوثائقوالمعلومات,"المادة الثامنة إرسال الوثائقوالمعلومات
-١ يجوز إرسال أي تبليغ أو وثيقة أو معلومة» وما في حكم أي منها مما نص عليه في النظام أو اللائحة» على العنوان الوطنيء أو عبر الوسائل الإلكترونية ومنها الرسائلالنصية
المرسلة عبر الهاتف المحمول الموثقء» والبريد الإلكتروني» والحسابات المسجلة في أي من الأنظمة الآليةالحكومية.
""- يعد تبليغ من تختاره المحكمة رئيساً من الأمناء -في حال تعددهم- أو تسليمه معلومات أو وثائق» تبليغاً أو تسليماً لباقيالأمناء.
""'- يجب تضمين الدعوة إلى عقد أي اجتماع تاريخ عقده؛ وموعده؛ومكانه.",False
Q026,formal_paraphrase,ما المعلومات الواجب تضمينها في إخطار الطرف الآخر بالنزاع؟,10,0.015385,نظام المحاكم التجارية,المادة السادسة والأربعون ملغاة,"المادة السادسة والأربعون ملغاة
١-لأي من الأطراف حق طلب ما لدى الطرف الآخر من مستندات ذات صلة بالدعوى أو الاطلاع عليهاء وفق الضوابطالآتية:
أ-أن تكون المستندات محددة بذاتها أوأنواعها.
ب-أن تكون للمستندات علاقة بالتعامل التجاريء أو تؤدي إلى إظهار الحقيقةفيه.
ج-ألا يكون لها طابع السريّة.٠
""-إذا امتنع أي من أطراف الدعوى عن تقديم ما أمرت المحكمة بتقديمه إلى الطرف الآخر وفق أحكام الفقرة )١( من هذه المادة ؛ فللمحكمة أن تعد امتناعهقرينة.
“”-للمحكمة -بناءً على طلب أحد الأطراف- أن تأمربالآتي:
أ-إدخال طرف آخر لإلزامه بتقديم ورقة تحت يده ذات صلةبالدعوى.
ب-إلزام أي من الجهات الحكومية بتقديم ما لديها من معلومات أو مستندات ذات صلة بالدعوىء وذلك دون إخلال بالأنظمة ذاتالعلاقة.",False
Q027,informal,وش لازم أكتب في الإخطار اللي أرسله للطرف الثاني؟,1,0.032522,اللائحة التنفيذية لنظام المحاكم التجارية,المادة الحاديةوالسبعون,"المادة الحاديةوالسبعون :
-١ يتحقق الإخطار بقيام المدعي بإرسال البيانات الواردة في المادة السبعين من اللائحة إلى أي من عناوين المدعى عليه بأي وسيلةكانت.
-١ يعد في حكم الإخطار تقديم ما يثبت اللجوء إلى التسوية الودية أو المصالحة أو الوساطة قبل قيد الدعوى» بشرط مضي المدة المنصوص عليها في الفقرة )١( من المادة التاسعة
عشرة منالنظام.",False
Q027,informal,وش لازم أكتب في الإخطار اللي أرسله للطرف الثاني؟,2,0.032018,اللائحة التنفيذية لنظام المحاكم التجارية,المادة السبعون,"المادة السبعون:
يجب أن يتضمن الإخطار بيانات الأطراف؛ وموضوع النزاع؛ والطلبات» ومستندالمطالبة.",True
Q027,informal,وش لازم أكتب في الإخطار اللي أرسله للطرف الثاني؟,3,0.029911,اللائحة التنفيذية لنظام المحاكم التجارية,المادة الثانيةوالسبعون,"المادة الثانيةوالسبعون :
يجب أن يرافق صحيفة الدعوى ما يثبت الإخطارء وفي حال عدم إرفاق ما يثبت الإخطار فتطبق أحكام المادة الحادية والعشرين منالنظام.",False
Q027,informal,وش لازم أكتب في الإخطار اللي أرسله للطرف الثاني؟,4,0.016129,نظام الإفلاس,المادة الثانية والستون,"المادة الثانية والستون :العقود
تنظر المحكمة في اعتراض الطرف المتعاقد المقدم أمامها -بناء على الفقرة (5) من المادة (الحادية والستين) من النظام- وتقضي بقبول الاعتراض إذا ثبتلها:
أ - أن إنهاء العقد -المبني على الفقرة )١( من المادة (الحادية والستين) من النظام- غير لازم لتنفيذ الخطة وحماية مصالح أغلبية الدائنين ويلحق ضرراً بالغاً بالطرفالمتعاقد.
ب- أن إنهاء العقد -المبني على الفقرة )١( من المادة (الحادية والستين) من النظام- غير لازم لتنفيذ الخطة وحماية مصالح أغلبيةالدائنين.",False
Q027,informal,وش لازم أكتب في الإخطار اللي أرسله للطرف الثاني؟,5,0.015873,لائحة التقارير الطبية,المادة الثانية,"المادة الثانية
-١ يجب أن يتضمن الطلب البيانات الأساسية للأطراف ذوي العلاقة» وموضوعه. وتحديد المطلوب بالنص عليه بألفاظ واضحة ودالةعليه.
-١ يجب أن يكتب التقرير باللغة العربية» وأن يتضمن البيانات الأساسية لمن صدر بحقه؛ بعد التحقق من شخصيته» وموضوع الطلبء والإفادة المفصلة بألفاظ صريحةوجازمة
ودالة علىالمطلوب.",False
Q027,informal,وش لازم أكتب في الإخطار اللي أرسله للطرف الثاني؟,6,0.015873,اللائحة التنفيذية لنظام المحاكم التجارية,المادة الرابعة والستون,"المادة الرابعة والستون : المصالحة بعدالقيد
يجوز لأحد الأطراف عرض تسوية مزمنة بأجل محدد أو غير مزمنة للطرف الآخرء على أن للطرف سحب عرضه في أي وقتء وإذا قبل الطرف الآخر العرض قبلسحبه
فيسري عليه ما ورد في نص الفقرة )١( من المادة التاسعة والعشرين منالنظام.
الفصل الثانى عشر: سيرالمحاكمك",False
Q027,informal,وش لازم أكتب في الإخطار اللي أرسله للطرف الثاني؟,7,0.015385,نظام التحكيم,المادة السادسة,"المادة السادسة
-١ إذا لم يكن هناك اتفاق خاص بين طرفي التحكيم في شأن الإبلاغات فيتم تسليم الإبلاغ إلى المرسل إليه شخصيًا - أو من ينوب عنه أو إرساله إلى عنوانه البريدي المحددفي
العقد محل المنازعة»؛ أو المحدد في مشارطة التحكيم أو في الوثيقة المنظمة للعلاقة التي يتناولها التحكيم.1
-١ إذا تعذر تسليم الإبلاغ إلى المرسل إليه وفقاً للفقرة (١)؛ يعد التسليم قد تم إذا كان الإبلاغ بكتاب مسجل إلى آخر مقر عملء أو محل إقامة معتاد» أو عنوان بريدي معروفللمرسل
إليه.ْ
-٠ لا تسري أحكام هذه المادة على الإبلاغات القضائتية الخاصة ببطلان حكم التحكيم أمامالمحاكم.",False
Q027,informal,وش لازم أكتب في الإخطار اللي أرسله للطرف الثاني؟,8,0.015385,اللائحة التنفيذية لنظام المحاكم التجارية,المادة الثانية والأربعون بعد المائة,"المادة الثانية والأربعون بعد المائة: إجراءات الاستعانةبالخبرة
إذا تقدم أحد الأطراف بطلب الإذن للاستعانة بخبير» فعليه أن يضمّن طلبه مايأتي:
أ- المجال المطلوب فيه الاستعانةبالخبير.
ب - المسائل المطلوب الاستعانة فيهابالخبير.
د - تقدير تكاليف الاستعانةبالخبير.
ه - اقتراح اسم الخبير - إن أمكن-.
وإذا أذنت المحكمة للطرف بالاستعانة بخبير» فلها أن تضع حدًا للأتعاب التي للطرف استردادها من الطرف الآخر - عند الاقتضاء-.",False
Q027,informal,وش لازم أكتب في الإخطار اللي أرسله للطرف الثاني؟,9,0.015152,اللائحة التنفيذية لنظام المحاكم التجارية,المادة الخامسة والثلاثون بعدالمائة,"المادة الخامسة والثلاثون بعدالمائة :
ليس للطرف أن يقطع كلام الخصم أثناءالاستجواب.",False
Q027,informal,وش لازم أكتب في الإخطار اللي أرسله للطرف الثاني؟,10,0.014925,اللائحة التنفيذية لنظام المحاكم التجارية,المادة السادسة والعشرون بعدالمائة,"المادة السادسة والعشرون بعدالمائة :
ليس للطرف أن يقطع كلام الشاهد أثناء أداء الشهادة أوالإجابة.",False
Q028,formal_direct,ما البيانات الواجب تضمينها في صحيفة الدعوى التجارية؟,1,0.032266,اللائحة التنفيذية لنظام المحاكم التجارية,المادة السادسة والسبعون,"المادة السادسة والسبعون : بيانات صحيفةالدعوى
يجب أن تتضمن صحيفة الدعوى - إضافة إلى البيانات المنصوص عليها في النظام ونظام المرافعات الشرعية -الآتي:
أ- الاسم الكامل للشخص الطبيعي للمدعي والمدعىعليه.
ب - رقم الهوية للشخص الطبيعيء ورقم السجل التجاري للشخص الاعتباري» وترخيص الاستثمار للمستثمر الأجنبي -بحسب الأحوال- للمدعي والمدعىعليه.
د - تاريخ الإخطار في الدعاوى التي يجب فيهاالإخطار.
ه - ما يتوافر من معلومات عن نشاط الطرف إذا كانتاجراً.
و - رقم رخصة المحاماة إذا كانت الدعوى يجب رفعها منمحام.
ز - بيانات الدعاوى المرتبطة - إن وجدت-.",True
Q028,formal_direct,ما البيانات الواجب تضمينها في صحيفة الدعوى التجارية؟,2,0.031281,نظام المحاكم التجارية,المادة العشرون,"المادة العشرون
١.ترفع الدعوى بصحيفة تودع لدى المحكمة؛ وتحدد اللائحة الدعاوى التي يجب رفعها منمحام.
"".يجب أن تتضمن صحيفة الدعوىالآتي:
أ-بيانات الأطراف وممثليهم وصفاتهم وعناوينهم» والبيانات والوثائق التي تحددهااللائحة.
ب-حصر الطلبات» وتحديد جميع أسانيدالدعوى.
"".لا يجمع في صحيفة الدعوى بين عدة طلبات لا رابطبينها.",False
Q028,formal_direct,ما البيانات الواجب تضمينها في صحيفة الدعوى التجارية؟,3,0.03101,اللائحة التنفيذية لنظام المحاكم التجارية,المادة الثانيةوالسبعون,"المادة الثانيةوالسبعون :
يجب أن يرافق صحيفة الدعوى ما يثبت الإخطارء وفي حال عدم إرفاق ما يثبت الإخطار فتطبق أحكام المادة الحادية والعشرين منالنظام.",False
Q028,formal_direct,ما البيانات الواجب تضمينها في صحيفة الدعوى التجارية؟,4,0.029572,اللائحة التنفيذية لنظام المحاكم التجارية,المادة السابعة والسبعون,"المادة السابعة والسبعون : بيانات صحيفةالدعوى
-١ يجب أن تتضمن صحيفة الدعوى بيان الارتباط بين الطلبات حالتعددها.
؟- دون إخلال بما نصت عليه المادة الحادية والعشرون من النظام» تحكم المحكمة بعدم قبول الدعوى عند تضمنها طلبات لا رابط بينهاء ما لم يحصر المدعي دعواه فيأحدها.",False
Q028,formal_direct,ما البيانات الواجب تضمينها في صحيفة الدعوى التجارية؟,5,0.016393,اللائحة التنفيذية لنظام التسجيل العيني للعقار.,المادة السادسةعشرة,"المادة السادسةعشرة
ينشأ في السجل العقاري صحيفة لكل عقار عند تسجيله» تتضمن مايلي:
-١ رقمالعقار.
-١ البيانات التخطيطية للعقار وتشمل على سبيل المثال: (رقم المخططء رقم القطعة؛ رقم البلك) -إنوجدت-.
؟- بيانات موقع العقار وتشمل على سبيل المثال: (اسم الحيءوالمدينة).
5- حدود العقارء وأطواله»ومساحته.
5- رقم صك التملك السابق وتاريخهومصدره.
1- الحقوق العينية وملاكها وبياناتهم» ونسبةتملكهم.
- أوصاف العقار ويشمل على سبيل المثال: (البناء أو الملحقات الثابتة أو المزروعات أو المصانع أو المنشآت الأخرى كالموانئ والمطارات وخطوط الكهرباء والأنابيبوغيرها)
-إنوجدت-.
- بيانات الرخص المتعلقة بالعقار واستعمالاته وتشمل على سبيل المثال: (رخص إنشاء المباني أو إضافتها أو تعديلها أو إزالتها ونحوها) -إنوجدت-.
1- تاريخ التسجيل العيني الأول في السجل العقاري وتاريخ النشر في قوائمالملاك.
٠ قيمة انتقال الحق العيني -إنوجد-.
-١ تسلسل مالكي الحقوق العينية بعد التسجيلالأول.
- الصحائف العقارية السابقة والمتفرعة -إنوجدت-.
7- بيان ما للعقار من حقوق والتزامات» وتاريخ نشأتهاءوأصحابها.
54- صورة مصغرة لخارطة العقار النهائية» توضح فيها الانكسارات في جميع الأضلاع واتجاهاتهاء وزاوية الانكسار والطول الإجمالي لكل ضلع» وإحداثيات أركانهاءويستثنى
من ذلك الوحدات العقاريةالمفرزة.
5- اسم المسجل العقاري للحقوق العينية وتاريخ تسجيلهلها.
75- بيان القيود المانعة من التصرف في العقار» وأسبابهاء ومستندذلك.
- التأشيرات الواجب تدوينها في السجل العقاري وفق أحكام النظامواللائحة.
الأحكام النهائية الواجب تضمينها في السجل العقاري وفق أحكام النظامواللائحة.
8 ملف خاص ترفق به كافة المستندات المتعلقة بالعقارء ومنها على سبيل المثال (المخططات الهندسية ورخص البناء والهدم وشهادة التقييم والتثمين ووثائق التأمينونحوها).",False
Q028,formal_direct,ما البيانات الواجب تضمينها في صحيفة الدعوى التجارية؟,6,0.016129,اللائحة التنفيذية لنظام التسجيل العيني للعقار.,المادة الثالثةوالثلاثون,"المادة الثالثةوالثلاثون
١ - يكون لكل عقار مشترك صحيفة أساسية» تتفرع عنها صحيفة عقارية مستقلة لكل عقار مفرزء تكون مرتبطة بالصحيفةالأساسية.
""- تسجل وثائق الملكية المشتركة الصادرة من الجهة المعنية بالفرزء في صحيفة العقار الأساسية» ويشار لها الصحائف المتفرعة عنهاء وتشمل الوثائق على سبيل المثال:(وثيقة
الأجزاء المشتركة» وثيقة فرزالوحدات).
؟ - تدون البيانات الجيومكانية لكل وحدة عقارية مفرزة بناء على ما يرد من الجهة المعنيةبالفرز.
ه - فيما عدا الأخطاء المادية البحتة تعدل بيانات الوحدة العقارية المفرزة بعد موافقة الجهة المعنية بالفرزء ما لم يحدث تأثيراً في بيانات بقية الوحدات المفرزة فيلزم موافقةذوي
الشأن.
5 - إذا دمج عقاران أو أكثرء ولكل عقار صحيفة عقارية مستقلة» فتدمج صحائف العقار في صحيفة واحدةجديدة.",False
Q028,formal_direct,ما البيانات الواجب تضمينها في صحيفة الدعوى التجارية؟,7,0.015625,اللائحة التنفيذية لنظام التسجيل العيني للعقار.,المادة الحاديةوالثلاثون,"المادة الحاديةوالثلاثون
-١ يوثق المسجل العقاري التصرف في العقار الموصوف على الخارطة بين أطرافه. بعد اكتمال إنشاء السجل المشار إليه في المادة (الثلاثين) مناللائحة.
؟- يصدر المسجل العقاري شهادة بذلك» تتضمن البيانات الواجب توافرها في المادة (السادسة عشرة ) مناللائحة.",False
Q028,formal_direct,ما البيانات الواجب تضمينها في صحيفة الدعوى التجارية؟,8,0.015385,اللائحة التنفيذية لنظام المحاكم التجارية,المادة الثامنة والأربعون,"المادة الثامنة والأربعون : إتاحة اطلاع العموم على بيانات الدعاوىالتجارية
يكون طلب الاطلاع وفق أحكام الفقرة )١( من المادة الثالثة عشرة من النظام إلكترونياً؛ ولا يجوز نشر أو تداول أي بيانات أو وثائق في القضية إلا وفق الأحكام المننصوصعليها
في الأنظمة والقرارات ذاتالصلة",False
Q028,formal_direct,ما البيانات الواجب تضمينها في صحيفة الدعوى التجارية؟,9,0.014925,نظام التسجيل العيني للعقار.,المادة السادسةعشرة,"المادة السادسةعشرة
يجب التأشير بالدعاوى المتعلقة بحق عيني عقاري أو بتصرف من التصرفات الواجب تسجيلهاء في السجل العقاريء متى تضمنت هذه الدعاوى إجراء تغيير في بيانات السجل؛ولا
تُسمع الدعوى إلا بعد تقديم ما يثبت حصول التأشير بمضمون الدعوى فيالسجل.
ولكل ذي مصلحة أن يقدم طلباً إلى المحكمة المختصة بصفة مستعجلة لمحو التأشير المشار إليه أعلاه» وتأمر المحكمة بمحوه متى تبين لها أن الدعوى التي تم التأشير بهاكيدية.",False
Q028,formal_direct,ما البيانات الواجب تضمينها في صحيفة الدعوى التجارية؟,10,0.014706,نظام التنفيذ,المادة الخامسة والستون ٠,"المادة الخامسة والستون ٠
يجوز للدائن أن يوقع الحجز تحت يد نفسه على ما يكون مدينًا به لمدينه» ويكون الحجز بإعلان إلى المدين يشتمل على البيانات الواجب ذكرها في ورقة إبلاغ الحجز. وفيالأحوال
التي يكون فيها الحجز بأمر من قاضي التنفيذ» يجب على طالب الحجز - خلال الأيام العشرة التالية لإعلان المدين بالحجز - أن يرفع أمام الجهة القضائية المختصة الدعوىبثبوت
الحق وصحة الحجزء وإلا عد الحجز كأن لميكن.",False
Q029,formal_paraphrase,ما متطلبات بيانات أطراف الدعوى عند تقديم صحيفة الدعوى؟,1,0.031778,اللائحة التنفيذية لنظام المحاكم التجارية,المادة السابعة والسبعون,"المادة السابعة والسبعون : بيانات صحيفةالدعوى
-١ يجب أن تتضمن صحيفة الدعوى بيان الارتباط بين الطلبات حالتعددها.
؟- دون إخلال بما نصت عليه المادة الحادية والعشرون من النظام» تحكم المحكمة بعدم قبول الدعوى عند تضمنها طلبات لا رابط بينهاء ما لم يحصر المدعي دعواه فيأحدها.",False
Q029,formal_paraphrase,ما متطلبات بيانات أطراف الدعوى عند تقديم صحيفة الدعوى؟,2,0.031545,اللائحة التنفيذية لنظام المحاكم التجارية,المادة السادسة والسبعون,"المادة السادسة والسبعون : بيانات صحيفةالدعوى
يجب أن تتضمن صحيفة الدعوى - إضافة إلى البيانات المنصوص عليها في النظام ونظام المرافعات الشرعية -الآتي:
أ- الاسم الكامل للشخص الطبيعي للمدعي والمدعىعليه.
ب - رقم الهوية للشخص الطبيعيء ورقم السجل التجاري للشخص الاعتباري» وترخيص الاستثمار للمستثمر الأجنبي -بحسب الأحوال- للمدعي والمدعىعليه.
د - تاريخ الإخطار في الدعاوى التي يجب فيهاالإخطار.
ه - ما يتوافر من معلومات عن نشاط الطرف إذا كانتاجراً.
و - رقم رخصة المحاماة إذا كانت الدعوى يجب رفعها منمحام.
ز - بيانات الدعاوى المرتبطة - إن وجدت-.",True
Q029,formal_paraphrase,ما متطلبات بيانات أطراف الدعوى عند تقديم صحيفة الدعوى؟,3,0.031498,نظام المحاكم التجارية,المادة العشرون,"المادة العشرون
١.ترفع الدعوى بصحيفة تودع لدى المحكمة؛ وتحدد اللائحة الدعاوى التي يجب رفعها منمحام.
"".يجب أن تتضمن صحيفة الدعوىالآتي:
أ-بيانات الأطراف وممثليهم وصفاتهم وعناوينهم» والبيانات والوثائق التي تحددهااللائحة.
ب-حصر الطلبات» وتحديد جميع أسانيدالدعوى.
"".لا يجمع في صحيفة الدعوى بين عدة طلبات لا رابطبينها.",False
Q029,formal_paraphrase,ما متطلبات بيانات أطراف الدعوى عند تقديم صحيفة الدعوى؟,4,0.016129,نظام المرافعات الشرعية,المادة الحادية والأربعون معدلة,"المادة الحادية والأربعون معدلة
-١ ترفع الدعوى من المدعي بصحيفة -موقعة منه أو ممن يمثله- تودع لدى المحكمة من أصل وصور بعدد المدعىعليهم.
ويجب أن تشمل صحيفة الدعوى البيااتالآنية:
أ- الاسم الكامل للمدعيء ورقم هويته» ومهنته أو وظيفته ومكان إقامته» ومكان عمله؛ والاسم الكامل لمَنْ يمثله» ورقم هويته» ومهنته أو وظيفته؛ ومكان إقامته ومكانعمله.
ب- الاسم الكامل للمدعى عليه؛ وما يتوافر من معلومات عن مهنته أو وظيفته» ومكان إقامته ومكان عمله؛ فإن لم يكن له مكان إقامة معلوم فآخر مكان إقامة كانله.
ج- تاريخ تقديمالصحيفة.
د- المحكمة المرفوعة أمامهاالدعوى.
ه- مكان إقامة مختار للمدعي في البلد الذي فيه مقر المحكمة إن لم يكن له مكان إقامةفيها.
و- موضوع الدعوىء وما يطلبه المدعيءوأسانيده.
ويكتفى بالنسبة إلى الأجهزة الحكومية في الفقرات (أء ب» ه) من هذه المادة بذكر الاسموالمقر.
وللمجلس الأعلى للقضاء عند الاقتضاء إضافة ما يلزم من وسائل وبيانتأخرى.
؟- لا يجمع في صحيفة الدعوى بين عدة طلبات لا رابطبينها.
""- أ- تسري على المنازعات العمالية الجماعية القواعد والإجراءات المقررة في المنازعات العمالية الأخرىء مالم يقرر المجلس الأعلى للقضاء خلافذلك.
ب- تكون المنازعة العمالية جماعية عندما تنشأ المنازعة بين واحد (أو أكثر) من أصحاب العمل وجميع عماله؛ أو فريق منهم؛ بسبب العمل أو شروطالعمل.",False
Q029,formal_paraphrase,ما متطلبات بيانات أطراف الدعوى عند تقديم صحيفة الدعوى؟,5,0.016129,اللائحة التنفيذية لنظام المحاكم التجارية,المادة الثامنة والثمانون بعد المائة,"المادة الثامنة والثمانون بعد المائة: تقديم طلب أمرالأداء
يجب أن يشتمل طلب إصدار أمر الأداء على بيانات صحيفة الدعوى المنصوص عليها في النظام واللائحة» وتطبق بشأنه الأحكام الواردة في المادة الحادية والعشرين منالنظام.",False
Q029,formal_paraphrase,ما متطلبات بيانات أطراف الدعوى عند تقديم صحيفة الدعوى؟,6,0.015873,نظام المحاكم التجارية,المادة السادسةوالعشرون,"المادة السادسةوالعشرون
للمحكمة عند تخلف أي من أطراف الدعوى عن تقديم ما طلب منه في الميعاد المحدد دون عذر؛ أن تقرر أيّا ممايأتي:
١.فرض الغرامة المنصوص عليها في الفقرة )١( من المادة (الثالثة عشرة ) من النظام» ويعد قرارها في هذا الشأننهائيًا.
”.عدم قبول الطلبات العارضة أو المقابلة من الطرف الذي تخلف عنالتقديم.",False
Q029,formal_paraphrase,ما متطلبات بيانات أطراف الدعوى عند تقديم صحيفة الدعوى؟,7,0.015625,نظام الإجراءات الجزائية,المادة السادسة والعشرون بعدالمائة,"المادة السادسة والعشرون بعدالمائة
إذا رأت النيابة العامة بعد انتهاء التحقيق أن الأدلة كافية ضد المتهم؛ فترفع الدعوى إلى المحكمة المختصة» وتكلف المتهم بالحضور أمامها. وترفع الدعوى وفق لائحة تشملالبيانات
الآنية:
١ - تعيين المتهم ببيان اسمه ولقبه وجنسيته وسنه ومكان إقامته ومهنته أو وظيفته ورقم هويتهوأهليته.
؟ - تعيين مدعي الحق الخاص - إن وجد - ببيان الاسم والصفة والعنوان ورقمالهوية.
"" - بيان الجريمة المنسوبة إلى المتهم» بتحديد الأركان المكونة لهاء وما يرتبط بها من ظروف مشددة أومخففة.
5 - ذكر النصوص الشرعية أو النظامية التي تنطبق عليهاء وتحديد نوع العقوبة حدًا كان أوتعزيرًا.
5 - بيان الأدلة على وقوع الجريمة» ونسبتها إلىالمتهم.
5 - بيان أسماء الشهود إنوجدوا.
“ا - اسم عضو النيابة العامةوتوقيعه.
وتبلغ النيابة العامة الخصوم بالأمر الصادر بإحالة الدعوى إلى المحكمة خلال خمسة أيام من تاريخصدوره.",False
Q029,formal_paraphrase,ما متطلبات بيانات أطراف الدعوى عند تقديم صحيفة الدعوى؟,8,0.015385,اللائحة التنفيذية لنظام التسجيل العيني للعقار.,المادة الثالثةوالثلاثون,"المادة الثالثةوالثلاثون
١ - يكون لكل عقار مشترك صحيفة أساسية» تتفرع عنها صحيفة عقارية مستقلة لكل عقار مفرزء تكون مرتبطة بالصحيفةالأساسية.
""- تسجل وثائق الملكية المشتركة الصادرة من الجهة المعنية بالفرزء في صحيفة العقار الأساسية» ويشار لها الصحائف المتفرعة عنهاء وتشمل الوثائق على سبيل المثال:(وثيقة
الأجزاء المشتركة» وثيقة فرزالوحدات).
؟ - تدون البيانات الجيومكانية لكل وحدة عقارية مفرزة بناء على ما يرد من الجهة المعنيةبالفرز.
ه - فيما عدا الأخطاء المادية البحتة تعدل بيانات الوحدة العقارية المفرزة بعد موافقة الجهة المعنية بالفرزء ما لم يحدث تأثيراً في بيانات بقية الوحدات المفرزة فيلزم موافقةذوي
الشأن.
5 - إذا دمج عقاران أو أكثرء ولكل عقار صحيفة عقارية مستقلة» فتدمج صحائف العقار في صحيفة واحدةجديدة.",False
Q029,formal_paraphrase,ما متطلبات بيانات أطراف الدعوى عند تقديم صحيفة الدعوى؟,9,0.014925,اللائحة التنفيذية لنظام المحاكم التجارية,المادة الثالثة والثمانون,"المادة الثالثة والثمانون : تهيئةالدعوى
تتولى الإدارة المختصة تهيئة الدعوى» ويشمل ذلكالآتي:
-١ إعداد التفرير الأولي عن الدعوىء؛ على أن يتضمن دراسة المسائل الأولية» وتحديد محل المنازعة بين الطرفين» ونطاقالأدلة.
؟- بيان الإجراءات التي تمت قبل القيد وفق أحكام الفقرة (؟) من المادة التاسعة عشرة منالنظام.
""- طلب إكمال أي متطلبات للتهيئة» بما في ذلكالآتي:
أ- طلب إكمال أي مستندات ذات صلة ببيانات ونشاط الأطراف أو أشير إليها في صحيفة الدعوى أو فيالمذكرات.",False
Q029,formal_paraphrase,ما متطلبات بيانات أطراف الدعوى عند تقديم صحيفة الدعوى؟,10,0.014706,نظام التسجيل العيني للعقار.,المادة السادسةعشرة,"المادة السادسةعشرة
يجب التأشير بالدعاوى المتعلقة بحق عيني عقاري أو بتصرف من التصرفات الواجب تسجيلهاء في السجل العقاريء متى تضمنت هذه الدعاوى إجراء تغيير في بيانات السجل؛ولا
تُسمع الدعوى إلا بعد تقديم ما يثبت حصول التأشير بمضمون الدعوى فيالسجل.
ولكل ذي مصلحة أن يقدم طلباً إلى المحكمة المختصة بصفة مستعجلة لمحو التأشير المشار إليه أعلاه» وتأمر المحكمة بمحوه متى تبين لها أن الدعوى التي تم التأشير بهاكيدية.",False
Q030,informal,إذا برفع دعوى تجارية، وش المعلومات اللي لازم أحطها؟,1,0.016393,اللائحة التنفيذية لنظام المحاكم التجارية,المادة السادسة والسبعون,"المادة السادسة والسبعون : بيانات صحيفةالدعوى
يجب أن تتضمن صحيفة الدعوى - إضافة إلى البيانات المنصوص عليها في النظام ونظام المرافعات الشرعية -الآتي:
أ- الاسم الكامل للشخص الطبيعي للمدعي والمدعىعليه.
ب - رقم الهوية للشخص الطبيعيء ورقم السجل التجاري للشخص الاعتباري» وترخيص الاستثمار للمستثمر الأجنبي -بحسب الأحوال- للمدعي والمدعىعليه.
د - تاريخ الإخطار في الدعاوى التي يجب فيهاالإخطار.
ه - ما يتوافر من معلومات عن نشاط الطرف إذا كانتاجراً.
و - رقم رخصة المحاماة إذا كانت الدعوى يجب رفعها منمحام.
ز - بيانات الدعاوى المرتبطة - إن وجدت-.",True
Q030,informal,إذا برفع دعوى تجارية، وش المعلومات اللي لازم أحطها؟,2,0.016393,نظام الإفلاس,المادة الثانية والستون,"المادة الثانية والستون :العقود
تنظر المحكمة في اعتراض الطرف المتعاقد المقدم أمامها -بناء على الفقرة (5) من المادة (الحادية والستين) من النظام- وتقضي بقبول الاعتراض إذا ثبتلها:
أ - أن إنهاء العقد -المبني على الفقرة )١( من المادة (الحادية والستين) من النظام- غير لازم لتنفيذ الخطة وحماية مصالح أغلبية الدائنين ويلحق ضرراً بالغاً بالطرفالمتعاقد.
ب- أن إنهاء العقد -المبني على الفقرة )١( من المادة (الحادية والستين) من النظام- غير لازم لتنفيذ الخطة وحماية مصالح أغلبيةالدائنين.",False
Q030,informal,إذا برفع دعوى تجارية، وش المعلومات اللي لازم أحطها؟,3,0.016129,اللائحة التنفيذية لنظام المحاكم التجارية,المادة الثانية عشرة بعد المائتين* رفع طلبالاستئناف,"المادة الثانية عشرة بعد المائتين* رفع طلبالاستئناف
يجب أن يتضمن طلب الاستئناف - إضافة إلى البيانات الواردة في الفقرة )١( من المادة الحادية والثمانين من النظام -الآتي:
أ- اسم المستأنف ورقم هويته؛ أو رقم السجل التجاري - بحسب الحال -» وعنوانه» ومن يمثله» ورقم رخصة المحاماة في الاعتراضات التي يجب رفعها منمحام.
ب - اسم المستأنف ضده ورقم هويته» أو رقم السجل التجاري -بحسب الحال-»وعنوانه.",False
Q030,informal,إذا برفع دعوى تجارية، وش المعلومات اللي لازم أحطها؟,4,0.016129,اللائحة التنفيذية لنظام المحاكم التجارية,المادة الثانية والستون بعد المائة,"المادة الثانية والستون بعد المائة: انتهاءالمرافعة
يقفل باب المرافعة بالتصريح بقفله» أو برفع الجلسة للمداولة» أو حجز القضية للنطقبالحكم.",False
Q030,informal,إذا برفع دعوى تجارية، وش المعلومات اللي لازم أحطها؟,5,0.015873,نظام المحاكم التجارية,المادة العشرون,"المادة العشرون
١.ترفع الدعوى بصحيفة تودع لدى المحكمة؛ وتحدد اللائحة الدعاوى التي يجب رفعها منمحام.
"".يجب أن تتضمن صحيفة الدعوىالآتي:
أ-بيانات الأطراف وممثليهم وصفاتهم وعناوينهم» والبيانات والوثائق التي تحددهااللائحة.
ب-حصر الطلبات» وتحديد جميع أسانيدالدعوى.
"".لا يجمع في صحيفة الدعوى بين عدة طلبات لا رابطبينها.",False
Q030,informal,إذا برفع دعوى تجارية، وش المعلومات اللي لازم أحطها؟,6,0.015873,لائحة قسمة الأموال المشتركة,المادة التاسعةوالثلاثون,"المادة التاسعةوالثلاثون
-١ كل منازعة من ذي شأن في صحة الجرد إدخالاً أو إخراجاً رفع وفقاً لإجراءات رفع الدعوى بصحيفة تودع لدى إدارة المحكمة التي تنظر في دعوى القسمة خلال الثلاثينيوماً
التالية للإبلاغ بإيداع قائمة الجرد. وتقيد إدارة المحكمة صحيفة المنازعة في يوم إيداعهاء وتحال فوراً إلىالدائرة.
""- إذا لم يسبق رفع المنازعة أمام القضاء فعلى الدائرة نظرها إن كانت ضمن اختصاصها النوعي والمكاني» وإلا أفهمت المنازع - بمحضر يدون في الضبط - برفع منازعتهأمام
المحكمة المختصة خلال ثلاثين يوماً من تاريخ الإفهام؛ وإذا لم يرفعها خلال هذه المدة ولم تر الدائرة موجباً للتوقفء أو رَفَعَها ولم يرد من المحكمة المختصة قرار بالحجزالتحفظي
بقدر موضوع النزاع؛ فتأمر الدائرة المصفي بالاستمرار في إجراءات التصفية في موضوعالمنازعة.",False
Q030,informal,إذا برفع دعوى تجارية، وش المعلومات اللي لازم أحطها؟,7,0.015625,اللائحة التنفيذية لنظام المحاكم التجارية,المادة الثامنة والأربعون,"المادة الثامنة والأربعون : إتاحة اطلاع العموم على بيانات الدعاوىالتجارية
يكون طلب الاطلاع وفق أحكام الفقرة )١( من المادة الثالثة عشرة من النظام إلكترونياً؛ ولا يجوز نشر أو تداول أي بيانات أو وثائق في القضية إلا وفق الأحكام المننصوصعليها
في الأنظمة والقرارات ذاتالصلة",False
Q030,informal,إذا برفع دعوى تجارية، وش المعلومات اللي لازم أحطها؟,8,0.015625,نظام المرافعات الشرعية,المادة السادسةوالستون,"المادة السادسةوالستون
على القاضي أن يسأل المدعي عما هو لازم لتحرير دعواه قبل استجواب المدعى عليه؛ وليس له السير فيها قبل ذلك» وإذا عجز المدعي عن تحريرها أو امتنع عن ذلك؛فيحكم
القاضي بصرف النظر عنالدعوى.",False
Q030,informal,إذا برفع دعوى تجارية، وش المعلومات اللي لازم أحطها؟,9,0.015385,اللائحة التنفيذية لنظام المحاكم التجارية,المادة الخمسون,"المادة الخمسون: إتاحة اطلاع العموم على بيانات الدعاوىالتجارية
-١ يكون تقرير سرية بعض أوراق الدعوى التجارية أو مستنداتها وفق أحكام الفقرة (؟) من المادة الثالثة عشرة من النظام بناءً على طلب يقدم من أي من الأطراف أو ذيمصلحة
متضمناً أسباب الطلب؛ وللمحكمة - عند الاقتضاء - تقرير سرية الأوراق أو المستندات مؤقتاً إلى حين الفصل فيالطلب.
؟- تفصل المحكمة في طلب السرية بقرار غير قابل للطعن بأي طريقء ولها في ذلكالآتي:
أ- تقرير سرية الأوراق أو المستندات لغير المحكمةوالأطراف.
ب - تقرير الاطلاع دون تداول الأوراق أوالمستندات.
ج - تقرير سرية الأوراق أو المستنداتمؤقتاً.",False
Q030,informal,إذا برفع دعوى تجارية، وش المعلومات اللي لازم أحطها؟,10,0.015385,اللائحة التنفيذية لنظام الإفلاس,المادة السادسةوالخمسون,"المادة السادسةوالخمسون
للأمين -بناءً على طلب المدين- أن يتقدم إلى المحكمة بطلب تأجيل إنهاء إجراء التصفية لسبب مقبول بما في ذلك إقامة دعوى ضد الغير للحصول على تعويض أو استردادأصل»
على أن يرفق بطلبه المعلومات والوثائق المحددةلذلك.
4 ب ا 000 ْ 4 5٠. ا*0
الفصل السادس إجراء التسويه الوقائيه لصغار المدينين: إنهاءالعقود",False
Q031,formal_direct,ما الإجراءات التي تتم في الجلسة التحضيرية قبل المرافعة؟,1,0.031778,اللائحة التنفيذية لنظام المحاكم التجارية,المادة الحادية والتسعون,"المادة الحادية والتسعون : تنظيم الجلساتوإدارتها
تُعقد الجلسة التحضيرية بحضور أطراف الدعوىء ويُعد -بناءً عليها- تقريرٌ يتضمن ما انتهت إليه الجلسة» ويعتمد من رئيسالدائرة.",False
Q031,formal_direct,ما الإجراءات التي تتم في الجلسة التحضيرية قبل المرافعة؟,2,0.016393,اللائحة التنفيذية لنظام المحاكم التجارية,المادة التسعون,"المادة التسعون: تنظيم الجلساتوإدارتها
تعقد المحكمة جلسة تحضيرية قبل المرافعة» على أن يجري فيهاالآتي:
أ- التحقق من الاختصاص القضائيء» وشروط قبولالدعوى.
ب - عرض الصلح علىالأطراف.
د - تحديد نطاق الأدلة وقائمةالشهود.
ه - اعتماد خطة إدارةالدعوى.",True
Q031,formal_direct,ما الإجراءات التي تتم في الجلسة التحضيرية قبل المرافعة؟,3,0.016129,اللائحة التنفيذية لطرق الاعتراض على الأحكام,المادة التاسعةوالعشرون,"المادة التاسعةوالعشرون
-١ للمحكمة أن تعهد إلى أحد قضاتها تحضير القضية وتهيئتها للمرافعة» بما في ذلك دراستها وتحديد نطاق الاستئناف؛ وعقد جلسة تحضيرية» واستكمال المستندات» واستدعاءذوي
الشأن لسؤالهم عن الوقائع التي يرى لزوم تحقيقهاء وإعداد مشروع مسودة الحكم؛ كما يجوز أن تعهد المحكمة بدراسة القضية والوقائع إلى الإدارةالمختصة.
؟- للمحكمة» وللقاضي الذي عهد إليه تحضير القضية أن يمكّن الخصوم من تبادل المذكرات والمستندات لدى الإدارة المختصة خلال مدة لا تتجاوز (عشرين) يومّاء على أنتُحتَدَ
عدد المذكرات؛ وموعد إيداع كل منهاء وموعد الجلسةالتالية.
-'٠"" يترتب على عدم تقديم المذكرة أو المستند في مرحلة تحضير القضية الأثر ذاته الذي يترتب على عدم تقديمه أمامالمحكمة.",False
Q031,formal_direct,ما الإجراءات التي تتم في الجلسة التحضيرية قبل المرافعة؟,4,0.016129,اللائحة التنفيذية لنظام المحاكم التجارية,المادة الثانية والتسعون,"المادة الثانية والتسعون : تنظيم الجلساتوإدارتها
للدائرة إسناد إدارة الجلسة التحضيرية لدارس القضية:؛ ولها الاستعانة في ذلك بالإدارةالمختصة.",False
Q031,formal_direct,ما الإجراءات التي تتم في الجلسة التحضيرية قبل المرافعة؟,5,0.015873,اللائحة التنفيذية لإجراءات الاستئناف,المادة السادسةعشرة,"المادة السادسةعشرة
للدائرة في سبيل نظر القضية مرافعة الآتي:
-١ أن تعهد إلى أحد قضاتها بتحضير القضية للمرافعة» ومن ذلك دراسة القضية؛ وما يقدم من مذكرات ومستندات» وإعداد مشروع مسودة الحكم» دون سماع أقوالالخصوم.
-١ أن تمكن الخصوم بمحضر الجلسة من تبادل المذكرات والمستندات لدى إدارة المحكمة خلال مدة لا تتجاوز عشرين يوماًء على أن تحدد عدد المذكرات؛ وموعد إيداع كلمنهاء",False
Q031,formal_direct,ما الإجراءات التي تتم في الجلسة التحضيرية قبل المرافعة؟,6,0.015873,اللائحة التنفيذية لنظام المحاكم التجارية,المادة الثالثة والأربعون بعد المائتين,"المادة الثالثة والأربعون بعد المائتين: إجراءات نظر الدعاوىاليسيرة
على المدعى عليه في الدعاوى اليسيرة أن يودع مذكرة بدفاعه مشتملة على جوابه عن الدعوى وجميع دفوعه» وتحديد طلباته وجميع أسانيده» وذلك قبل يوم واحد على الأقل منميعاد
عقد الجلسة التحضيرية»؛ وتتولى الإدارة المختصة التحقق من إكمالهاء وإكمال أوراق الدعوى؛ ودراسةالقضية.",False
Q031,formal_direct,ما الإجراءات التي تتم في الجلسة التحضيرية قبل المرافعة؟,7,0.015625,نظام التحكيم,المادة الثالثةوالثلاثون,"المادة الثالثةوالثلاثون
-١ تعقد هيئة التحكيم جلسات مرافعة لتمكين كل من الطرفين من شرح موضوع الدعوى وعرض حججه وأدلته ولها الاكتفاء بتقديم المذكرات والوثائق المكتوبة» ما لم يتفقطرفا
التحكيم على غيرذلك.
؟- يجب إبلاغ طرفي التحكيم على عناوينهم الثتابتة لدى هيئة التحكيم بموعد أي جلسة مرافعة شفهية» وموعد النطق بالحكم؛ وأي اجتماع لهيئة التحكيم لأغراض معاينة محلالنزاع»
؟- تدون هيئة التحكيم خلاصة ما يدور في الجلسة في محضر يوقعه الشهود أو الخبراء والحاضرون من الطرفينء أو وكلائهم» وأعضاء هيئة التحكيم » وتسلم صورة منه إلىكل
من الطرفين» ما لم يتفق طرفا التحكيم على غيرذلك.",False
Q031,formal_direct,ما الإجراءات التي تتم في الجلسة التحضيرية قبل المرافعة؟,8,0.015625,نظام الإجراءات الجزائية,المادة الثانية والأربعون بعدالمائة,"المادة الثانية والأربعون بعدالمائة
ضبط الجلسة وإدارتها منوطان برئيسهاء وله في سبيل ذلك أن يخرج من قاعة الجلسة من يخل بنظامهاء فإن لم يمتثل كان للمحكمة أن تأمر على الفور بسجنه مدة لا تزيد علىأربع
وعشرين ساعة, ويكون أمرها نهائيّاء وللمحكمة إلى ما قبل انتهاء الجلسة أن ترجع عن ذلكالأمر.",False
Q031,formal_direct,ما الإجراءات التي تتم في الجلسة التحضيرية قبل المرافعة؟,9,0.015385,نظام الإجراءات الجزائية,المادة الخامسة والخمسون بعدالمائة,"المادة الخامسة والخمسون بعدالمائة
يجب أن يحضر جلسات المحكمة كاتب يتولى تحرير محضر الجلسة تحت إشراف رئيس الجلسة. ويبين في المحضر اسم القاضي أو القضاة المكونين لهيئة المحكمة والمدعيالعام»
ومكان انعقاد الجلسة» ووقت انعقادهاء ومستند نظر الدعوىء وأسماء الخصوم الحاضرين:ء والمدافعين عنهم: وأقوالهم وطلباتهم» وملخص مرافعاتهم؛ والأدلة من شهادةوغيرهاء
وجميع الإجراءات التي تتخذ في الجلسة» ومنطوق الحكم ومستنده. ويوقع رئيس الجلسة والقضاة المشاركون معه والكاتب ومن حضر من الخصوم والمدافعين عنهموالشهود
وغيرهم على محضر الجلسة. فإن امتنع أحدهم عن التوقيع أثبت ذلك فيالمحضر.",False
Q031,formal_direct,ما الإجراءات التي تتم في الجلسة التحضيرية قبل المرافعة؟,10,0.015152,اللائحة التنفيذية لنظام المحاكم التجارية,المادة الرابعة والأربعون بعد المائتين,"المادة الرابعة والأربعون بعد المائتين: إجراءات نظر الدعاوىاليسيرة
تعقد المحكمة الجلسة التحضيرية المنصوص عليها في المادة التسعين من اللائحة؛ وإذا تحققت الدائرة من الاختصاص والمسائل الأولية» فتفصل في الدعوى مالم ترضرورة
لإجراء تبادل المذكرات؛ على ألا تتجاوز مدة تبادل المذكرات خمسة عشريوماً.",False
Q032,formal_paraphrase,ما الموضوعات التي تنظر فيها المحكمة خلال الجلسة التحضيرية؟,1,0.016393,اللائحة التنفيذية لنظام المحاكم التجارية,المادة التسعون,"المادة التسعون: تنظيم الجلساتوإدارتها
تعقد المحكمة جلسة تحضيرية قبل المرافعة» على أن يجري فيهاالآتي:
أ- التحقق من الاختصاص القضائيء» وشروط قبولالدعوى.
ب - عرض الصلح علىالأطراف.
د - تحديد نطاق الأدلة وقائمةالشهود.
ه - اعتماد خطة إدارةالدعوى.",True
Q032,formal_paraphrase,ما الموضوعات التي تنظر فيها المحكمة خلال الجلسة التحضيرية؟,2,0.016393,اللائحة التنفيذية لطرق الاعتراض على الأحكام,المادة الرابعةوالعشرون,"المادة الرابعةوالعشرون
-١ في الأحوال التي ينظر فيها الاستئناف مرافعة» تتحقق المحكمة -قبل الجلسة الأولى- من المسائل الأولية المتعلقة بالاختصاصء وشروط قبول طلبالاستئناف.
""- في الأحوال التي ينظر فيها الاستئناف تدقيقّاء تتحقق المحكمة من المسائل الأولية المتعلقة بالاختصاصء وشروط قبول طلب الاستئناف خلال (خمسة) أيام من تاريخإحالة
القضيةإليها.",False
Q032,formal_paraphrase,ما الموضوعات التي تنظر فيها المحكمة خلال الجلسة التحضيرية؟,3,0.016129,اللائحة التنفيذية لنظام المحاكم التجارية,المادة الحادية والتسعون,"المادة الحادية والتسعون : تنظيم الجلساتوإدارتها
تُعقد الجلسة التحضيرية بحضور أطراف الدعوىء ويُعد -بناءً عليها- تقريرٌ يتضمن ما انتهت إليه الجلسة» ويعتمد من رئيسالدائرة.",False
Q032,formal_paraphrase,ما الموضوعات التي تنظر فيها المحكمة خلال الجلسة التحضيرية؟,4,0.016129,اللائحة التنفيذية لنظام الإجراءات الجزائية,المادة الحاديةوالتسعون,"المادة الحاديةوالتسعون
يُرجِع في تقدير توقف الحكم في الدعوى الجزائية على نتيجة الفصل في دعوى جزائية أخرى؛ إلى المحكمة التي تنظر الدعوىالجزائية. -١
؟ - إذا قررت المحكمة وقف دعوى منظورة أمامها يتوقف الفصل فيها على نتيجة الفصل في دعوى جزائية أخرى؛ فتحيط المحكمة التي تنظر الدعوى الجزائية الأخرىبذلك.
الفصل الثاني تنازعالاختصاص",False
Q032,formal_paraphrase,ما الموضوعات التي تنظر فيها المحكمة خلال الجلسة التحضيرية؟,5,0.015873,اللائحة التنفيذية لطرق الاعتراض على الأحكام,المادة التاسعةوالعشرون,"المادة التاسعةوالعشرون
-١ للمحكمة أن تعهد إلى أحد قضاتها تحضير القضية وتهيئتها للمرافعة» بما في ذلك دراستها وتحديد نطاق الاستئناف؛ وعقد جلسة تحضيرية» واستكمال المستندات» واستدعاءذوي
الشأن لسؤالهم عن الوقائع التي يرى لزوم تحقيقهاء وإعداد مشروع مسودة الحكم؛ كما يجوز أن تعهد المحكمة بدراسة القضية والوقائع إلى الإدارةالمختصة.
؟- للمحكمة» وللقاضي الذي عهد إليه تحضير القضية أن يمكّن الخصوم من تبادل المذكرات والمستندات لدى الإدارة المختصة خلال مدة لا تتجاوز (عشرين) يومّاء على أنتُحتَدَ
عدد المذكرات؛ وموعد إيداع كل منهاء وموعد الجلسةالتالية.
-'٠"" يترتب على عدم تقديم المذكرة أو المستند في مرحلة تحضير القضية الأثر ذاته الذي يترتب على عدم تقديمه أمامالمحكمة.",False
Q032,formal_paraphrase,ما الموضوعات التي تنظر فيها المحكمة خلال الجلسة التحضيرية؟,6,0.015873,نظام المرافعات الشرعية,المادة الثالثةوالسبعون,"المادة الثالثةوالسبعون
-١ إدارة الجلسة وضبطها منوطان برئيسهاء وله في سبيل ذلك أن يُخرج من قاعة الجلسة من يخل بنظامهاء فإن لم يمتثل كان للمحكمة أن تأمر -على الفور- بحبسه مدة لاتزيد
على أربع وعشرين ساعة» ويكون أمرها نهائيآء وللمحكمة أن ترجع عن ذلكالآمر.
-١ على رئيس الجلسة أن يأمر بكتابة محضر عن كل جريمة تقع أثناء انعقاد الجلسة» ثم إحالتها إلى النيابة العامة لاستكمال ما يلزم نظاماًء وله أن يأمر بالقبض على من وقعتمنه
الجريمة.
""- تنظر المحكمة التي أصدرت الحكم دعوى التعويض عن الأضرار الناتجة من المماطلة في أداء الحقوق محلالدعوى.",False
Q032,formal_paraphrase,ما الموضوعات التي تنظر فيها المحكمة خلال الجلسة التحضيرية؟,7,0.015625,اللائحة التنفيذية لنظام المحاكم التجارية,المادة الرابعة والأربعون بعد المائتين,"المادة الرابعة والأربعون بعد المائتين: إجراءات نظر الدعاوىاليسيرة
تعقد المحكمة الجلسة التحضيرية المنصوص عليها في المادة التسعين من اللائحة؛ وإذا تحققت الدائرة من الاختصاص والمسائل الأولية» فتفصل في الدعوى مالم ترضرورة
لإجراء تبادل المذكرات؛ على ألا تتجاوز مدة تبادل المذكرات خمسة عشريوماً.",False
Q032,formal_paraphrase,ما الموضوعات التي تنظر فيها المحكمة خلال الجلسة التحضيرية؟,8,0.015625,اللائحة التنفيذية لنظام الإجراءات الجزائية,المادة السابعة,"المادة السابعة
-١ يُقصد بالأفعال المشار إليها في المادة (العشرين) من النظام؛ ما كان خارج الجلسة» وتطبق فيما كان داخلها أحكام الفصل (الثالث) من الباب (السادس) من النظام وأحكامالفصل
(الثالث) من الباب (السادس) مناللائحة.
” - إذا كان نظر تلك الأفعال يتطلب عدداً أكبر من القضاة فتحيلها الدائرة القضائية التي تنظر الدعوى الجزائية إلى دائرة قضائية مختصة يتوافر فيها العددالمطلوب.
- يكون النظر في هذه الأفعال في ضبط مستقلء ما لم تر الدائرة نظرها في ضبط الدعوىالأصلية.",False
Q032,formal_paraphrase,ما الموضوعات التي تنظر فيها المحكمة خلال الجلسة التحضيرية؟,9,0.015385,نظام الإفلاس,المادة الخامسة عشرة,"المادة الخامسة عشرة : صلاحيات المحكمة في افتتاح إجراء التسويةالوقائية
-١ تحدد المحكمة موعداً للنظر في طلب افتتاح إجراء التسوية الوقائية على أن يكون الموعد خلال مدة لا تزيد على (أربعين) يوماً من تاريخ قيد الطلب» وتبلغ المحكمة المدينبموعد
الجلسة خلال (خمسة) أيام من تاريخ قيد الطلب» وتقضي المحكمة بأي ممايأتي:
أ- افتتاح الإجراءإذا:
-١ ترجح لديها إمكانية استمرار نشاط المدين وتسوية مطالبات الدائنين خلال مدةمعقولة.
؟- كان المدين مفلساً أو متعثراً أو من المرجح أن يعاني من اضطرابات مالية يخشى معهاتعثره.
-٠ قدم المدين المعلومات والوثائق المشار إليها في المادة (الرابعة عشرة ) منالنظام.
5- بذل المدين العناية الواجبة في تصنيف الدائنين إلى أكثر من فئة بشكلعادل.
ب- رفض الطلب في الحالاتالآتية:
-١ إذا كان الطلب غير مستوف للمتطلبات النظامية أو غير مكتمل دون مسوغمقبول.
-١ إذا تصرف مقدم الطلب بسوء نية أو ارتكب أياً من الأفعال المجرّمة فيالنظام.
وللمحكمة إذا قضت برفض الطلب أن تقضي بافتتاح إجراء الإفلاسالمناسب.
ج- تأجيل الجلسة لمدة لا تزيد على (واحد وعشرين) يوماً لأي من الأسبابالآتية:
-١ طلب المحكمة من المدين تعديل تصنيف فتئات الدائنين الوارد في المقترح بما يضمن عدالةتصنيفهم.
ويلتزم المدين بتقديم المعلومات أو الوثائق أو ما يفيد تعديل تصنيف فتئات الدائنين إلى المحكمة في الموعد الذي تحدده؛ وذلك قبل حلول موعد الجلسة المؤجلة» على أن تقضيالمحكمة
بافتتاح الإجراء أو رفض الطلب وفق أحكام هذهالمادة .
-١ للمحكمة من تلقاء نفسها أو بطلب من المدين أو أي من الدائنين استدعاء من لديه معلومات أو وثائق ذات صلة بطلب افتتاح الإجراء لحضور جلسة النظر فيه» وعلىالمستدعى
تزويد المحكمة بما تطلبه من معلومات أووثائق.
""- على المدين تبليغ الدائنين المحددين في المقترح بحكم المحكمة وفقاً لما تحدده اللائحة» وإيداع نسخة من الحكم في سجلالإفلاس.",False
Q032,formal_paraphrase,ما الموضوعات التي تنظر فيها المحكمة خلال الجلسة التحضيرية؟,10,0.015385,الأدلة الإجرائية لنظام الإثبات,المادة الثامنةوالسبعون,"المادة الثامنةوالسبعون
-١ يكون طعن المشهود عليه في الشهادة أو الشاهد في الجلسة ذاتها التي أديت فيها الشهادة» وعليه أن يبين وجه الطعن: ما لم تقرر المحكمة إمهاله عندالاقتضاء.
؟- يثبت الطعن» وما تقرره المحكمة بشأنه مع أسبابه في المحضر أو الحكم بحسبالأحوال.",False
Q033,informal,وش يصير بالجلسة التحضيرية قبل تبدأ المرافعة؟,1,0.030579,اللائحة التنفيذية لنظام المحاكم التجارية,المادة الحادية والتسعون,"المادة الحادية والتسعون : تنظيم الجلساتوإدارتها
تُعقد الجلسة التحضيرية بحضور أطراف الدعوىء ويُعد -بناءً عليها- تقريرٌ يتضمن ما انتهت إليه الجلسة» ويعتمد من رئيسالدائرة.",False
Q033,informal,وش يصير بالجلسة التحضيرية قبل تبدأ المرافعة؟,2,0.016393,اللائحة التنفيذية لنظام المحاكم التجارية,المادة التسعون,"المادة التسعون: تنظيم الجلساتوإدارتها
تعقد المحكمة جلسة تحضيرية قبل المرافعة» على أن يجري فيهاالآتي:
أ- التحقق من الاختصاص القضائيء» وشروط قبولالدعوى.
ب - عرض الصلح علىالأطراف.
د - تحديد نطاق الأدلة وقائمةالشهود.
ه - اعتماد خطة إدارةالدعوى.",True
Q033,informal,وش يصير بالجلسة التحضيرية قبل تبدأ المرافعة؟,3,0.016393,نظام المعاملات المدنية,المادة الثالثة,"المادة الثالثة
-١ تبدأ شخصية الإنسان بتمام ولادته حيّاً وتنتهيبموته.
؟- حقوق الحمل المستكن تحددها النصوصالنظامية.
-١ تبدأ شخصية الإنسان بتمام ولادته حيّاً وتنتهيبموته.
؟- حقوق الحمل المستكن تحددها النصوصالنظامية.",False
Q033,informal,وش يصير بالجلسة التحضيرية قبل تبدأ المرافعة؟,4,0.016129,اللائحة التنفيذية لطرق الاعتراض على الأحكام,المادة التاسعةوالعشرون,"المادة التاسعةوالعشرون
-١ للمحكمة أن تعهد إلى أحد قضاتها تحضير القضية وتهيئتها للمرافعة» بما في ذلك دراستها وتحديد نطاق الاستئناف؛ وعقد جلسة تحضيرية» واستكمال المستندات» واستدعاءذوي
الشأن لسؤالهم عن الوقائع التي يرى لزوم تحقيقهاء وإعداد مشروع مسودة الحكم؛ كما يجوز أن تعهد المحكمة بدراسة القضية والوقائع إلى الإدارةالمختصة.
؟- للمحكمة» وللقاضي الذي عهد إليه تحضير القضية أن يمكّن الخصوم من تبادل المذكرات والمستندات لدى الإدارة المختصة خلال مدة لا تتجاوز (عشرين) يومّاء على أنتُحتَدَ
عدد المذكرات؛ وموعد إيداع كل منهاء وموعد الجلسةالتالية.
-'٠"" يترتب على عدم تقديم المذكرة أو المستند في مرحلة تحضير القضية الأثر ذاته الذي يترتب على عدم تقديمه أمامالمحكمة.",False
Q033,informal,وش يصير بالجلسة التحضيرية قبل تبدأ المرافعة؟,5,0.016129,نظام المعاملات المدنية,المادة الثانية عشرة بعدالأربعمائة,"المادة الثانية عشرة بعدالأربعمائة
تبدأ مدة الإيجار من التاريخ المحدد في العقدء فإذا لم يحدد فمن تاريخ انعقادالعقد.
تبدأ مدة الإيجار من التاريخ المحدد في العقدء فإذا لم يحدد فمن تاريخ انعقادالعقد.",False
Q033,informal,وش يصير بالجلسة التحضيرية قبل تبدأ المرافعة؟,6,0.015873,اللائحة التنفيذية لنظام المحاكم التجارية,المادة الثالثة والعشرون بعد المائتين,"المادة الثالثة والعشرون بعد المائتين: إجراءات الاستئنافمرافعة
إذا رأت الدائرة تأجيل الجلسة وفق أحكام الفقرة (؟) من المادة الرابعة والثمانين من النظام؛ فلا يلزم إعادة تبليغ المستأنف بالجلسة المحددة إذا كان قد سبقتبليغه.",False
Q033,informal,وش يصير بالجلسة التحضيرية قبل تبدأ المرافعة؟,7,0.015625,اللائحة التنفيذية لإجراءات الاستئناف,المادة السادسةعشرة,"المادة السادسةعشرة
للدائرة في سبيل نظر القضية مرافعة الآتي:
-١ أن تعهد إلى أحد قضاتها بتحضير القضية للمرافعة» ومن ذلك دراسة القضية؛ وما يقدم من مذكرات ومستندات» وإعداد مشروع مسودة الحكم» دون سماع أقوالالخصوم.
-١ أن تمكن الخصوم بمحضر الجلسة من تبادل المذكرات والمستندات لدى إدارة المحكمة خلال مدة لا تتجاوز عشرين يوماًء على أن تحدد عدد المذكرات؛ وموعد إيداع كلمنهاء",False
Q033,informal,وش يصير بالجلسة التحضيرية قبل تبدأ المرافعة؟,8,0.015625,اللائحة التنفيذية لنظام المحاكم التجارية,المادة الثالثة والأربعون بعد المائتين,"المادة الثالثة والأربعون بعد المائتين: إجراءات نظر الدعاوىاليسيرة
على المدعى عليه في الدعاوى اليسيرة أن يودع مذكرة بدفاعه مشتملة على جوابه عن الدعوى وجميع دفوعه» وتحديد طلباته وجميع أسانيده» وذلك قبل يوم واحد على الأقل منميعاد
عقد الجلسة التحضيرية»؛ وتتولى الإدارة المختصة التحقق من إكمالهاء وإكمال أوراق الدعوى؛ ودراسةالقضية.",False
Q033,informal,وش يصير بالجلسة التحضيرية قبل تبدأ المرافعة؟,9,0.015385,نظام التحكيم,المادة الثالثةوالثلاثون,"المادة الثالثةوالثلاثون
-١ تعقد هيئة التحكيم جلسات مرافعة لتمكين كل من الطرفين من شرح موضوع الدعوى وعرض حججه وأدلته ولها الاكتفاء بتقديم المذكرات والوثائق المكتوبة» ما لم يتفقطرفا
التحكيم على غيرذلك.
؟- يجب إبلاغ طرفي التحكيم على عناوينهم الثتابتة لدى هيئة التحكيم بموعد أي جلسة مرافعة شفهية» وموعد النطق بالحكم؛ وأي اجتماع لهيئة التحكيم لأغراض معاينة محلالنزاع»
؟- تدون هيئة التحكيم خلاصة ما يدور في الجلسة في محضر يوقعه الشهود أو الخبراء والحاضرون من الطرفينء أو وكلائهم» وأعضاء هيئة التحكيم » وتسلم صورة منه إلىكل
من الطرفين» ما لم يتفق طرفا التحكيم على غيرذلك.",False
Q033,informal,وش يصير بالجلسة التحضيرية قبل تبدأ المرافعة؟,10,0.015385,اللائحة التنفيذية لنظام التحكيم,المادة الحاديةعشرة,"المادة الحاديةعشرة
إذا تعددت أطراف التحكيم؛ تبدأ الإجراءات من اليوم الذي يتسلم فيه آخر طرف طلبالتحكيم.",False
Q034,formal_direct,هل يجوز استخدام تقنيات الذكاء الاصطناعي في الإجراءات الإلكترونية؟,1,0.032787,اللائحة التنفيذية لنظام المحاكم التجارية,المادة الرابعة والعشرون,"المادة الرابعة والعشرون : أحكامعامة
يجوز الاستفادة من تقنيات الذكاء الاصطناعي في الإجراءات الإلكترونية, ويستغنى عن أي إجراء تحققت غايته باستخدام تلكالتقنية.",True
Q034,formal_direct,هل يجوز استخدام تقنيات الذكاء الاصطناعي في الإجراءات الإلكترونية؟,2,0.032002,الأدلة الإجرائية لنظام الإثبات,المادة الثالثةوالعشرون,"المادة الثالثةوالعشرون
يجوز الاستعانة بالتقنيات الحديثة في إجراءات الإثبات» بما في ذلك الذكاء الاصطناعيء ويُستغنى عن أي إجراء تحققت غايته باستخدام هذهالتقنيات.",False
Q034,formal_direct,هل يجوز استخدام تقنيات الذكاء الاصطناعي في الإجراءات الإلكترونية؟,3,0.016129,لائحة مقدمي خدمات التنفيذ,المادة السادسةعشرة,"المادة السادسةعشرة
يصدر الوكيل ما يلزم لإنفاذ اللائحة من قرارات وأدلة ونماذج» وتتولى الوكالة الإشراف على مقدمي الخدمة» ولها رقمنة جميع الإجراءات الواردة في هذه اللائحة أو بعضهاوإلزام
مقدمي الخدمة بذلك؛ وللوكالة استخدام تقنيات الذكاء الاصطناعي للقيام بخدماتالتنفيذ.",False
Q034,formal_direct,هل يجوز استخدام تقنيات الذكاء الاصطناعي في الإجراءات الإلكترونية؟,4,0.015873,اللائحة التنفيذية لنظام التكاليف القضائية,المادة الخامسةعشرة,"المادة الخامسةعشرة
يكون تنفيذ الإجراءات الواردة في النظام واللائحة في أي وقت باستعمال الوسائل الإلكترونية المعتمدة» وإذا تعذر تنفيذ أي من الإجراءات بالوسائل الإلكترونية المعتمدة»فيجوز
تنفيذه بالطرقالعادية.",False
Q034,formal_direct,هل يجوز استخدام تقنيات الذكاء الاصطناعي في الإجراءات الإلكترونية؟,5,0.015625,ضوابط إجراءات الإثبات إلكترونياً,المادة العشرون,"المادة العشرون
يجوز أن تتم إجراءات الخبرة إلكترونياء بما في ذلكالآتي:
1[. إجراءات تعيين الخبير»واختياره.
2 إبلاغ الخبير بقرارالندب.
3. طلب ردالخبير.
4. إيداع تقريرالخبرة.
5. مناقشة الخبير فيتقريره.",False
Q034,formal_direct,هل يجوز استخدام تقنيات الذكاء الاصطناعي في الإجراءات الإلكترونية؟,6,0.015625,اللائحة التنفيذية لنظام المحاكم التجارية,المادة الثلاثون,"المادة الثلاثون: الترافع عنبُعد
يجوز إجراء الترافع عن بعد - في كافة الدعاوى والطلبات التي تختص المحكمة بنظرها - عبر استخدام وسائل الاتصال عن بعد المعتمدة من الوزارة» ودون الإخلالبعلنية
الجلسات.
الفصل الخامس:الاختصاص",False
Q034,formal_direct,هل يجوز استخدام تقنيات الذكاء الاصطناعي في الإجراءات الإلكترونية؟,7,0.015385,ضوابط إجراءات الإثبات إلكترونياً,المادة الثانيةوالعشرون,"المادة الثانيةوالعشرون
يجوز أن تتم جميع إجراءات الخبرة في المسائل الفنية اليسيرةإلكترونياً.
الأحكامالختاميهة",False
Q034,formal_direct,هل يجوز استخدام تقنيات الذكاء الاصطناعي في الإجراءات الإلكترونية؟,8,0.015385,اللائحة التنفيذية لنظام التسجيل العيني للعقار.,المادة الرابعةوالأربعون,"المادة الرابعةوالأربعون
يجوز استخدام البيانات المتعلقة بالأعمال المساحية المعتمدة من جهة الاختصاص دون أن تجري الهيئة تلك الأعمال» وذلك وفق مايلي:
أ- أن تكون تلك البيانات معتمدة من جهة مختصة للقيامبها.
ب- موافقة البيانات لصكوكالملكية.",False
Q034,formal_direct,هل يجوز استخدام تقنيات الذكاء الاصطناعي في الإجراءات الإلكترونية؟,9,0.015152,اللائحة التنفيذية لنظام التوثيق,المادة العشرون,"المادة العشرون
-١ تعد وسائل التحقق الإلكترونية المعتمدة من الوزارة توقيعاًمعتمداً.
؟- يكون إجراء التوثيق وإصدار وثائقه عبر الوسائل الإلكترونية المعتمدة منالوزارة.
-'٠ يستفاد من التقنيات الحديثة والذكاء الاصطناعي في إجراءات التوثيق» ويستغنى عن أي إجراء تحققت غايته باستخدام تلكالتقنيات.
الفصل الثالث أوعية التوثيقوحفظها",False
Q034,formal_direct,هل يجوز استخدام تقنيات الذكاء الاصطناعي في الإجراءات الإلكترونية؟,10,0.014925,لائحة التصرف بالعقارات البلدية,المادة التاسعة,"المادة التاسعة
لا يجوز استخدام العقار البلدي المستثمر لغير النشاط الذي خصص من أجله في إعلان المنافسة العامة» وفي حال رغبة المستثمر تغيير النشاط بسبب تغير أوضاع السوقءوتوافق
ذلك مع المصلحة العامة ومصلحة التخطيطء فيعاد تقدير قيمة الاستثمار من قبل لجنة الاستثمارء وفي حال قبول المستثمر لقيمة الاستثمار الجديدة» يتم أخذ موافقة الوزير قبلاتخاذ",False
Q035,formal_paraphrase,ما حكم الاستفادة من الذكاء الاصطناعي في الإجراءات القضائية الإلكترونية؟,1,0.032787,اللائحة التنفيذية لنظام المحاكم التجارية,المادة الرابعة والعشرون,"المادة الرابعة والعشرون : أحكامعامة
يجوز الاستفادة من تقنيات الذكاء الاصطناعي في الإجراءات الإلكترونية, ويستغنى عن أي إجراء تحققت غايته باستخدام تلكالتقنية.",True
Q035,formal_paraphrase,ما حكم الاستفادة من الذكاء الاصطناعي في الإجراءات القضائية الإلكترونية؟,2,0.030622,الأدلة الإجرائية لنظام الإثبات,المادة الثالثةوالعشرون,"المادة الثالثةوالعشرون
يجوز الاستعانة بالتقنيات الحديثة في إجراءات الإثبات» بما في ذلك الذكاء الاصطناعيء ويُستغنى عن أي إجراء تحققت غايته باستخدام هذهالتقنيات.",False
Q035,formal_paraphrase,ما حكم الاستفادة من الذكاء الاصطناعي في الإجراءات القضائية الإلكترونية؟,3,0.029572,اللائحة التنفيذية لنظام التكاليف القضائية,المادة الخامسةعشرة,"المادة الخامسةعشرة
يكون تنفيذ الإجراءات الواردة في النظام واللائحة في أي وقت باستعمال الوسائل الإلكترونية المعتمدة» وإذا تعذر تنفيذ أي من الإجراءات بالوسائل الإلكترونية المعتمدة»فيجوز
تنفيذه بالطرقالعادية.",False
Q035,formal_paraphrase,ما حكم الاستفادة من الذكاء الاصطناعي في الإجراءات القضائية الإلكترونية؟,4,0.016129,لائحة مقدمي خدمات التنفيذ,المادة السادسةعشرة,"المادة السادسةعشرة
يصدر الوكيل ما يلزم لإنفاذ اللائحة من قرارات وأدلة ونماذج» وتتولى الوكالة الإشراف على مقدمي الخدمة» ولها رقمنة جميع الإجراءات الواردة في هذه اللائحة أو بعضهاوإلزام
مقدمي الخدمة بذلك؛ وللوكالة استخدام تقنيات الذكاء الاصطناعي للقيام بخدماتالتنفيذ.",False
Q035,formal_paraphrase,ما حكم الاستفادة من الذكاء الاصطناعي في الإجراءات القضائية الإلكترونية؟,5,0.015873,نظام التكاليف القضائية,المادة الثامنةعشرة,"المادة الثامنةعشرة
مع مراعاة ما تقضي به المادة (السابعة عشرة )» إذا صدر حكم في الدعوى لمصلحة المُعفى من التكاليف القضائية فيلزم المحكوم عليه بدفع التكاليفالقضائية.",False
Q035,formal_paraphrase,ما حكم الاستفادة من الذكاء الاصطناعي في الإجراءات القضائية الإلكترونية؟,6,0.015625,اللائحة التنفيذية لنظام المحاكم التجارية,المادة الحادية والأربعون بعدالمائة,"المادة الحادية والأربعون بعدالمائة :
للمحكمة أن تطلب من الطرف أن يقدم محتوى دليله الإلكتروني مكتوباًء أو بأي وسيلةإلكترونية.
الفصل الثامن:الخبرة",False
Q035,formal_paraphrase,ما حكم الاستفادة من الذكاء الاصطناعي في الإجراءات القضائية الإلكترونية؟,7,0.015625,لائحة الوثائق القضائية,المادة الخامسة,"المادة الخامسة
مع مراعاة المتطلبات النظامية التي من شأنها إضفاء الموثوقية والسلامة في البيانات» تدون الوثائق القضائية الكترونياًء ويكون لها حكم المحرراتالمكتوبة.
الفصل الثالثالضبط",False
Q035,formal_paraphrase,ما حكم الاستفادة من الذكاء الاصطناعي في الإجراءات القضائية الإلكترونية؟,8,0.015385,نظام المحاكم التجارية,المادة السابعة,"المادة السابعة
يجوز أن يكون أي من الإجراءات المنصوص عليها في النظام إلكترونيّاء بما في ذلك تقديم الدعاوى والطلبات وقيدهاء ونظرهاء والترافع عن بُعدء وتبادل المذكرات»؛والحكم»
والاعتراض. وتحدد اللائحة إجراءات إنفاذ أحكام هذه المادة بما في ذلك الأحكام المتعلقة بوقت اتخاذالإجراء.",False
Q035,formal_paraphrase,ما حكم الاستفادة من الذكاء الاصطناعي في الإجراءات القضائية الإلكترونية؟,9,0.015385,اللائحة التنفيذية لنظام الإجراءات الجزائية,المادة الثامنة والثلاثون بعدالمائة,"المادة الثامنة والثلاثون بعدالمائة
-١ يدون في ضبط الدعوى الحكمُْ الصادر - وفقا للمادة (الحادية والتسعين بعد المائة) من النظام- بعدم سماع الدعوى التي وُجد فيها عيب جوهري لا يمكن تصحيحه» ويصدربه
صك ويخضع لأحكام الاعتراض المنصوص عليها في النظامواللائحة.
” - إذا حكم بعدم سماع الدعوى؛ ثم صحح المدعي دعواه؛ فتنظرها الدائرة القضائية التي نظرتها سابقاً وفي محضر ضبط الدعوىنفسه.
الباب السابع طرق الاعتراض علىالاحكام
الفصل الأولالاستئناف
النظامواللائحة.
” - إذا حكم بعدم سماع الدعوى؛ ثم صحح المدعي دعواه؛ فتنظرها الدائرة القضائية التي نظرتها سابقاً وفي محضر ضبط الدعوىنفسه.
الباب السابع طرق الاعتراض علىالاحكام
الفصل الأولالاستئناف",False
Q035,formal_paraphrase,ما حكم الاستفادة من الذكاء الاصطناعي في الإجراءات القضائية الإلكترونية؟,10,0.015152,نظام التكاليف القضائية,المادة الخامسة,"المادة الخامسة
تُفرض على دعوى بطلان حكم التحكيم تكاليف قضائية بما نسبته )١190( من قيمة المبلغ المحكوم به على مدعي البطلان؛ إذا حكم برفض طلبه؛ وبحد أعلى مليونربال.",False
Q036,informal,المحكمة تقدر تستخدم AI في الإجراءات الإلكترونية؟,1,0.016393,اللائحة التنفيذية لنظام المحاكم التجارية,المادة الرابعة والعشرون,"المادة الرابعة والعشرون : أحكامعامة
يجوز الاستفادة من تقنيات الذكاء الاصطناعي في الإجراءات الإلكترونية, ويستغنى عن أي إجراء تحققت غايته باستخدام تلكالتقنية.",True
Q036,informal,المحكمة تقدر تستخدم AI في الإجراءات الإلكترونية؟,2,0.016393,نظام الإثبات,المادة الثالثةوالثمانون,"المادة الثالثةوالثمانون
تقدر المحكمة -بناءً على طلب الشاهد مصروفات انتقاله ومقابل تعطيله» ويتحملها الخصم الذي خسر الدعوىء إلا إذا كانت الخسارة نسبية فيتحمل كل من الخصوم بقدرخسارته.
وتبين المحكمة ذلك في الحكم الصادر في موضوعالدعوى.
الباب السادس القرائن وحجية الأمرالمقضى
الفصل الأولالقرائن",False
Q036,informal,المحكمة تقدر تستخدم AI في الإجراءات الإلكترونية؟,3,0.016129,نظام المحاكم التجارية,المادة السابعة,"المادة السابعة
يجوز أن يكون أي من الإجراءات المنصوص عليها في النظام إلكترونيّاء بما في ذلك تقديم الدعاوى والطلبات وقيدهاء ونظرهاء والترافع عن بُعدء وتبادل المذكرات»؛والحكم»
والاعتراض. وتحدد اللائحة إجراءات إنفاذ أحكام هذه المادة بما في ذلك الأحكام المتعلقة بوقت اتخاذالإجراء.",False
Q036,informal,المحكمة تقدر تستخدم AI في الإجراءات الإلكترونية؟,4,0.016129,نظام المحاماة,المادة الثامنةوالعشرون,"المادة الثامنةوالعشرون
في حالة وفاة المحامي وعدم اتفاق الورثة والموكل على تحديد الأتعاب » تقدر المحكمة التي نظرت في القضية أتعابه في ضوء الجهد المبذول والنفع الذي عاد على الموكلوالمرحلة
التي بلغتها القضية والاتفاقالمعقود.
الباب التالث تاديبالمحامى",False
Q036,informal,المحكمة تقدر تستخدم AI في الإجراءات الإلكترونية؟,5,0.015873,القواعد المنظمة لإجراءات قضايا الإفلاس في المحاكم التجارية,المادة الثالثةعشرة,"المادة الثالثةعشرة
-١ للمحكمة -عند الاقتضاء- عقد جلساتها خارج مقرهاء أو عبر وسائل الاتصالالحديثة.
-١ للمحكمة -عند الاقتضاء- الاكتفاء بتوقيع بيان بحضور الجلسة» أو إثبات الحضورإلكترونيًا.
-٠"" إذا لم يتضمن محضر الضبط أقوالاً منسوبة لأحد الخصوم.ء أو غيرههم؛ أو إقرارّاء أو شهادة؛ فيكتفى بتوقيع قضاة الدائرة» وكاتب الضبط دونغيرهم.
5- يجوز أن يكون من الإجراءات المنصوص عليها في النظامء أو اللائحة التنفيذية إلكترونيّاء بما في ذلك تقديم وقيد الطلبات» ونظرها وتبادل المذكراتء والحكم والاعتراضعليه.
َ إلى 5 موف
إصدار الاحكام والقرارات والاعتراضعليها.",False
Q036,informal,المحكمة تقدر تستخدم AI في الإجراءات الإلكترونية؟,6,0.015873,نظام مكافحة جرائم الإرهاب وتمويله,المادة السابعةوالأربعون,"المادة السابعةوالأربعون
يُعاقب بالسجن مدة لا تزيد على (خمس عشرة ) سنة ولا تقل عن (خمس) سنوات» كل من قام بتقديم أموال أو جمعها أو تسلمها أو خصصها أو نقلها أو حولها أو حازها أو دعاإلى
التبرع بها- بأي وسيلة كانت بصورة مباشرة أو غير مباشرة من مصدر مشروع أو غير مشروع- بغرض استخدامها كليأ أو جزئيأ لارتكاب أي من الجرائم المنصوص عليهافي
النظام؛ أو كان عالماً بأنها سوف تستخدم كلياً أو جزئياً في تمويل جريمة إرهابية داخل المملكة أو خارجها أو كانت مرتبطة فيها أو أنها سوف تستخدم من قبل كيان إرهابيأو
إرهابي لأي غرض كانء حتى وإن لم تقع الجريمة أو لم تستخدم أي من تلك الأموال» فإن كان الفاعل قد استغل لهذا الغرض التسهيلات التي تخولها له صفته الوظيفية أونشاطه
المهني أو الاجتماعي, فلا تقل العقوبة عن (عشر)سنوات.",False
Q036,informal,المحكمة تقدر تستخدم AI في الإجراءات الإلكترونية؟,7,0.015625,اللائحة التنفيذية لنظام التكاليف القضائية,المادة الخامسةعشرة,"المادة الخامسةعشرة
يكون تنفيذ الإجراءات الواردة في النظام واللائحة في أي وقت باستعمال الوسائل الإلكترونية المعتمدة» وإذا تعذر تنفيذ أي من الإجراءات بالوسائل الإلكترونية المعتمدة»فيجوز
تنفيذه بالطرقالعادية.",False
Q036,informal,المحكمة تقدر تستخدم AI في الإجراءات الإلكترونية؟,8,0.015625,نظام المحاكم التجارية,المادة الثامنة والأربعون املغاة,"المادة الثامنة والأربعون املغاة
١.تقدر المحكمة شهادة الشهود من حيث عدالتهم وسلوكهم وتصرفهم وغير ذلك من ظروف القضية دون حاجة إلى التزكية.
؟.إذا لم توافق الشهادة الدعوى أو لم تتفق أقوال الشهود بعضها مع بعض أخذت المحكمة من الشهادة بالقدر الذي تقتنعبصحته.",False
Q036,informal,المحكمة تقدر تستخدم AI في الإجراءات الإلكترونية؟,9,0.015385,اللائحة التنفيذية لنظام المحاكم التجارية,المادة الحادية والأربعون بعدالمائة,"المادة الحادية والأربعون بعدالمائة :
للمحكمة أن تطلب من الطرف أن يقدم محتوى دليله الإلكتروني مكتوباًء أو بأي وسيلةإلكترونية.
الفصل الثامن:الخبرة",False
Q036,informal,المحكمة تقدر تستخدم AI في الإجراءات الإلكترونية؟,10,0.015385,الأدلة الإجرائية لنظام الإثبات,المادة السابعةوالأربعون,"المادة السابعةوالأربعون
-١ إذا ظهر في المحرر عيوب مادية؛ فعلى المحكمة أن تقدر أثرها في الحجية» وتبين أسبابذلك.
؟- في حال كون صحة المحرر محل شك في نظر المحكمة؛ ولم تكف وقائع الدعوى ومستنداتها للحكم في موضوعهاء فللمحكمة أن تقرر سؤال من صدر عنه؛ أو تدعوالشخص
الذي حرّره ليبدي ما يوضح حقفيقة الأمرفيه.",False
Q037,formal_direct,كيف يتحقق تبليغ الشخص الاعتباري؟,1,0.032787,اللائحة التنفيذية لنظام المحاكم التجارية,المادة الأربعون,"المادة الأربعون: عنوانالتبليغ
يتحقق تبليغ الشخص الاعتباري بتبليغ الشخص المفوض بتلقي التبليغات في السجلالتجاري.",True
Q037,formal_direct,كيف يتحقق تبليغ الشخص الاعتباري؟,2,0.032258,اللائحة التنفيذية لنظام المحاكم التجارية,المادة الخامسة والأربعون,"المادة الخامسة والأربعون : إجراءاتالتبليغ
يعد تبليغ الشخص ذي الصفة الطبيعية تبليغاً لغير شخصه إذا تبلغ أحد الساكنين معه في مقر سكن من وجه إليهالتبليغ.
الفصل التاسع: حقالاطلاع",False
Q037,formal_direct,كيف يتحقق تبليغ الشخص الاعتباري؟,3,0.015873,نظام المحاكم التجارية,المادة الثلاثون,"المادة الثلاثون
١.إذا تبلغ المدعى عليه لشخصه أو وكليه» أو حضر أي منهما في أي جلسة أمام المحكمة؛ أو قدم مذكرة بدفاعه؛ عدت الخصومة حضورية» ولو تخلف بعدذلك.
"".إذا لم يحضر المدعى عليه أو وكيله وكان قد تبلغ لغير شخصهه فعلى المحكمة تأجيل نظر الدعوى إلى جلسة تالية يبلغ بهاء فإن لم يحضر وكان قد تبلغ لغير شخصه -للمرةالثانيق
فصلت في الدعوىء ويعد الحكم في حق المدعى عليهحضوريًا.
"".في جميع الأحوال» يعد تبليغ الشخصية الاعتبارية -بموجب أحكام النظام- تبليغاًالشخصها.
5 .تحدد اللائحة الحالات التي يعد فيها التبليغ تبليغاً لغير شخص المطلوبإبلاغه.",False
Q037,formal_direct,كيف يتحقق تبليغ الشخص الاعتباري؟,4,0.015873,نظام المعاملات المدنية,المادة الثامنة والستون بعدالمائة,"المادة الثامنة والستون بعدالمائة
إذا كان المطلوب من المدين هو المحافظة على الشيء أو القيام بإدارته أو توخي الحيطة في تنفيذ التزامه» فإنه يكون قد وفى بالالتزام إذا بذل في تنفيذه عناية الشخص المعتاد ولولم
يتحقق الغرض المقصود, ما لم يقض نص نظامي بخلاف ذلكء أما إذا كان المطلوب هو تحقيق غاية فلا يُعدُ الوفاء حاصلاً إلا بتحقق تلكالغاية.",False
Q037,formal_direct,كيف يتحقق تبليغ الشخص الاعتباري؟,5,0.015625,اللائحة التنفيذية لنظام الإجراءات الجزائية,المادة الثامنة والسبعون بعدالمائة,"المادة الثامنة والسبعون بعدالمائة
يكون إجراء التبليغ صحيحاً متى بُلغ الشخص المطلوب عن طريق عنوانه المعتمد من الجهة المختصة أو ما يقوم مقامه نظاماًء وذلك فيما لم يرد به نصخاص.",False
Q037,formal_direct,كيف يتحقق تبليغ الشخص الاعتباري؟,6,0.015625,نظام المعاملات المدنية,المادة الثانيةوالثلاثون,"المادة الثانيةوالثلاثون
يتحقق الرضى إذا توافقت إرادتا متعاقدين (أو أكثر) لديهما أهلية التعاقد وعُبّر عن الإرادة بما يدلعليها.
يتحقق الرضى إذا توافقت إرادتا متعاقدين (أو أكثر) لديهما أهلية التعاقد وعيّر عن الإرادة بما يدلعليها.",False
Q037,formal_direct,كيف يتحقق تبليغ الشخص الاعتباري؟,7,0.015385,نظام المحاكم التجارية,المادة الحاديةعشرة,"المادة الحاديةعشرة
فيما لم يرد فيه نص خاص؛ يوجه التبليغ وفقالآتي:
١.الشخص ذي الصفة الطبيعية: في محل إقامته أو مسكنه أو محل عمله أو في أي مكان آخر يكون فيه أو لوكيله أو لأحد العاملين معه في مقر العمل ذي الصلة بالتعامل التجاريمحل
الدعوى.
”.الشركات: لممثلها النظامي أو لأحد الشركاء المتضامنين أو للمدير أو من ينوب عنه أو للإدارات القانونية في الشركة أو أحد أقسامها المخصصة لاستقبال المراسلاتالموجهة
إليهاء وإذا تعلقت الدعوى بفرع الشركة» فيجوز توجيه التبليغ إلى مدير ذلك الفرع أو من ينوبعنه.
”.الشركات الأجنبية التي لها فرع أو ممثل تجاري في المملكة: لمدير ذلك الفرع أو ممثلها التجاري أو من ينوبعنهما.
5.الأشخاص ذوو الصفة الاعتبارية (الآخرون): للممثل النظامي أو من ينوبعنه.
5.الجهات الإدارية: للوزير المختص أو لرئيس المؤسسة أو الهيئة أو لمن يقوممقامهم.
5.السفينة التجارية: لمالك السفينة التجارية أو لمستأجرها أو لربانها أو وكلائهم متى كانت الدعوى متعلقةبالسفينة.",False
Q037,formal_direct,كيف يتحقق تبليغ الشخص الاعتباري؟,8,0.015385,نظام المعاملات المدنية,المادة الخامسةوالستون,"المادة الخامسةوالستون
يتحقق الإكراه إذا كان التهديد بخطر جسيم محدق يلحق بنفس المكرّه أو عرضه أو ماله أو كان التهديد مسلَّطاً على غيره ولم يكن المكره ليُيرم العقدلولا
وجودالإكراه.
يتحقق الإكراه إذا كان التهديد بخطرٍ جسيم محدق يلحق بنفس المكرّه أو عرضه أو ماله» أو كان التهديد مسلّطاً على غيره ولم يكن المكره ليُيرم العقد لولا وجودالإكراه.",False
Q037,formal_direct,كيف يتحقق تبليغ الشخص الاعتباري؟,9,0.015152,نظام المعاملات المدنية,المادة الثالثة والعشرون بعدالمائتين,"المادة الثالثة والعشرون بعدالمائتين
يتحقق التضامن بين المدينين ولو كان دين بعضهم مؤجلاً أو معلقاً على شرط أو مرتبطاً بأي وصف مؤثرٍ فيه؛ وكان دين الآخرين منجزاً أو خالياً منذلك
الوصف.
يتحقق التضامن بين المدينين ولو كان دين بعضهم مؤجلا أو معلقاً على شرط أو مرتبطأً بأي وصف موؤثرٍ فيه» وكان دين الآخرين منجزاً أو خالياً من ذلكالوصف.",False
Q037,formal_direct,كيف يتحقق تبليغ الشخص الاعتباري؟,10,0.014925,نظام الإفلاس,المادة التاسعة والسبعون,"المادة التاسعة والسبعون : نصاب تصويتالدائنين
-١ يصوت الدائنون على المقترح وفقاً للإجراءات الواردةفيه.
-١ يتحقق قبول كل فئة من فئات الدائنين للمقترح إذا صوت بالموافقة عليه دائنون تمثل مطالباتهم ثلثي قيمة ديون المصوتين في الفئة ذاتها» وكان من ضمنهم دائنون تمثلمطالباتهم
أكثر من نصف قيمة ديون الأطراف غير ذوي العلاقة (إنوجدوا).
-'٠ تحدد اللائحة الأحكام اللازمة لإدارة عملية التصويت المشار إليها في الفقرة )١( من هذهالمادة .
5- على الأمين فور نهاية التصويت تبليغ المدين والملاك والدائنين بنتيجة التصويتء وإيداع النتيجة لدىالمحكمة.
5- إذا تعذر تصويت الدائنين على المقترح في الموعد المحددء فتقضي المحكمة بما تراه مناسباً بما في ذلك تحديد موعد آخر للتصويت أو إنهاءالإجراء.
5- تحدد اللائحة آليات تعديلالخطة.",False
Q038,formal_paraphrase,متى يعد تبليغ الشركة أو الشخص الاعتباري صحيحًا؟,1,0.032258,اللائحة التنفيذية لنظام المحاكم التجارية,المادة الخامسة والأربعون,"المادة الخامسة والأربعون : إجراءاتالتبليغ
يعد تبليغ الشخص ذي الصفة الطبيعية تبليغاً لغير شخصه إذا تبلغ أحد الساكنين معه في مقر سكن من وجه إليهالتبليغ.
الفصل التاسع: حقالاطلاع",False
Q038,formal_paraphrase,متى يعد تبليغ الشركة أو الشخص الاعتباري صحيحًا؟,2,0.031258,نظام المحاكم التجارية,المادة الحاديةعشرة,"المادة الحاديةعشرة
فيما لم يرد فيه نص خاص؛ يوجه التبليغ وفقالآتي:
١.الشخص ذي الصفة الطبيعية: في محل إقامته أو مسكنه أو محل عمله أو في أي مكان آخر يكون فيه أو لوكيله أو لأحد العاملين معه في مقر العمل ذي الصلة بالتعامل التجاريمحل
الدعوى.
”.الشركات: لممثلها النظامي أو لأحد الشركاء المتضامنين أو للمدير أو من ينوب عنه أو للإدارات القانونية في الشركة أو أحد أقسامها المخصصة لاستقبال المراسلاتالموجهة
إليهاء وإذا تعلقت الدعوى بفرع الشركة» فيجوز توجيه التبليغ إلى مدير ذلك الفرع أو من ينوبعنه.
”.الشركات الأجنبية التي لها فرع أو ممثل تجاري في المملكة: لمدير ذلك الفرع أو ممثلها التجاري أو من ينوبعنهما.
5.الأشخاص ذوو الصفة الاعتبارية (الآخرون): للممثل النظامي أو من ينوبعنه.
5.الجهات الإدارية: للوزير المختص أو لرئيس المؤسسة أو الهيئة أو لمن يقوممقامهم.
5.السفينة التجارية: لمالك السفينة التجارية أو لمستأجرها أو لربانها أو وكلائهم متى كانت الدعوى متعلقةبالسفينة.",False
Q038,formal_paraphrase,متى يعد تبليغ الشركة أو الشخص الاعتباري صحيحًا؟,3,0.030092,اللائحة التنفيذية لنظام الإجراءات الجزائية,المادة الثامنة والسبعون بعدالمائة,"المادة الثامنة والسبعون بعدالمائة
يكون إجراء التبليغ صحيحاً متى بُلغ الشخص المطلوب عن طريق عنوانه المعتمد من الجهة المختصة أو ما يقوم مقامه نظاماًء وذلك فيما لم يرد به نصخاص.",False
Q038,formal_paraphrase,متى يعد تبليغ الشركة أو الشخص الاعتباري صحيحًا؟,4,0.016393,اللائحة التنفيذية لنظام المحاكم التجارية,المادة الأربعون,"المادة الأربعون: عنوانالتبليغ
يتحقق تبليغ الشخص الاعتباري بتبليغ الشخص المفوض بتلقي التبليغات في السجلالتجاري.",True
Q038,formal_paraphrase,متى يعد تبليغ الشركة أو الشخص الاعتباري صحيحًا؟,5,0.015873,نظام مكافحة غسل الأموال,المادة الثالثة,"المادة الثالثة
يُعد الشخص الاعتباري مرتكباً جريمة غسل الأموال إذا ارتكب باسمه أو لحسابه أي من الأفعال الواردة في المادة (الثانية) من النظام» وذلك مع عدم الإخلال بالمسؤوليةالجنائية
لرؤساء وأعضاء مجالس إداراته أو مالكيه أو العاملين فيه أو ممثليه المفوضين أو مدققي حساباته» أو أي شخص طبيعي آخر يتصرف باسمه أولحسابه.",False
Q038,formal_paraphrase,متى يعد تبليغ الشركة أو الشخص الاعتباري صحيحًا؟,6,0.015625,نظام الأحداث,المادة السادسة,"المادة السادسة
في جميع الأحوال لا يكون إجراء تبليغ الحدث صحيحاً إلا إذا بُلْغْ ولي أمره أو من يقوممقامه.",False
Q038,formal_paraphrase,متى يعد تبليغ الشركة أو الشخص الاعتباري صحيحًا؟,7,0.015625,نظام المرافعات الشرعية,المادة التاسعة,"المادة التاسعة
يقصد بمكان الإقامة في تطبيق أحكام هذا النظام المكان الذي يقطنه الشخص على وجه الاعتياد. وبالنسبة إلى البدو الرحل يعد مكان إقامة الشخص المكان الذي يقطنه عندإقامة
الدعوى. وبالنسبة إلى الموقوفين والسجناء يعد مكان إقامة الشخص المكان الموقوف فيه أو المسجونفيه.
ويجوز لأي شخص أن يختار مكان إقامة خاصاً يتلقى فيه التبليغات التي توجه إليه بالإضافة إلى مكان إقامته العام» وإذا بتل الخصم مكان إقامته سواء الخاص أو العام»فيجب
عليه إبلاغ المحكمةبذلك.",False
Q038,formal_paraphrase,متى يعد تبليغ الشركة أو الشخص الاعتباري صحيحًا؟,8,0.015385,نظام المرافعات الشرعية,المادة السادسة عشرة مدلة,"المادة السادسة عشرة مدلة
يكون التبليغ نظامياً متى سلم إلى شخص من وجه إليه ولو في غير مكان إقامته أو عمله؛ أو كان بإحدى الوسائل الإلكترونية المنتصوص عليها في الفقرة (؟) من المادة (الثالثة
عشرة ) منالنظام.",False
Q038,formal_paraphrase,متى يعد تبليغ الشركة أو الشخص الاعتباري صحيحًا؟,9,0.015152,نظام مكافحة جرائم الإرهاب وتمويله,المادة التاسعةوالأربعون,"المادة التاسعةوالأربعون
يُعاقب بغرامة لا تزيد على (عشرة ) ملايين ربال ولا تقل عن (ثلاثة) ملايين ربال» كل شخص ذي صفة اعتبارية ارتكب أي من مالكيه أو ممثليه أو مديريه أو وكلائه أي منالجرائم
المنصوص عليها في النظام أو ساهم فيهاء إذا وقعت الجريمة باسم الشخص ذي الصفة الاعتبارية أو لحسابه» وذلك دون إخلال بمسؤولية الشخص ذي الصفة الطبيعيةمرتكب
الجريمة. وللمحكمة المختصة الحكم بإيقاف نشاط الشخص الاعتباري بصفة مؤقتة أو دائمة» أو بإغلاق فروعه أو مكاتبه التي اقترن استخدامها بارتكاب الجريمة بصفة دائمةأو
مؤقتة» أو بتصفية أعماله» أو بتعيين حارس قضائي لإدارة الأموال والعمليات. وفي جميع الحالات يجوز تضمين الحكم الصادر بالعقوبة النص على نشر ملخصه على نفقةالمحكوم
عليه في صحيفة محلية تصدر في مقر إقامته» فإن لم تكن في مقره صحيفة ففي أقرب منطقة له» أو نشره في أي وسيلة أخرى مناسبة» ولا يتم النشر إلا بعد أن يكتسب الحكمالصفة
القطعية,",False
Q038,formal_paraphrase,متى يعد تبليغ الشركة أو الشخص الاعتباري صحيحًا؟,10,0.014925,نظام المعاملات المدنية,المادة الثانية والعشرون بعدالمائة,"المادة الثانية والعشرون بعدالمائة
-١ يكون الشخص مسؤولاً عن الفعل الضار متى صدر منه وهومميز.
؟- إذا وقع الضرر من غير المميز ولم يكن هناك من هو مسؤول عن الضرر أو تعذر الحصول على تعويض من المسؤولء لزم غير المميزتعويضٌ
مناسبٌ تقدرهالمحكمة.
-١ يكون الشخص مسؤولاً عن الفعل الضار متى صدر منه وهومميز.
؟- إذا وقع الضرر من غير المميز ولم يكن هناك من هو مسؤول عن الضرر أو تعذر الحصول على تعويض من المسؤولء لزم غير المميز تعويضٌ مناسبٌ تقدرهالمحكمة.",False
Q039,informal,إذا الدعوى على شركة، مين لازم يستلم التبليغ؟,1,0.016393,نظام المحاكم التجارية,المادة الحاديةعشرة,"المادة الحاديةعشرة
فيما لم يرد فيه نص خاص؛ يوجه التبليغ وفقالآتي:
١.الشخص ذي الصفة الطبيعية: في محل إقامته أو مسكنه أو محل عمله أو في أي مكان آخر يكون فيه أو لوكيله أو لأحد العاملين معه في مقر العمل ذي الصلة بالتعامل التجاريمحل
الدعوى.
”.الشركات: لممثلها النظامي أو لأحد الشركاء المتضامنين أو للمدير أو من ينوب عنه أو للإدارات القانونية في الشركة أو أحد أقسامها المخصصة لاستقبال المراسلاتالموجهة
إليهاء وإذا تعلقت الدعوى بفرع الشركة» فيجوز توجيه التبليغ إلى مدير ذلك الفرع أو من ينوبعنه.
”.الشركات الأجنبية التي لها فرع أو ممثل تجاري في المملكة: لمدير ذلك الفرع أو ممثلها التجاري أو من ينوبعنهما.
5.الأشخاص ذوو الصفة الاعتبارية (الآخرون): للممثل النظامي أو من ينوبعنه.
5.الجهات الإدارية: للوزير المختص أو لرئيس المؤسسة أو الهيئة أو لمن يقوممقامهم.
5.السفينة التجارية: لمالك السفينة التجارية أو لمستأجرها أو لربانها أو وكلائهم متى كانت الدعوى متعلقةبالسفينة.",False
Q039,informal,إذا الدعوى على شركة، مين لازم يستلم التبليغ؟,2,0.016393,نظام الإفلاس,المادة الثانية والستون,"المادة الثانية والستون :العقود
تنظر المحكمة في اعتراض الطرف المتعاقد المقدم أمامها -بناء على الفقرة (5) من المادة (الحادية والستين) من النظام- وتقضي بقبول الاعتراض إذا ثبتلها:
أ - أن إنهاء العقد -المبني على الفقرة )١( من المادة (الحادية والستين) من النظام- غير لازم لتنفيذ الخطة وحماية مصالح أغلبية الدائنين ويلحق ضرراً بالغاً بالطرفالمتعاقد.
ب- أن إنهاء العقد -المبني على الفقرة )١( من المادة (الحادية والستين) من النظام- غير لازم لتنفيذ الخطة وحماية مصالح أغلبيةالدائنين.",False
Q039,informal,إذا الدعوى على شركة، مين لازم يستلم التبليغ؟,3,0.016129,نظام المرافعات الشرعية,المادة السابعةعشرة,"المادة السابعةعشرة
يكون تسليم صورة التبليغ على النحوالآتي:
أ ما يتعلق بالأجهزة الحكومية إلى رؤسائها أو مَنْ ينوبعنهم.
ب- ما يتعلق بالأشخاص ذوي الشخصية المعنوية العامة إلى مديريها أو مَنْ يقوم مقامهم أو مَنْيمثلهم.
ج- ما يتعلق بالشركات والجمعيات والمؤسسات الخاصة إلى مديريها أو مَنْ يقوم مقامهم أو مَنْيمثلهم.
د- ما يتعلق بالشركات والمؤسست الأجنبية التي لها فرع أو وكيل في المملكة إلى مدير الفرع أو مَنْ ينوب عنه أو الوكيل أو مَنْ ينوبعنه.
ه- ما يتعلق برجال القوات العسكرية ومن في حكمهم إلى المرجع المباشر لمن وجه إليهالتبليغ.
و - ما يتعلق بالبحارة وعمال السفن إلىالربان.
ز- ما يتعلق بالمحجور عليهم إلى الأوصياء أو الأولياء بحسبالأحوال.
ح- ما يتعلق بالمسجونين والموقوفين إلى مدير السجن أو مكان التوقيف أو مَنْ يقوممقامه.
ط ما يتعاق بمن ليس له مكان إقامة معروف أو مكان إقامة مختار في المملكة إلى وزارة الداخلية بالطرق الإدارية المتبعة لإعلانه بالطريقةالمناسبة.",False
Q039,informal,إذا الدعوى على شركة، مين لازم يستلم التبليغ؟,4,0.016129,نظام المرافعات الشرعية,المادة السادسةوالستون,"المادة السادسةوالستون
على القاضي أن يسأل المدعي عما هو لازم لتحرير دعواه قبل استجواب المدعى عليه؛ وليس له السير فيها قبل ذلك» وإذا عجز المدعي عن تحريرها أو امتنع عن ذلك؛فيحكم
القاضي بصرف النظر عنالدعوى.",False
Q039,informal,إذا الدعوى على شركة، مين لازم يستلم التبليغ؟,5,0.015873,اللائحة التنفيذية لنظام المحاكم التجارية,المادة الثالثة والأربعون,"المادة الثالثة والأربعون : إجراءاتالتبليغ
يجب أن يتضمن إشعار حصول التبليغ بيان صفة الموجه إليهالتبليغ.",False
Q039,informal,إذا الدعوى على شركة، مين لازم يستلم التبليغ؟,6,0.015873,نظام التكاليف القضائية,المادة العاشرة,"المادة العاشرة
لاتفرض تكاليف جديدة على الدعوى في أي من الحالتينالآتيتين:
١.إذا حكم بعدم الاختصاص وأقيمت الدعوى أمام المحكمةالمختصة.
؟.إذا قضت المحكمة المختصة بنقض الحكم وإعادة الدعوى إلى المحكمة التي أصدرت الحكم المعترض عليه أو إلى محكمةأخرى.",False
Q039,informal,إذا الدعوى على شركة، مين لازم يستلم التبليغ؟,7,0.015625,اللائحة التنفيذية لنظام المحاكم التجارية,المادة الأربعون,"المادة الأربعون: عنوانالتبليغ
يتحقق تبليغ الشخص الاعتباري بتبليغ الشخص المفوض بتلقي التبليغات في السجلالتجاري.",True
Q039,informal,إذا الدعوى على شركة، مين لازم يستلم التبليغ؟,8,0.015625,نظام المرافعات الشرعية,المادة السادسةوالعشرون,"المادة السادسةوالعشرون
تختص محاكم المملكة بنظر الدعاوى التي ترفع على غير السعودي الذي ليس له مكان إقامة عام أو مختار في المملكة في الأحوالالآتية:
أ إذا كانت الدعوى متعلقة بمال موجود في المملكة أو بالتزام تعد المملكة مكان نشوئه أوتنفيذه.
ب إذا كانت الدعوى متعلقة بإفلاس أشهر فيالمملكة.
ج - إذا كانت الدعوى على أكثر من واحد وكان لأحدهم مكان إقامة فيالمملكة.",False
Q039,informal,إذا الدعوى على شركة، مين لازم يستلم التبليغ؟,9,0.015385,نظام المرافعات الشرعية,المادة الرابعةعشرة,"المادة الرابعةعشرة
يسلم المحضر صورة التبليغ ومرافقاتها إلى من وجهت إليه في مكان إقامته أو عمله إن وجدء وإلا فيسلمها إلى مَنْ يقرر أنه وكيله أو أنه يعمل في خدمته أو أنه من الساكنين معهمن
أهله وأقاربه وأصهاره: فإذا لم يوجد منهم أحد أو امتنع من وجد عن التسلّم أو كان قاصراً فيسلم الصورة ومرافقاتها بحسب الأحوال إلى عمدة الحي أو مركز الشرطة أورئيس
المركز أو معرف القبيلة الذين يقع مكان إقامة الموجه إليه التبليغ في نطاق اختصاصهم حسب الترتيب السابق» مع أخذ توقيعهم على الأصلبالتسلم.
وعلى المحضر خلال أربع وعشرين ساعة من تسليم الصورة إلى أي من الجهات المذكورة في هذه المادة أن يرسل إلى الموجه إليه التبليغ في مكان إقامته أو عمله خطاباً -مسجلاًمع
إشعار بالتسلّم- يخبره فيه بأن الصورة سلمت إلى تلك الجهة» وعلى المحضر كذلك أن يبين ذلك في حينه بالتفصيل في أصل التبليغ؛ ويعد التبليغ منتجاً لآثاره من وقتتسليم
الصورة وفقاً للأحوالالسابقة.",False
Q039,informal,إذا الدعوى على شركة، مين لازم يستلم التبليغ؟,10,0.015385,نظام المرافعات الشرعية,المادة السابعةوالعشرون,"المادة السابعةوالعشرون
تختص محاكم المملكة بنظر الدعوى المقامة على المسلم غير السعودي الذي ليس له مكان إقامة عام أو مختار في المملكة» وذلك في الأحوالالآتيةة
أ- إذا كانت الدعوى معارضة في عقد زواج يراد إبرامه فيالمملكة.
ب- إذا كانت الدعوى بطلب طلاق أو فسخ عقد زواج» وكانت مرفوعة من الزوجة السعودية أو التي فقدت جنسيتها السعودية بسبب الزواج متى كانت أي منهما مقيمة في المملكة؛»أو
كانت الدعوى مرفوعة من الزوجة غير السعودية المقيمة في المملكة على زوجها الذي كان له مكان إقامة فيها متى كان الزوج قد هجر زوجته وجعل مكان إقامته في الخارج أوكان
قد أبعد من أراضيالمملكة.
ج- إذا كانت الدعوى بطلب نفقة وكان من طلبت له النفقة مقيماً فيالمملكة.
د- إذا كانت الدعوى في شأن نسب صغير في المملكة» أو كانت متعلقة بمسألة من مسائل الولاية على النفس أو المال متى كان للقاصر أو المطلوب الحجر عليه مكان إقامةفي
المملكة.
ه إذا كانت الدعوى متعلقة بمسألة من مسائل الأحوال الشخصية الأخرى وكان المدعي سعوديًا أو كان غير سعودي مقيماً في المملكة» وذلك إذا لم يكن للمدعى عليه مكانإقامة
معروف فيالخارج.",False
Q040,formal_direct,متى يعد تبليغ الشخص الطبيعي قد تم لغير شخصه؟,1,0.032787,اللائحة التنفيذية لنظام المحاكم التجارية,المادة الخامسة والأربعون,"المادة الخامسة والأربعون : إجراءاتالتبليغ
يعد تبليغ الشخص ذي الصفة الطبيعية تبليغاً لغير شخصه إذا تبلغ أحد الساكنين معه في مقر سكن من وجه إليهالتبليغ.
الفصل التاسع: حقالاطلاع",True
Q040,formal_direct,متى يعد تبليغ الشخص الطبيعي قد تم لغير شخصه؟,2,0.031754,نظام المحاكم التجارية,المادة الثلاثون,"المادة الثلاثون
١.إذا تبلغ المدعى عليه لشخصه أو وكليه» أو حضر أي منهما في أي جلسة أمام المحكمة؛ أو قدم مذكرة بدفاعه؛ عدت الخصومة حضورية» ولو تخلف بعدذلك.
"".إذا لم يحضر المدعى عليه أو وكيله وكان قد تبلغ لغير شخصهه فعلى المحكمة تأجيل نظر الدعوى إلى جلسة تالية يبلغ بهاء فإن لم يحضر وكان قد تبلغ لغير شخصه -للمرةالثانيق
فصلت في الدعوىء ويعد الحكم في حق المدعى عليهحضوريًا.
"".في جميع الأحوال» يعد تبليغ الشخصية الاعتبارية -بموجب أحكام النظام- تبليغاًالشخصها.
5 .تحدد اللائحة الحالات التي يعد فيها التبليغ تبليغاً لغير شخص المطلوبإبلاغه.",False
Q040,formal_direct,متى يعد تبليغ الشخص الطبيعي قد تم لغير شخصه؟,3,0.029116,اللائحة التنفيذية لنظام الإجراءات الجزائية,المادة الثامنة والسبعون بعدالمائة,"المادة الثامنة والسبعون بعدالمائة
يكون إجراء التبليغ صحيحاً متى بُلغ الشخص المطلوب عن طريق عنوانه المعتمد من الجهة المختصة أو ما يقوم مقامه نظاماًء وذلك فيما لم يرد به نصخاص.",False
Q040,formal_direct,متى يعد تبليغ الشخص الطبيعي قد تم لغير شخصه؟,4,0.015873,نظام الأحداث,المادة السادسة,"المادة السادسة
في جميع الأحوال لا يكون إجراء تبليغ الحدث صحيحاً إلا إذا بُلْغْ ولي أمره أو من يقوممقامه.",False
Q040,formal_direct,متى يعد تبليغ الشخص الطبيعي قد تم لغير شخصه؟,5,0.015873,اللائحة التنفيذية لنظام المحاكم التجارية,المادة الأربعون,"المادة الأربعون: عنوانالتبليغ
يتحقق تبليغ الشخص الاعتباري بتبليغ الشخص المفوض بتلقي التبليغات في السجلالتجاري.",False
Q040,formal_direct,متى يعد تبليغ الشخص الطبيعي قد تم لغير شخصه؟,6,0.015625,اللائحة التنفيذية لنظام المحاكم التجارية,المادة السادسة والأربعون بعد المائة,"المادة السادسة والأربعون بعد المائة: إجراءات الاستعانةبالخبرة
إذا كان الخبير شخصاً اعتبارياً فعلى من يمثله أن يبين للمحكمة اسم الشخص الطبيعي أو الأشخاص الطبيعيين الذين يتولون تنفيذ المهمةباسمه.",False
Q040,formal_direct,متى يعد تبليغ الشخص الطبيعي قد تم لغير شخصه؟,7,0.015385,نظام المرافعات الشرعية,المادة السادسة عشرة مدلة,"المادة السادسة عشرة مدلة
يكون التبليغ نظامياً متى سلم إلى شخص من وجه إليه ولو في غير مكان إقامته أو عمله؛ أو كان بإحدى الوسائل الإلكترونية المنتصوص عليها في الفقرة (؟) من المادة (الثالثة
عشرة ) منالنظام.",False
Q040,formal_direct,متى يعد تبليغ الشخص الطبيعي قد تم لغير شخصه؟,8,0.015385,نظام المرافعات الشرعية,المادة التاسعة,"المادة التاسعة
يقصد بمكان الإقامة في تطبيق أحكام هذا النظام المكان الذي يقطنه الشخص على وجه الاعتياد. وبالنسبة إلى البدو الرحل يعد مكان إقامة الشخص المكان الذي يقطنه عندإقامة
الدعوى. وبالنسبة إلى الموقوفين والسجناء يعد مكان إقامة الشخص المكان الموقوف فيه أو المسجونفيه.
ويجوز لأي شخص أن يختار مكان إقامة خاصاً يتلقى فيه التبليغات التي توجه إليه بالإضافة إلى مكان إقامته العام» وإذا بتل الخصم مكان إقامته سواء الخاص أو العام»فيجب
عليه إبلاغ المحكمةبذلك.",False
Q040,formal_direct,متى يعد تبليغ الشخص الطبيعي قد تم لغير شخصه؟,9,0.015152,نظام المعاملات المدنية,المادة الثامنة والخمسون بعدالثلاثمائة,"المادة الثامنة والخمسون بعدالثلاثمائة
-١ لا يجوز للقاضي» ولا لعضو النيابة العامة ومن في حكمه. ولا لموظف المحكمة؛ أن يشتري لنفسه باسمه أو باسم غيره الحق المتنازع فيه أوبعضه»
ويكون العقدباطلا.
-١ لا يجوز للمحامي أن يشتري لنفسه باسمه أو باسم غيره الحق المتنازع فيه أو بعضه متى كان وكيلاً فيه ويكون العقدباطلا.
-٠"" يعد الحق متنازعاً فيه إذا كان موضوعه قد رفعت به دعوى أو قام في شأنه نزاعجدي.
-١ لا يجوز للقاضيء ولا لعضو النيابة العامة ومن في حكمه؛ ولا لموظف المحكمة, أن يشتري لنفسه باسمه أو باسم غيره الحق المتنازع فيه أو بعضه؛ ويكون العقدباطلاً.
-١ لا يجوز للمحامي أن يشتري لنفسه باسمه أو باسم غيره الحق المتنازع فيه أو بعضه متى كان وكيلاً فيه» ويكون العقدباطلاً.
""- يعد الحق متنازعاً فيه إذا كان موضوعه قد رفعت به دعوى أو قام في شأنه نزاعجدي.
الفرع السادس بيع ملكالغير",False
Q040,formal_direct,متى يعد تبليغ الشخص الطبيعي قد تم لغير شخصه؟,10,0.014925,نظام التسجيل العيني للعقار,المادة السادسةوالخمسون,"المادة السادسةوالخمسون
شرعاء أو متى تبين لها أن الدعوى التي تم التأشير بها لم ترفع إلا لغرضكيدي.",False
Q041,formal_paraphrase,هل يعد استلام أحد الساكنين مع الشخص تبليغًا صحيحًا؟,1,0.032522,اللائحة التنفيذية لنظام المحاكم التجارية,المادة الخامسة والأربعون,"المادة الخامسة والأربعون : إجراءاتالتبليغ
يعد تبليغ الشخص ذي الصفة الطبيعية تبليغاً لغير شخصه إذا تبلغ أحد الساكنين معه في مقر سكن من وجه إليهالتبليغ.
الفصل التاسع: حقالاطلاع",True
Q041,formal_paraphrase,هل يعد استلام أحد الساكنين مع الشخص تبليغًا صحيحًا؟,2,0.031099,نظام المرافعات الشرعية,المادة الرابعةعشرة,"المادة الرابعةعشرة
يسلم المحضر صورة التبليغ ومرافقاتها إلى من وجهت إليه في مكان إقامته أو عمله إن وجدء وإلا فيسلمها إلى مَنْ يقرر أنه وكيله أو أنه يعمل في خدمته أو أنه من الساكنين معهمن
أهله وأقاربه وأصهاره: فإذا لم يوجد منهم أحد أو امتنع من وجد عن التسلّم أو كان قاصراً فيسلم الصورة ومرافقاتها بحسب الأحوال إلى عمدة الحي أو مركز الشرطة أورئيس
المركز أو معرف القبيلة الذين يقع مكان إقامة الموجه إليه التبليغ في نطاق اختصاصهم حسب الترتيب السابق» مع أخذ توقيعهم على الأصلبالتسلم.
وعلى المحضر خلال أربع وعشرين ساعة من تسليم الصورة إلى أي من الجهات المذكورة في هذه المادة أن يرسل إلى الموجه إليه التبليغ في مكان إقامته أو عمله خطاباً -مسجلاًمع
إشعار بالتسلّم- يخبره فيه بأن الصورة سلمت إلى تلك الجهة» وعلى المحضر كذلك أن يبين ذلك في حينه بالتفصيل في أصل التبليغ؛ ويعد التبليغ منتجاً لآثاره من وقتتسليم
الصورة وفقاً للأحوالالسابقة.",False
Q041,formal_paraphrase,هل يعد استلام أحد الساكنين مع الشخص تبليغًا صحيحًا؟,3,0.016129,نظام المرافعات الشرعية,المادة التاسعة,"المادة التاسعة
يقصد بمكان الإقامة في تطبيق أحكام هذا النظام المكان الذي يقطنه الشخص على وجه الاعتياد. وبالنسبة إلى البدو الرحل يعد مكان إقامة الشخص المكان الذي يقطنه عندإقامة
الدعوى. وبالنسبة إلى الموقوفين والسجناء يعد مكان إقامة الشخص المكان الموقوف فيه أو المسجونفيه.
ويجوز لأي شخص أن يختار مكان إقامة خاصاً يتلقى فيه التبليغات التي توجه إليه بالإضافة إلى مكان إقامته العام» وإذا بتل الخصم مكان إقامته سواء الخاص أو العام»فيجب
عليه إبلاغ المحكمةبذلك.",False
Q041,formal_paraphrase,هل يعد استلام أحد الساكنين مع الشخص تبليغًا صحيحًا؟,4,0.015873,اللائحة التنفيذية لنظام الإجراءات الجزائية,المادة الثامنة والسبعون بعدالمائة,"المادة الثامنة والسبعون بعدالمائة
يكون إجراء التبليغ صحيحاً متى بُلغ الشخص المطلوب عن طريق عنوانه المعتمد من الجهة المختصة أو ما يقوم مقامه نظاماًء وذلك فيما لم يرد به نصخاص.",False
Q041,formal_paraphrase,هل يعد استلام أحد الساكنين مع الشخص تبليغًا صحيحًا؟,5,0.015873,نظام الإجراءات الجزائية,المادة الخامسة بعدالمائة,"المادة الخامسة بعدالمائة
يبلغ الأمر بالحضور إلى الشخص المطلوب التحقيق معه بوساطة أحد المحضرين أو رجال السلطة العامة» وتسلم إليه صورة منه إن وجدء وإلا فتسلم إلى أحد أفراد أسرتهالكامل
الأهلية الساكنمعه.",False
Q041,formal_paraphrase,هل يعد استلام أحد الساكنين مع الشخص تبليغًا صحيحًا؟,6,0.015625,نظام الأحداث,المادة السادسة,"المادة السادسة
في جميع الأحوال لا يكون إجراء تبليغ الحدث صحيحاً إلا إذا بُلْغْ ولي أمره أو من يقوممقامه.",False
Q041,formal_paraphrase,هل يعد استلام أحد الساكنين مع الشخص تبليغًا صحيحًا؟,7,0.015625,نظام المعاملات المدنية,المادة الثامنةعشرة,"المادة الثامنةعشرة
-١ يتمتع الشخص ذو الصفة الاعتبارية بجميع الحقوق إلا ما كان منها ملازماً لخصائص الشخص ذي الصفة الطبيعية» وذلك في الحدود المقررةبموجب
النصوصالنظامية.
""- يكون للشخص ذي الصفةالاعتبارية:
أ- ذمةٌ ماليةٌمستقلة.
ب- أهليةٌ في الحدود التي يعينها سند إنشائه أو التي تقررها النصوصالنظامية.
ج- حقالتقاضي.
د- موطنٌ مستقلٌ» وهو المكان الذي يوجد فيه مركز إدارته الرئيس. ويجوز اعتبار المكان الذي يوجد فيه أحد فروع الشخص ذي الصفة الاعتباريةموطناً
لهء وذلك فيما يتعلق بنشاط هذاالفرع.
ه جنسيةٌ وفقاً لما تقرره النصوصالنظامية.
'- يجب أن يكون للشخص ذي الصفة الاعتبارية من يمثله ويعبّر عنإرادته.
-١ يتمتع الشخص ذو الصفة الاعتبارية بجميع الحقوق إلا ما كان منها ملازماً لخصائص الشخص ذي الصفة الطبيعية» وذلك في الحدود المقررة بموجب النصوصالنظامية.
-١ يكون للشخص ذي الصفةالاعتبارية:
ب- أهليةٌ في الحدود التي يعينها سند إنشائه أو التي تقررها النصوصالنظامية.
ج- حقالتقاضي.
د- موطنٌ مستقلٌ» وهو المكان الذي يوجد فيه مركز إدارته الرئيس. ويجوز اعتبار المكان الذي يوجد فيه أحد فروع الشخص ذي الصفة الاعتبارية موطناً له» وذلك فيما يتعلقبنشاط
هذاالفرع.
ه- جنسيةٌ وفقاً لما تقرره النصوصالنظامية.
""- يجب أن يكون للشخص ذي الصفة الاعتبارية من يمثله ويعبّر عنإرادته.
الفصل الثالث الأشياءوالأموال",False
Q041,formal_paraphrase,هل يعد استلام أحد الساكنين مع الشخص تبليغًا صحيحًا؟,8,0.015385,نظام التحكيم,المادة السادسة,"المادة السادسة
-١ إذا لم يكن هناك اتفاق خاص بين طرفي التحكيم في شأن الإبلاغات فيتم تسليم الإبلاغ إلى المرسل إليه شخصيًا - أو من ينوب عنه أو إرساله إلى عنوانه البريدي المحددفي
العقد محل المنازعة»؛ أو المحدد في مشارطة التحكيم أو في الوثيقة المنظمة للعلاقة التي يتناولها التحكيم.1
-١ إذا تعذر تسليم الإبلاغ إلى المرسل إليه وفقاً للفقرة (١)؛ يعد التسليم قد تم إذا كان الإبلاغ بكتاب مسجل إلى آخر مقر عملء أو محل إقامة معتاد» أو عنوان بريدي معروفللمرسل
إليه.ْ
-٠ لا تسري أحكام هذه المادة على الإبلاغات القضائتية الخاصة ببطلان حكم التحكيم أمامالمحاكم.",False
Q041,formal_paraphrase,هل يعد استلام أحد الساكنين مع الشخص تبليغًا صحيحًا؟,9,0.015385,اللائحة التنفيذية لنظام المحاماة ١٤٤٦هـ,المادة الثالثةوالأربعون,"المادة الثالثةوالأربعون
يعد في حكم الممثل النظامي للشخص ذي الصفة الاعتبارية الخاصة -بعد الترخيص لهم من الإدارة المختصة موظفو الإدارات القانونية لدى الشخص ذي الصفةالاعتبارية
الخاصة؛» بموجب وكالة من صاحب الصلاحية» وينشأ لهم سجل خاص في الإدارةالمختصة.",False
Q041,formal_paraphrase,هل يعد استلام أحد الساكنين مع الشخص تبليغًا صحيحًا؟,10,0.015152,نظام حماية المبلغين والشهود والخبراء والضحايا,المادة التاسعة,"المادة التاسعة
يُقدم طلب الحماية إلى إدارة البرنامج» وعليها عند دراسته النظر في العواملالآتية:
١-طبيعة الخطر الذي يهدد أمن الشخص المطلوبحمايته.
""'-نوع وجسامة الفعل المتعلق بالجريمة ذي العلاقة بطلبالحماية.
:-قدرة الشخص المطلوب حمايته وأقاربه على التكيف مع برنامج الحماية المقررله.
5-الحلول البديلة لحماية الشخص المطلوب حمايته دون قبولهبالبرنامج.
""-العوامل الأخرى التي ترى إدارة البرنامج مناسبة النظر فيها تبعًا لكل حالة» وفقاً لما تحددهاللائحة.",False
Q042,informal,إذا واحد ساكن معي استلم التبليغ عني يعتبر تبلغت؟,1,0.016393,اللائحة التنفيذية لنظام المحاكم التجارية,المادة الخامسة والأربعون,"المادة الخامسة والأربعون : إجراءاتالتبليغ
يعد تبليغ الشخص ذي الصفة الطبيعية تبليغاً لغير شخصه إذا تبلغ أحد الساكنين معه في مقر سكن من وجه إليهالتبليغ.
الفصل التاسع: حقالاطلاع",True
Q042,informal,إذا واحد ساكن معي استلم التبليغ عني يعتبر تبلغت؟,2,0.016393,نظام المعاملات المدنية,المادة الخامسة والتسعون بعدالخمسمائة,"المادة الخامسة والتسعون بعدالخمسمائة
إذا تعدد الكفلاء بدين واحد جازت مطالبة كل منهم بكل الدين إلا إذا كفلوا جميعاً في عقد واحد ولم يشترط فيه تضامنهم فلا يطالب أحد منهم إلا بقدرحصته.
إذا تعدد الكفلاء بدين واحد جازت مطالبة كل منهم بكل الدين إلا إذا كفلوا جميعاً في عقد واحد ولم يشترط فيه تضامنهم فلا يطالب أحد منهم إلا بقدرحصته.",False
Q042,informal,إذا واحد ساكن معي استلم التبليغ عني يعتبر تبلغت؟,3,0.016129,اللائحة التنفيذية لنظام الإجراءات الجزائية,المادة الثامنة والسبعون بعدالمائة,"المادة الثامنة والسبعون بعدالمائة
يكون إجراء التبليغ صحيحاً متى بُلغ الشخص المطلوب عن طريق عنوانه المعتمد من الجهة المختصة أو ما يقوم مقامه نظاماًء وذلك فيما لم يرد به نصخاص.",False
Q042,informal,إذا واحد ساكن معي استلم التبليغ عني يعتبر تبلغت؟,4,0.016129,نظام المرافعات الشرعية,المادة العشرون,"المادة العشرون
إذا كان مكان التبليغ داخل المملكة خارج نطاق اختصاص المحكمة فترسل الأوراق المراد تبليغها من هذه المحكمة إلى المحكمة التي يقع التبليغ في نطاقاختصاصها.",False
Q042,informal,إذا واحد ساكن معي استلم التبليغ عني يعتبر تبلغت؟,5,0.015873,نظام المرافعات الشرعية,المادة السادسة عشرة مدلة,"المادة السادسة عشرة مدلة
يكون التبليغ نظامياً متى سلم إلى شخص من وجه إليه ولو في غير مكان إقامته أو عمله؛ أو كان بإحدى الوسائل الإلكترونية المنتصوص عليها في الفقرة (؟) من المادة (الثالثة
عشرة ) منالنظام.",False
Q042,informal,إذا واحد ساكن معي استلم التبليغ عني يعتبر تبلغت؟,6,0.015873,نظام المرافعات الشرعية,المادة الحادية عشرة معدلة,"المادة الحادية عشرة معدلة
-١ يكون التبليغ بوساطة المحضرين بناء على أمر القاضي أو طلب الخصم أو إدارة المحكمة» ويقوم الخصوم أو وكلاؤهم بمتابعة الإجراءات وتقديم أوراقها للمحضرينلتبليغهاء
ويجوز التبليغ بوساطة صاحب الدعوى إذا طلبذلك.
""- يجوز استعمال الوسائل الإلكترونية في التبليغات القضائية» ويترتب عليها ما يترقب على التبليغ بالطرقالأخرى.",False
Q042,informal,إذا واحد ساكن معي استلم التبليغ عني يعتبر تبلغت؟,7,0.015625,نظام المرافعات الشرعية,المادة الرابعةعشرة,"المادة الرابعةعشرة
يسلم المحضر صورة التبليغ ومرافقاتها إلى من وجهت إليه في مكان إقامته أو عمله إن وجدء وإلا فيسلمها إلى مَنْ يقرر أنه وكيله أو أنه يعمل في خدمته أو أنه من الساكنين معهمن
أهله وأقاربه وأصهاره: فإذا لم يوجد منهم أحد أو امتنع من وجد عن التسلّم أو كان قاصراً فيسلم الصورة ومرافقاتها بحسب الأحوال إلى عمدة الحي أو مركز الشرطة أورئيس
المركز أو معرف القبيلة الذين يقع مكان إقامة الموجه إليه التبليغ في نطاق اختصاصهم حسب الترتيب السابق» مع أخذ توقيعهم على الأصلبالتسلم.
وعلى المحضر خلال أربع وعشرين ساعة من تسليم الصورة إلى أي من الجهات المذكورة في هذه المادة أن يرسل إلى الموجه إليه التبليغ في مكان إقامته أو عمله خطاباً -مسجلاًمع
إشعار بالتسلّم- يخبره فيه بأن الصورة سلمت إلى تلك الجهة» وعلى المحضر كذلك أن يبين ذلك في حينه بالتفصيل في أصل التبليغ؛ ويعد التبليغ منتجاً لآثاره من وقتتسليم
الصورة وفقاً للأحوالالسابقة.",False
Q042,informal,إذا واحد ساكن معي استلم التبليغ عني يعتبر تبلغت؟,8,0.015625,نظام المرافعات الشرعية,المادة التاسعةعشرة,"المادة التاسعةعشرة
إذا كان مكان إقامة الموجه إليه التبليغ خارج المملكة فترسل صورة التبليغ إلى وزارة الخارجية لتوصيلها بالطرق الدبلوماسية» ويكتفى بالرد الذي يفيد وصول الصورة إلىالموجه
إليهالتبليغ.",False
Q042,informal,إذا واحد ساكن معي استلم التبليغ عني يعتبر تبلغت؟,9,0.015385,نظام التحكيم,المادة السادسة,"المادة السادسة
-١ إذا لم يكن هناك اتفاق خاص بين طرفي التحكيم في شأن الإبلاغات فيتم تسليم الإبلاغ إلى المرسل إليه شخصيًا - أو من ينوب عنه أو إرساله إلى عنوانه البريدي المحددفي
العقد محل المنازعة»؛ أو المحدد في مشارطة التحكيم أو في الوثيقة المنظمة للعلاقة التي يتناولها التحكيم.1
-١ إذا تعذر تسليم الإبلاغ إلى المرسل إليه وفقاً للفقرة (١)؛ يعد التسليم قد تم إذا كان الإبلاغ بكتاب مسجل إلى آخر مقر عملء أو محل إقامة معتاد» أو عنوان بريدي معروفللمرسل
إليه.ْ
-٠ لا تسري أحكام هذه المادة على الإبلاغات القضائتية الخاصة ببطلان حكم التحكيم أمامالمحاكم.",False
Q042,informal,إذا واحد ساكن معي استلم التبليغ عني يعتبر تبلغت؟,10,0.015385,نظام مكافحة جرائم الإرهاب وتمويله,المادة الخامسةوالعشرون,"المادة الخامسةوالعشرون
تصدر المحكمة حكمًا غيابيًا في حق المتهم بارتكاب جريمة من الجرائم المنصوص عليها في النظام إذا تم التبليغ من المحكمة عن طريق وسائل التبليغ أو إحدى وسائلالإعلام
الرسمية» وعند القبض عليه أو حضوره يعرض على المحكمة التي أصدرت الحكم لإعادةمحاكمته.",False
Q043,formal_direct,هل يشترط الترافع بواسطة محام أمام الدائرة التجارية في المحكمة العليا؟,1,0.032787,اللائحة التنفيذية لنظام المحاكم التجارية,المادة الرابعة والخمسون,"المادة الرابعة والخمسون : الترافع منمحام
في جميع الأحوال؛ يجب أن تكون المرافعة وتقديم أي مذكرات لدى الدائرة التجارية في المحكمة العليا منمحام.",True
Q043,formal_direct,هل يشترط الترافع بواسطة محام أمام الدائرة التجارية في المحكمة العليا؟,2,0.031514,اللائحة التنفيذية لنظام المحاكم التجارية,المادة الثانية والخمسون,"المادة الثانية والخمسون : الدعاوى والطلبات التي ترفع منمحام
يجب أن يكون رفع طلب النقض أو التماس إعادة النظر من محام.
يجب أن يكون الترافع أمام الدوائر الابتدائية ودوائر الاستئناف من محامء في الدعاوىالآتية:
أ - الدعاوى المنصوص عليها في الفقرات )١( و(١) و(5) و(4) من المادة السادسة عشرة من النظام؛ متى كانت قيمة المطالبة الأصلية تزيد على عشرة ملايينريال.
ب - الدعاوى المنصوص عليها في الفقرات (”*) و(5) و(1) و("") من المادة السادسة عشرة من النظام؛ متى كانت قيمة المطالبة الأصلية تزيد على مليونيريإل.
ج -الدعاوى المنصوص عليها في الفقرة (5) من المادة السادسة عشرة من النظام» متى كانت الدعوى تتعلق بطلب افتتاح إجراء إعادة تنظيممالي.",False
Q043,formal_direct,هل يشترط الترافع بواسطة محام أمام الدائرة التجارية في المحكمة العليا؟,3,0.016129,نظام المحاكم التجارية,المادة الخامسةوالعشرون,"المادة الخامسةوالعشرون
١.يكون توزيع الدعاوى بين أعضاء الدائرة وفق آلية يحددهاالمجلس.
؟.تكون إجراءات نظر الدعوى والمرافعة فيها كتابة» على أنه يجوز للدائرة سماع ما لدى الأطراف مشافهة. وللأطراف أن يطلبوا من المحكمة سماع ملخص لأقوالهمودفوعهم
مشافهة في ختام مرافعتهم» وتثبت المحكمة ذلك في محضرالجلسة.
"".تحدد اللائحة الدعاوى التي يجب أن يكون الترافع فيها منمحام.",False
Q043,formal_direct,هل يشترط الترافع بواسطة محام أمام الدائرة التجارية في المحكمة العليا؟,4,0.015873,نظام المحاكم التجارية,المادة الثالثة,"المادة الثالثة
يتولى المجلس الأعلى للقضاء -وففًا لاختصاصاته النظر فيالآتي:
١.إنشاء المحاكم التجارية في المناطق والمحافظات بحسب الحاجة» على أن تكوّن كل محكمة من دوائر استئناف ودوائرابتدائية.
؟.تأليف دوائر استئناف ودوائر ابتدائية في المحاكم التجارية من ثلاثة قضاة» ويجوز تأليف الدوائر من قاضٍ واحد وفق أحكامالنظام.",False
Q043,formal_direct,هل يشترط الترافع بواسطة محام أمام الدائرة التجارية في المحكمة العليا؟,5,0.015873,اللائحة التنفيذية لنظام المحاكم التجارية,المادة الثلاثون,"المادة الثلاثون: الترافع عنبُعد
يجوز إجراء الترافع عن بعد - في كافة الدعاوى والطلبات التي تختص المحكمة بنظرها - عبر استخدام وسائل الاتصال عن بعد المعتمدة من الوزارة» ودون الإخلالبعلنية
الجلسات.
الفصل الخامس:الاختصاص",False
Q043,formal_direct,هل يشترط الترافع بواسطة محام أمام الدائرة التجارية في المحكمة العليا؟,6,0.015625,نظام المحاكم التجارية,المادة الثامنةوالثمانون,"المادة الثامنةوالثمانون
تختص الدائرة التجارية في المحكمة العليا بالنظر في الاعتراضات على الأحكام والقرارات التي تصدرها دوائر الاستئناف في المحكمة؛ إذا كان محل الاعتراض على الحكم مايأتي:
١.مخالفة أحكام الشريعة الإسلامية أو الأنظمة» أو الخطأ في تطبيقها أو تأويلهاء أو مخالفة مبدأ قضائي صادر من المحكمةالعليا.
؟.صدوره من محكمة غير مختصة» أو صدوره من محكمة غير مشكلة تشكيلآً صحيحاً وفق أحكامالنظام.
”"".الخطأ في تكييف الواقعة أو فيوصفها.
:.فصله في نزاع خلافاً لحكم آخر سبق أن صدر بين أطرافالدعوى.",False
Q043,formal_direct,هل يشترط الترافع بواسطة محام أمام الدائرة التجارية في المحكمة العليا؟,7,0.015625,اللائحة التنفيذية لنظام الإجراءات الجزائية,المادة السادسةوالتسعون,"المادة السادسةوالتسعون
-١ إذا رغب المتهم في الجرائم الكبيرة ندب محام للدفاع عنه على نفقة الدولة - استناداً إلى المادة (التاسعة والثلاثين بعد المائة) من النظام - فيُّقيّمم لإدارة المحكمة المرفوعةأمامها
الدعوى طلباً كتابياً بذلك» يشتمل على اسمه كاملاً ورقم هويته ورقم قيد الدعوى المقامة ضده وتاريخه؛ ونوع التهمة المسندة إليه» ويفصح في الطلب عن مصادر دخلهومقداره»
ويُصَرّح فيه بعدم قدرته المالية على الاستعانة بمحام» وأنه إن ثبتت قدرته المالية فللدولة الرجوع عليه بما تدفعه من أتعاب للمحامي؛ ويقيد الطلب ويحال فوراً إلى الدائرةالقضائية
المختصة بنظرالدعوى.
؟ - تقوم الدائرة بدراسة طلب المتهم ندب محام للدفاع عندي» والتحقق من عدم قدرته على الاستعانة بمحام؛ ولها أن تجري ما تشاء من التحريات اللازمة عن ملاءته» وعلىجميع
الجهات ذات العلاقة التعاون معها فيذلك.
* - تُصدر الدائرة قرارها بقبول طلب المتهم ندب محام» أو برفضه؛ ويكون قرارها في الحالتين مسبباً ونهائياً» ويكتفى بضبطه في ضبطالدعوى.
5 - إذا رفضت الدائرة طلب الندب فيبلغ المتهم بذلك مشافهة» وتسير الدائرة في الدعوى بمواجهته مباشرة؛ مع عدم الإخلال بحقه في الاستعانة بمن يدافع عنه علىنفقته.
ه - يكون قرار الدائرة بالندب دون تسمية المحامي» وتبعث كتاباً للوزارة تحدد فيه موعد الجلسة لتسمية محام» فإن اعتذر المحامي بعد تسميته كلفت الوزارةغيره.
؟ - إذا حضر المحامي مع المتهم في الجلسة فيدون توكيله في ضبط الدعوىء فإن امتنع المتهم عن التوكيل دون سبب تقبله الدائرة» سقط حقه في طلب ندبمحام.",False
Q043,formal_direct,هل يشترط الترافع بواسطة محام أمام الدائرة التجارية في المحكمة العليا؟,8,0.015385,نظام المحاكم التجارية,المادة الثامنةوالعشرون,"المادة الثامنةوالعشرون
١.يجوز أن تعهد الدائرة إلى أحد قضاتها تحضير الدعوى وتهيئتها للمرافعة» بما في ذلكالآتي:
أ-استكمال المذكرات والمستندات» واستدعاء ذوي الشأن لسؤالهم عن الوقائع التي يرى لزوم تحقيقهاء وإدخال وقبول تدخل من يصحاختصامه.
ب-إعداد دراسة عنالدعوى.
"".للمحكمة أو للقاضي المكلف بتحضير الدعوى تكليف الأطراف بتبادل المذكرات والمستندات أو الإذن بتقديمها لدى الإدارةالمختصة.
""'.تسري على إجراءات تحضير الدعوى وتبادل المذكرات؛ أحكام المادة (السادسة والعشرين) منالنظام.",False
Q043,formal_direct,هل يشترط الترافع بواسطة محام أمام الدائرة التجارية في المحكمة العليا؟,9,0.015152,اللائحة التنفيذية لنظام المحاماة ١٤٤٦هـ,المادة العشرون,"المادة العشرون
تسري أحكام المادة (السادسة عشرة ) من النظام على المحامي الذي قبل الترافع أو قدم استشارة بنفسه أو بواسطة شخص آخر في واقعة سبق اطلاعه عليها أو شارك في دراستهاأو
أبدى رأيه فيها بصفته قاضياً أو ملازماً قضائياً أو عضواً في إحدى اللجان المشار إليها في المادة (الأولى) منالنظام.
الفصل الثاني: واجبات المحامي الشريك أو المساهم في الشركةالمهنية",False
Q043,formal_direct,هل يشترط الترافع بواسطة محام أمام الدائرة التجارية في المحكمة العليا؟,10,0.014925,اللائحة التنفيذية لنظام التسجيل العيني للعقار.,المادة الثالثةوالأربعون,"المادة الثالثةوالأربعون
-١ لأغراض التسجيل العيني الأول؛ يكون للأراضي الفضاء علامات حدودية على الطبيعة» وذلك بتثبيت الزوايا والنقاط على طول الحدود أو بأي وسيلة فنية معتبرة» وفقمعايير
جهة الاختصاص.ه مالم تكن الحدود معينة بواسطة حدود طبيعة» أو مبنية دائمة يمكن تحديدهابوضوح.
-١ مع مراعاة الفقرة )١( من هذه المادة » يشترط وضع العلامات الحدودية للأراضي الفضاء بواسطة المساحء وذلك إذا لم تكن حدود قطعة الأرض قد غينت -سابقاً- بعلاماتعلى
الطبيعة بواسطة مساح» أو عند زوال تلكالعلامات.
""- تشمل الحدود المبنية الواردة في الفقرة )١( من هذه المادة ؛ الجدران والأسوار القائمة على أرض الواقع؛ وحدود الشوارع والطرق التي تحدد نطاق الأرضالفضاء.",False
Q044,formal_paraphrase,من يحق له تقديم المذكرات أمام الدائرة التجارية في المحكمة العليا؟,1,0.032018,نظام المحاكم التجارية,المادة الثامنةوالعشرون,"المادة الثامنةوالعشرون
١.يجوز أن تعهد الدائرة إلى أحد قضاتها تحضير الدعوى وتهيئتها للمرافعة» بما في ذلكالآتي:
أ-استكمال المذكرات والمستندات» واستدعاء ذوي الشأن لسؤالهم عن الوقائع التي يرى لزوم تحقيقهاء وإدخال وقبول تدخل من يصحاختصامه.
ب-إعداد دراسة عنالدعوى.
"".للمحكمة أو للقاضي المكلف بتحضير الدعوى تكليف الأطراف بتبادل المذكرات والمستندات أو الإذن بتقديمها لدى الإدارةالمختصة.
""'.تسري على إجراءات تحضير الدعوى وتبادل المذكرات؛ أحكام المادة (السادسة والعشرين) منالنظام.",False
Q044,formal_paraphrase,من يحق له تقديم المذكرات أمام الدائرة التجارية في المحكمة العليا؟,2,0.028629,اللائحة التنفيذية لنظام المحاكم التجارية,المادة الرابعة والخمسون,"المادة الرابعة والخمسون : الترافع منمحام
في جميع الأحوال؛ يجب أن تكون المرافعة وتقديم أي مذكرات لدى الدائرة التجارية في المحكمة العليا منمحام.",True
Q044,formal_paraphrase,من يحق له تقديم المذكرات أمام الدائرة التجارية في المحكمة العليا؟,3,0.016393,اللائحة التنفيذية لنظام المحاكم التجارية,المادة الثامنة والثمانون,"المادة الثامنة والثمانون : المرافعةالكتابية
تشمل المرافعة الكتابية تقديم المذكرات وتوجيه أسئلة المحكمة عبر النظام الإلكتروني» وفي جميع الأحوال يجب أن يُرَوّد الطرف الآخر بكل ما يقدم فيالقضية.",False
Q044,formal_paraphrase,من يحق له تقديم المذكرات أمام الدائرة التجارية في المحكمة العليا؟,4,0.016129,اللائحة التنفيذية لنظام المحاكم التجارية,المادة الرابعة والأربعون بعد المائتين,"المادة الرابعة والأربعون بعد المائتين: إجراءات نظر الدعاوىاليسيرة
تعقد المحكمة الجلسة التحضيرية المنصوص عليها في المادة التسعين من اللائحة؛ وإذا تحققت الدائرة من الاختصاص والمسائل الأولية» فتفصل في الدعوى مالم ترضرورة
لإجراء تبادل المذكرات؛ على ألا تتجاوز مدة تبادل المذكرات خمسة عشريوماً.",False
Q044,formal_paraphrase,من يحق له تقديم المذكرات أمام الدائرة التجارية في المحكمة العليا؟,5,0.015873,نظام المحاكم التجارية,المادة الثامنةوالثمانون,"المادة الثامنةوالثمانون
تختص الدائرة التجارية في المحكمة العليا بالنظر في الاعتراضات على الأحكام والقرارات التي تصدرها دوائر الاستئناف في المحكمة؛ إذا كان محل الاعتراض على الحكم مايأتي:
١.مخالفة أحكام الشريعة الإسلامية أو الأنظمة» أو الخطأ في تطبيقها أو تأويلهاء أو مخالفة مبدأ قضائي صادر من المحكمةالعليا.
؟.صدوره من محكمة غير مختصة» أو صدوره من محكمة غير مشكلة تشكيلآً صحيحاً وفق أحكامالنظام.
”"".الخطأ في تكييف الواقعة أو فيوصفها.
:.فصله في نزاع خلافاً لحكم آخر سبق أن صدر بين أطرافالدعوى.",False
Q044,formal_paraphrase,من يحق له تقديم المذكرات أمام الدائرة التجارية في المحكمة العليا؟,6,0.015873,الأدلة الإجرائية لنظام الإثبات,المادة التاسعةوالعشرون,"المادة التاسعةوالعشرون
تسري أحكام الإقرار القضائي علىالآتي:
-١ أي إقرار صدر أمام المحكمة» بما في ذلك ما تم أمام الإدارة المختصة» أو ما ورد في الطلبات» أو المذكرات المقدمة فيالدعوى.
؟- أي إقرار صدر أمام المحكمة -ولو كانت غير مختصة أو أمام هيئة التحكيم؛ أو اللجان ذات الاختصاصالقضائي.",False
Q044,formal_paraphrase,من يحق له تقديم المذكرات أمام الدائرة التجارية في المحكمة العليا؟,7,0.015625,اللائحة التنفيذية لنظام المحاكم التجارية,المادة الحادية والثمانون,"المادة الحادية والثمانون : إجراءاتالقيد
على المدعى عليه - فيما عدا الطلبات المستعجلة - أن يودع مذكرة بدفاعه مشتملة على جواب صريح وملاق للدعوىء وجميع دفوعه؛ وتحديد طلباته» وجميع أسانيده» وذلكقبل
الجلسة بيوم واحد علىالأقل.",False
Q044,formal_paraphrase,من يحق له تقديم المذكرات أمام الدائرة التجارية في المحكمة العليا؟,8,0.015385,نظام المحاكم التجارية,المادة الثالثة,"المادة الثالثة
يتولى المجلس الأعلى للقضاء -وففًا لاختصاصاته النظر فيالآتي:
١.إنشاء المحاكم التجارية في المناطق والمحافظات بحسب الحاجة» على أن تكوّن كل محكمة من دوائر استئناف ودوائرابتدائية.
؟.تأليف دوائر استئناف ودوائر ابتدائية في المحاكم التجارية من ثلاثة قضاة» ويجوز تأليف الدوائر من قاضٍ واحد وفق أحكامالنظام.",False
Q044,formal_paraphrase,من يحق له تقديم المذكرات أمام الدائرة التجارية في المحكمة العليا؟,9,0.015385,اللائحة التنفيذية لنظام المحاكم التجارية,المادة السادسة والثمانون,"المادة السادسة والثمانون : تنفيذ خطة إدارةالدعوى
تتولى الإدارة المختصة مايلي:
-١ إدارة الدعوى وفق الخطةالمعتمدة.
؟- إجراءات تبادل المذكرات في حال تضمنته خطة إدارة الدعوى أو قررت الدائرة أو القاضي المحضر إجراء تبادلالمذكرات.
وللإدارة المختصة الرفع إلى الدائرة - عند الاقتضاء - عن أي صعوبات تواجهها؛ لتقرير ما تراهالدائرة.",False
Q044,formal_paraphrase,من يحق له تقديم المذكرات أمام الدائرة التجارية في المحكمة العليا؟,10,0.015152,نظام المحاكم التجارية,المادة التسعون,"المادة التسعون
يتولى أحد قضاة الدائرة دراسة الاعتراض وإعداد تقرير يتضمن ملخصاً لأسباب الاعتراض والرد عليهاء ويعرضه على الدائرة. فإن رأت الدائرة أن الاعتراض غير جائز أوغير
مقبول لفوات موعد الاعتراضء أو لإقامته على غير الأسباب المبينة في النظام؛ أمرت بعدم قبوله بقرار يثبت في محضر الجلسة» مع إشارة موجزة إلى سببالقرار.
وإن رأت الدائرة أن الاعتراض جدير بالنظر حددت جلسة لنظره. ويجوز لها في هذه الحالة أن تأمر بتبادل المذكرات منالأطراف.",False
Q045,informal,أقدر أرافع بنفسي قدام الدائرة التجارية بالمحكمة العليا؟,1,0.031498,اللائحة التنفيذية لنظام المحاكم التجارية,المادة الرابعة والخمسون,"المادة الرابعة والخمسون : الترافع منمحام
في جميع الأحوال؛ يجب أن تكون المرافعة وتقديم أي مذكرات لدى الدائرة التجارية في المحكمة العليا منمحام.",True
Q045,informal,أقدر أرافع بنفسي قدام الدائرة التجارية بالمحكمة العليا؟,2,0.016393,نظام المحاكم التجارية,المادة الثامنةوالثمانون,"المادة الثامنةوالثمانون
تختص الدائرة التجارية في المحكمة العليا بالنظر في الاعتراضات على الأحكام والقرارات التي تصدرها دوائر الاستئناف في المحكمة؛ إذا كان محل الاعتراض على الحكم مايأتي:
١.مخالفة أحكام الشريعة الإسلامية أو الأنظمة» أو الخطأ في تطبيقها أو تأويلهاء أو مخالفة مبدأ قضائي صادر من المحكمةالعليا.
؟.صدوره من محكمة غير مختصة» أو صدوره من محكمة غير مشكلة تشكيلآً صحيحاً وفق أحكامالنظام.
”"".الخطأ في تكييف الواقعة أو فيوصفها.
:.فصله في نزاع خلافاً لحكم آخر سبق أن صدر بين أطرافالدعوى.",False
Q045,informal,أقدر أرافع بنفسي قدام الدائرة التجارية بالمحكمة العليا؟,3,0.016393,اللائحة التنفيذية لإجراءات الاستئناف,المادة التاسعةوالعشرون,"المادة التاسعةوالعشرون
-١ تحدد الدائرة للمحكوم عليه موعداً لتسليم صورة صك الحكم لا يتجاوز عشرين يوماأء ويجوز تسليمه في يوم النطقبه.
؟- تسلم الإدارة المختصة بالمحكمة صورة صك الحكم للمحكوم عليه في الموعد المحدد؛ فإن لم يحضر لتسلمهاء فتودع في ملف القضية ويدون محضربذلك.
-'٠ تبلغ الإدارة المختصة بالمحكمة الجهة المسؤولة عن السجين أو الموقوف لإحضاره في التاريخ المحدد لاستلام صورة صك الحكم.؛ ما لم يقرر السجين أو الموقوفالاكتفاء
بإرسال صورة صك الحكم إلى مكان السجن أو التوقيف بوساطة الجهة المسؤولة عن السجين أو الموقوف»؛ ويدون محضر بذلك ويوقع منه ومن مدير السجن أو التوقيف أو منيقوم
مقامهماء ويبعث المحضر إلىالمحكمة.",False
Q045,informal,أقدر أرافع بنفسي قدام الدائرة التجارية بالمحكمة العليا؟,4,0.016129,اللائحة التنفيذية لنظام المحاكم التجارية,المادة الثانية والخمسون,"المادة الثانية والخمسون : الدعاوى والطلبات التي ترفع منمحام
يجب أن يكون رفع طلب النقض أو التماس إعادة النظر من محام.
يجب أن يكون الترافع أمام الدوائر الابتدائية ودوائر الاستئناف من محامء في الدعاوىالآتية:
أ - الدعاوى المنصوص عليها في الفقرات )١( و(١) و(5) و(4) من المادة السادسة عشرة من النظام؛ متى كانت قيمة المطالبة الأصلية تزيد على عشرة ملايينريال.
ب - الدعاوى المنصوص عليها في الفقرات (”*) و(5) و(1) و("") من المادة السادسة عشرة من النظام؛ متى كانت قيمة المطالبة الأصلية تزيد على مليونيريإل.
ج -الدعاوى المنصوص عليها في الفقرة (5) من المادة السادسة عشرة من النظام» متى كانت الدعوى تتعلق بطلب افتتاح إجراء إعادة تنظيممالي.",False
Q045,informal,أقدر أرافع بنفسي قدام الدائرة التجارية بالمحكمة العليا؟,5,0.016129,اللائحة التنفيذية لنظام المحاكم التجارية,المادة العاشرة بعد المائتين,"المادة العاشرة بعد المائتين: الأثرالناقل
إذا حكمت الدائرة بعدم قبول الطلب الموضوعي الذي أغفلته الدائرة الابتدائية» فلمن لم يقبل طلبه التقدم بطلب إكمال نظره والفصل فيه وفقاً للإجراءات المعتادة لرفع الدعوى؛ويحال
إلى الدائرة الابتدائيةذاتها.",False
Q045,informal,أقدر أرافع بنفسي قدام الدائرة التجارية بالمحكمة العليا؟,6,0.015873,نظام المحاكم التجارية,المادة الثالثة,"المادة الثالثة
يتولى المجلس الأعلى للقضاء -وففًا لاختصاصاته النظر فيالآتي:
١.إنشاء المحاكم التجارية في المناطق والمحافظات بحسب الحاجة» على أن تكوّن كل محكمة من دوائر استئناف ودوائرابتدائية.
؟.تأليف دوائر استئناف ودوائر ابتدائية في المحاكم التجارية من ثلاثة قضاة» ويجوز تأليف الدوائر من قاضٍ واحد وفق أحكامالنظام.",False
Q045,informal,أقدر أرافع بنفسي قدام الدائرة التجارية بالمحكمة العليا؟,7,0.015625,نظام المحاكم التجارية,المادة التسعون,"المادة التسعون
يتولى أحد قضاة الدائرة دراسة الاعتراض وإعداد تقرير يتضمن ملخصاً لأسباب الاعتراض والرد عليهاء ويعرضه على الدائرة. فإن رأت الدائرة أن الاعتراض غير جائز أوغير
مقبول لفوات موعد الاعتراضء أو لإقامته على غير الأسباب المبينة في النظام؛ أمرت بعدم قبوله بقرار يثبت في محضر الجلسة» مع إشارة موجزة إلى سببالقرار.
وإن رأت الدائرة أن الاعتراض جدير بالنظر حددت جلسة لنظره. ويجوز لها في هذه الحالة أن تأمر بتبادل المذكرات منالأطراف.",False
Q045,informal,أقدر أرافع بنفسي قدام الدائرة التجارية بالمحكمة العليا؟,8,0.015385,نظام المحاكم التجارية,المادة السادسة عشر-مهددلة,"المادة السادسة عشر-مهددلة
تختص المحكمة بالنظر فيالآتي:
١.المنازعات التي تنشأ بين التجار بسبب أعمالهم التجارية الأصلية أوالتبعية.
؟.الدعاوى المقامة على التاجر في منازعات العقود التجارية» متى كانت قيمة المطالبة الأصلية في الدعوى تزيد على مائة ألف ربال» وللمجلس عند الاقتضاء زيادة هذهالقيمة.
"".المنازعات التي تنشأ عن عقود المشاركة المنصوص عليها في نظام المعاملاتالمدنية.
5.الدعاوى والمخالفات الناشئة عن تطبيق أحكام نظامالشركات.
5.الدعاوى والمخالفات الناشئة عن تطبيق أحكام نظامالإفلاس.
؟.الدعاوى والمخالفات الناشئة عن تطبيق أنظمة الملكيةالفكرية.
”.الدعاوى والمخالفات الناشئة عن تطبيق الأنظمة التجاريةالأخرى.
6.الدعاوى والطلبات المتعلقة بالحارس القضائي والأمين والمصفي والخبير المعينين ونحوهم؛ متى كان النزاع متعلقاً بدعوى تختص بنظرهاالمحكمة.
4.دعاوى التعويض عن الأضرار الناشئة عن دعوى سبق نظرها منالمحكمة.",False
Q045,informal,أقدر أرافع بنفسي قدام الدائرة التجارية بالمحكمة العليا؟,9,0.015385,اللائحة التنفيذية لنظام المحاكم التجارية,المادة الحادية والخمسون بعد المائتين,"المادة الحادية والخمسون بعد المائتين: الحكم في الدعاوىاليسيرة
تكون مدة نظر الاستئناف على الأحكام الصادرة في الدعاوى اليسيرة خمسة عشر يوماً من تاريخ إحالتها إلى الدائرة» ما لم تقرر الدائرة نظرهامرافعة.
الفصل الثانى: الدعاوىالجماعية",False
Q045,informal,أقدر أرافع بنفسي قدام الدائرة التجارية بالمحكمة العليا؟,10,0.015152,نظام المحاكم التجارية,المادة السبعون,"المادة السبعون
تفصل الدائرة في الطلب بأمر تصدره خلال (عشرة ) أيام من تاريخ قيده» ويصدر الأمر مبيناً فيه الحق الواجب أداؤه من نقود أو منقول. فإن رفضت الدائرة الطلب فيعدقرارها
بالرفض نهائيّاء وذلك دون إخلال بحق الدائن في رفع دعوى وفق القواعدالمقررة.",False
Q046,formal_direct,كيف يتم إثبات المصالحة التي يتوصل إليها الأطراف بعد قيد القضية؟,1,0.032522,اللائحة التنفيذية لنظام المحاكم التجارية,المادة الحادية والستون,"المادة الحادية والستون : المصالحة بعدالقيد
إذا توصل الأطراف إلى المصالحة أو التسوية بعد قيد القضية» أثبت ما اتفقوا عليه في محضر صلحء يوقع من الخصوم ومن الموظف المختصء ويذيل بالصيغةالتنفيذية.",True
Q046,formal_direct,كيف يتم إثبات المصالحة التي يتوصل إليها الأطراف بعد قيد القضية؟,2,0.030415,اللائحة التنفيذية لنظام المحاكم التجارية,المادة الستون,"المادة الستون: المصالحة بعدالقيد
للمحكمة في أي مرحلة إحالة الأطراف - بشرط موافقتهم - إلى المصالحة والوساطة» ويثبت ذلك في محضر القضية»: وتراعي في الموعد التالي مدة إجراءات المصالحةوالوساطة.",False
Q046,formal_direct,كيف يتم إثبات المصالحة التي يتوصل إليها الأطراف بعد قيد القضية؟,3,0.029387,اللائحة التنفيذية لنظام المحاكم التجارية,المادة التاسعة والخمسون,"المادة التاسعة والخمسون : الدعاوى التي يجب فيها سبق اللجوء للمصالحةوالوساطة
-١ يتحقق سبق اللجوء إلى المصالحة بتقديم وثيقة بانتهاء المصالحة بغير صلح أو بصلح في بعض المنازعة:» أو تقديم ما يثبت البدء في إجراءات المصالحة ومضي المدة المحددةفي
الفقرة )١( من المادة الثامنة من النظام» ولا يحول قيد الدعوى دون استمرار عملية المصالحةوالوساطة.
-١ تطبق أحكام المادة الحادية والعشرين من النظام في حال عدم تقديم المدعي ما نصت عليه الفقرة )١( من هذهالمادة .",False
Q046,formal_direct,كيف يتم إثبات المصالحة التي يتوصل إليها الأطراف بعد قيد القضية؟,4,0.016393,قواعد العمل في مكاتب المصالحة وإجراءاته,المادة الثالثة عشر,"المادة الثالثة عشر: قيد المصالحةوإحالتها
١.يحال طلب المصالحة من المحاكم وفقًا للنموذج المعتمد إلى مكتب المصالحة في نفس المحكمة المرفوع لديها الدعوىء فإن لم يكن فيها مكتب مصالحة فتحال إلى مكتبالمصالحة
الذي يحددهالمركز.
"".إذا تقدم الأطراف أو أحدهم بطلب المصالحة من غير إحالة من المحكمة» فيقدم الأطراف أو أحدهم الطلب إلى المركز أو مكاتب المصالحة وفقًا للنموذج المعتمدء ويتولىالمصالحة
المكتب الذي تقدم إليه الأطراف أو الجهة التي يحددهاالمركز.
“"".يقيد طلب المصالحة يوم إحالته» ويعطى رقمًايميزه.
؟.يحيل مدير مكتب المصالحة المختص أو من يفوضه طلب المصالحة إلى المصلحين من منسوبي الوزارة أو المصلحين المسجلين مراعيًا المصلحة والتعليمات التييصدرها
المركز في هذا الشأن» ومراعيًا رغبة الأطراف ماأمكن.",False
Q046,formal_direct,كيف يتم إثبات المصالحة التي يتوصل إليها الأطراف بعد قيد القضية؟,5,0.015873,قواعد العمل في مكاتب المصالحة وإجراءاته,المادة الخامسة,"المادة الخامسة: علاقة المصلح بالقضية بعد تولي المصالحةفيها
ليس للمصلح تولي الوكالة أو المرافعة أو التحكيم أو تقديم الاستشارة لأحد أطراف المصالحة في المنازعة التي تولى المصالحة فيها حتى بعد انتهائها إلا بموافقة الأطراف, وإلاما
يعد من متممات أعمال الصلح كالإرشاد إلى طريقةالتنفيذ.
الفصل الثالث: المصلحونالمسجلون",False
Q046,formal_direct,كيف يتم إثبات المصالحة التي يتوصل إليها الأطراف بعد قيد القضية؟,6,0.015625,اللائحة التنفيذية لنظام المحاكم التجارية,المادة الثانية والستون,"المادة الثانية والستون : المصالحة بعدالقيد
في الأحوال التي تنتهي المصالحة فيها بسند تنفيذي بموجب أحكام نظام التنفيذ» تزود المحكمة بصورة منه» وتعد الدعوى منقضيةبذلك.",False
Q046,formal_direct,كيف يتم إثبات المصالحة التي يتوصل إليها الأطراف بعد قيد القضية؟,7,0.015625,قواعد العمل في مكاتب المصالحة وإجراءاته,المادة الرابعة عشر,"المادة الرابعة عشر: تحديد موعد الجلسات ومكانها وإبلاغالأطراف
١.مالم ينص المركز في المنازعة محل المصالحة على مدد خلاف ذلك؛ يحدد مكتب المصالحة موعدًا لجلسة المصالحة خلال مدة لا تزيد عن 5 ١ يومًا من تاريخ قيدطلب
المصالحة» ويُبلغ أطراف المصالحة بالموعد عن طريق مكتب المصالحة أو طالب الصلح؛ وفي حال غياب الأطراف أو أحدهم فيحدد المكتب موعدًا آخر خلال سبعة أيام منالموعد
الأول مع مراعاة مناسبته للأطراف ما أمكن» وفي حال غياب الأطراف أو أحدهم للمرة الثانية أو تعذر تبليغهم فيحفظ طلب المصالحة»؛ وتبلغ المحكمة المحيلة إذا كان الطلبمحالا.
؟.تعقد جلسات المصالحة في مقر مكتب المصالحة» ويجوز عقدها إلكترونيًا عن بعد أو في مقر آخر مناسبء على أن تراعى الضوابط والشروط التي يصدرها المركز في هذاالشأن.",False
Q046,formal_direct,كيف يتم إثبات المصالحة التي يتوصل إليها الأطراف بعد قيد القضية؟,8,0.015385,اللائحة التنفيذية لنظام المحاكم التجارية,المادة الرابعة والستون,"المادة الرابعة والستون : المصالحة بعدالقيد
يجوز لأحد الأطراف عرض تسوية مزمنة بأجل محدد أو غير مزمنة للطرف الآخرء على أن للطرف سحب عرضه في أي وقتء وإذا قبل الطرف الآخر العرض قبلسحبه
فيسري عليه ما ورد في نص الفقرة )١( من المادة التاسعة والعشرين منالنظام.
الفصل الثانى عشر: سيرالمحاكمك",False
Q046,formal_direct,كيف يتم إثبات المصالحة التي يتوصل إليها الأطراف بعد قيد القضية؟,9,0.015385,قواعد العمل في مكاتب المصالحة وإجراءاته,المادة السادسة عشر,"المادة السادسة عشر: إجراءات جلسةالمصالحة
١.على المصلح في بداية الجلسة التحقق من هوية أطراف المصالحة» ومن أهليتهم الشرعية والنظامية لإجراءالصلح.
؟.المصلح هو المسؤول عن ضبط جلسات المصالحة» وعليه السعي إلى وصول أطراف المصالحة إلى صلح منهِ للخصومة ملتزمًا بأحكام الشريعة الإسلامية والأنظمةالمرعية»
وبالقيم الواردة في المادة الرابعة من القواعد. وبما يصدره المركز من أدلة إجرائية» وإذا كان بين الأطراف أكثر من منازعة -ولو تعددت اختصاصاتها- فيسعى إلىوصول
الأطراف إلى صلح ينهي جميع هذهالمنازعات.
"".للمصلح -لغرض الوصول إلى الصلح- الاجتماع أثناءَ الجلسة أو قبلها بأحد الأطراف دون الآخرينء كما أن له الاجتماع بالأطراف دون وكلائهم؛ على ألا يخل ذلك بقيمالمصالحة
ولا يؤدي إلى محظورشرعي.
5.لا يجوز للمصلح إكراه أطراف المصالحة أو بعضهم على قبولالصلح.
5.على أطراف المصالحة الالتزام بآداب الحوار وبتعليماتالمصلح.
5.تكون إجراءات المصالحة ومداولاتها باللغة العربية ما لم يتفق الأطراف على غير ذلك؛ على أن يحرر محضر الصلح باللغةالعربية.
.يجوز عقد أكثر من جلسة للمصالحة على ألا تزيد عن ثلاث جلساتء وألا تزيد المدة من حين بدء الإجراءات عن ثلاثين يومّاء ويستثنى منذلك:
أ.المنازعات التي ينص مكتب المصالحة فيها على مددأطول.
ب.المنازعات الأخرى عند موافقة مدير مكتب المصالحة على التمديد بناء على سبب يبينهالمصلح.",False
Q046,formal_direct,كيف يتم إثبات المصالحة التي يتوصل إليها الأطراف بعد قيد القضية؟,10,0.015152,قواعد العمل في مكاتب المصالحة وإجراءاته,المادة الرابعة,"المادة الرابعة: حيادالمصلح
لا يجوز للمصلح تولي المصالحة في الأحوال التي تؤثر على حياده واستقلاله إلا بعد الإفصاح لإدارة المكتب ولجميع أطراف المصالحة وقبولهم به خطيّاء ومن تلكالأحوال:
١.إذا كان للمصلح أو زوجته أو أقاربه أو أصهاره إلى الدرجة الرابعة مصلحة قائمة أو محتملة في المنازعة» كوجود علاقة مهنية له أو شراكة مع أحد الأطراف سواء أكانت قائمةأم
منتهية» أو وجود مصلحة له شخصية أو مالية في مخرجات المصالحة»؛ أو أي سبب آخر يمكن أن يؤثر في استقلالهوحياده.
؟.إذا كان قد سبق له الترافع عن أحد الأطراف في المنازعة» أو الإفتاء فيهاء أو النظر فيها خبيرًا أو محكّمّاء أو أدى شهادة فيهاء أو باشر إجراء من إجراءات التحقيقفيها.",False
Q047,formal_paraphrase,ما الإجراء المتبع عند اتفاق الخصوم على التسوية بعد تسجيل الدعوى؟,1,0.031778,اللائحة التنفيذية لنظام المحاكم التجارية,المادة الحادية والستون,"المادة الحادية والستون : المصالحة بعدالقيد
إذا توصل الأطراف إلى المصالحة أو التسوية بعد قيد القضية» أثبت ما اتفقوا عليه في محضر صلحء يوقع من الخصوم ومن الموظف المختصء ويذيل بالصيغةالتنفيذية.",True
Q047,formal_paraphrase,ما الإجراء المتبع عند اتفاق الخصوم على التسوية بعد تسجيل الدعوى؟,2,0.028694,اللائحة التنفيذية لنظام المحاكم التجارية,المادة السبعون بعد المائتين,"المادة السبعون بعد المائتين: عرض التسوية في الدعوىالجماعية
يجب قبل نظر الدعوى الجماعية عرض التسوية على الأطرافء وفي حال توصل ممثل المدعين إلى تسوية مع المدعى عليه» فيجب على ممثل المدعين عرضها علىالمدعين
بالوسيلة المناسبة مع تحديد ميعاد لإبداء الموافقة على العرض من عدمه خلال مدة لا تتجاوز ثلاثين يومأ؛ وفي حال قبلها أغلبية المدعين» فتثبت التسوية بحق من قبل بهاوتنهي
المحكمة الدعوى الجماعيةبذلك.",False
Q047,formal_paraphrase,ما الإجراء المتبع عند اتفاق الخصوم على التسوية بعد تسجيل الدعوى؟,3,0.016393,نظام الإفلاس,المادة الثامنة والعشرون بعد المائة,"المادة الثامنة والعشرون بعد المائة:الهدف
-١ للمدين الصغير طلب افتتاح إجراء التسوية الوقائية بدلاً من افتتاح إجراء التسوية الوقائية لصغارالمدينين.
؟- لا يجوز للمدين افتتاح إجراء التسوية الوقائية لصغار المدينين إذا كان سبق له الخضوع إلى هذا الإجراء أو إلى إجراء التسوية الوقائية خلال (الاثني عشر) شهراًالسابقة.",False
Q047,formal_paraphrase,ما الإجراء المتبع عند اتفاق الخصوم على التسوية بعد تسجيل الدعوى؟,4,0.016129,اللائحة التنفيذية لنظام المحاكم التجارية,المادة الستون,"المادة الستون: المصالحة بعدالقيد
للمحكمة في أي مرحلة إحالة الأطراف - بشرط موافقتهم - إلى المصالحة والوساطة» ويثبت ذلك في محضر القضية»: وتراعي في الموعد التالي مدة إجراءات المصالحةوالوساطة.",False
Q047,formal_paraphrase,ما الإجراء المتبع عند اتفاق الخصوم على التسوية بعد تسجيل الدعوى؟,5,0.016129,نظام الإفلاس,المادة الرابعة والعشرون,"المادة الرابعة والعشرون :العقود
-١ تعد العقود التي يكون المدين طرفاً فيها قائمة بصرف النظر عن افتتاح إجراء التسوية الوقائية» ويلتزم المتعاقد مع المدين بتنفيذ التزاماته التعاقدية بعد افتتاح الإجراءء مقابلتنفيذ
المدين لالتزاماته التي نشأت بعد افتتاح الإجراءء وتدرج في قائمة المطالبات التزامات المدين التعاقدية التي نشأت قبل افتتاح الإجراء ولم يف المدينبها.
-١ إذا لم يف المدين بعد افتتاح الإجراء بالتزاماته الناشئة عن العمل بالعقود -التي يكون طرفاً فيها-بموجب الفقرة )١( من هذه المادة » فللمحكمة -بناء على طلب المتعاقد- إنهاءالعقد
وإبراء المتعاقد من التزاماته التعاقدية دون الإخلالبحقوقه.
""- يلتزم المدين ببذل العناية الواجبة لضمان الوفاء بالتزاماته التعاقدية التي تنشأ بعد افتتاح الإجراء بما في ذلك الوفاء الحالٌ أو ما يقوم مقامه من الضمانات التي تضمن حقالمتعاقد
عند تنفيذه لالتزاماته وفقاً لما تحددهاللائحة.
5- على المدين تنفيذ التزاماته التي نشأت بعد افتتاح الإجراء في آجالها ما لم يتفق مع الطرف الآخر على غيرذلك.",False
Q047,formal_paraphrase,ما الإجراء المتبع عند اتفاق الخصوم على التسوية بعد تسجيل الدعوى؟,6,0.015873,نظام الإفلاس,المادة الثالثة والثمانون بعد المائة,"المادة الثالثة والثمانون بعد المائة: التمويل في إجراءات التسوية الوقائية وإعادة التنظيمالمالي
للمدين في إجراء التسوية الوقائية وإجراء التسوية الوقائية لصغار المدينين وإجراء إعادة التنظيم المالي وإجراء إعادة التنظيم المالي لصغار المدينين أن يطلب من المحكمة بعدافتتاح
الإجراء الموافقة على الحصول على تمويل مضمون على أن يرفق بذلك الطلب تقريراً من خبير يؤيده» وتوافق المحكمة على الطلب متى كان لازماً لاستمرار نشاط المدينأو
المحافظة على أصول التفليسة خلال فترةالإجراء.",False
Q047,formal_paraphrase,ما الإجراء المتبع عند اتفاق الخصوم على التسوية بعد تسجيل الدعوى؟,7,0.015625,اللائحة التنفيذية لنظام المحاكم التجارية,المادة الرابعة والستون,"المادة الرابعة والستون : المصالحة بعدالقيد
يجوز لأحد الأطراف عرض تسوية مزمنة بأجل محدد أو غير مزمنة للطرف الآخرء على أن للطرف سحب عرضه في أي وقتء وإذا قبل الطرف الآخر العرض قبلسحبه
فيسري عليه ما ورد في نص الفقرة )١( من المادة التاسعة والعشرين منالنظام.
الفصل الثانى عشر: سيرالمحاكمك",False
Q047,formal_paraphrase,ما الإجراء المتبع عند اتفاق الخصوم على التسوية بعد تسجيل الدعوى؟,8,0.015625,الأدلة الإجرائية لنظام الإثبات,المادة التاسعة,"المادة التاسعة
-١ في الأحوال التي تُعمل فيها المحكمة اتفاق الخصوم على إجراء من إجراءات الإثبات» يجب إثبات ذلك عند اتخاذالإجراء.
-١ إذا لم تأخذ المحكمة باتفاق الخصوم لمخالفته للنظام العام؛ فعليها أن تبين وجهالمخالفة.",False
Q047,formal_paraphrase,ما الإجراء المتبع عند اتفاق الخصوم على التسوية بعد تسجيل الدعوى؟,9,0.015385,اللائحة التنفيذية لنظام المحاكم التجارية,المادة الثالثة والستون,"المادة الثالثة والستون : المصالحة بعدالقيد
تسري أحكام الفقرة )١( من المادة التاسعة والعشرين من النظام في أي مرحلة تم فيها الاتفاق ولو بعد قفل باب المرافعة أو أمام المحكمة المعترضأمامها.",False
Q047,formal_paraphrase,ما الإجراء المتبع عند اتفاق الخصوم على التسوية بعد تسجيل الدعوى؟,10,0.015152,نظام الإفلاس,المادة السابعة والعشرون بعد المائة,"المادة السابعة والعشرون بعد المائة:الهدف
يهدف إجراء التسوية الوقائية لصغار المدينين إلى تمكين المدين الصغير من التوصل إلى اتفاق مع دائنيه لتسوية ديونه خلال فترة معقولة عبر إجراءات يسيرة بتكلفةمنخفضة
وكفاية عالية» مع احتفاظ المدين بإدارةنشاطه.",False
Q048,informal,إذا تصالحنا بعد ما سجلنا القضية، وش يصير؟,1,0.016393,اللائحة التنفيذية لنظام المحاكم التجارية,المادة الحادية والستون,"المادة الحادية والستون : المصالحة بعدالقيد
إذا توصل الأطراف إلى المصالحة أو التسوية بعد قيد القضية» أثبت ما اتفقوا عليه في محضر صلحء يوقع من الخصوم ومن الموظف المختصء ويذيل بالصيغةالتنفيذية.",True
Q048,informal,إذا تصالحنا بعد ما سجلنا القضية، وش يصير؟,2,0.016393,نظام الأحوال الشخصية,المادة الخامسة بعدالمائة,"المادة الخامسة بعدالمائة
إذا فسخ عقد الزواج لعلة في أحد الزوجين» فعلى المحكمة أن تقرر مايأتي:
-١ إذا كانت العلة حدثت في أي من الزوجين بعد الدخول؛ فليس للزوج استرداد ما دفعه منالمهر.
؟- إذا كانت العلة في أي من الزوجين سابقة للعقد وكان الفسخ قبل الدخول أو الخلوة» فيسترد الزوج ما دفعه من المهر ويسقط ما بقي منه ولو كانمؤجلا.
""- إذا كانت العلة في الزوج سابقة للعقد وكان الفسخ بعد الدخول أو الخلوة» فللزوجةالمهر.
- إذا كانت العلة في الزوجة سابقة للعقد وكان الفسخ بعد الدخول أو الخلوة؛ فللزوجة المهرء ويجوز للزوج الرجوع بالمهر على منغره.",False
Q048,informal,إذا تصالحنا بعد ما سجلنا القضية، وش يصير؟,3,0.016129,نظام المعاملات المدنية,المادة الأولى بعدالأربعمائة,"المادة الأولى بعدالأربعمائة
يترتب على عقد الصلح انقضاء الحقوق والادعاءات التي نزل عنها أ من المتصالحين» وليس لأي منهما أو لورثته الرجوعفيه.",False
Q048,informal,إذا تصالحنا بعد ما سجلنا القضية، وش يصير؟,4,0.016129,نظام الإفلاس,المادة السابعة عشرة بعد المائة,"المادة السابعة عشرة بعد المائة: التوزيع علىالدائنين
-١ في حال وجود أكثر من قرار توزيع؛ وتقدم أي من الدائنين بمطالبة قبل تنفيذ قرار التوزيع النهائي فيعطى ما يستوفي حقه مما فاته من التوزيعات السابقة بنفس نسبة ما تمتوزيعه
على الدائنين -مع مراعاة ترتيب الأولوية- ما لم يتعذرذلك.
-١ إذا تقدم أي من الدائنين بمطالبة بعد تنفيذ قرار التوزيع الأوحد أو النهائي فلا تؤدى
حقه مما فاته من التوزيعات السابقة بنفس نسبة ما تمتوزيعه
على الدائنين -مع مراعاة ترتيب الأولوية- ما لم يتعذرذلك.
-١ إذا تقدم أي من الدائنين بمطالبة بعد تنفيذ قرار التوزيع الأوحد أو النهائي فلا تؤدى المطالبة إلا في حال وجود أصول متبقية أو تملك المدين أصولاً بعد إجراء التوزيع وقبلانتهاء
إجراءالتصفية.",False
Q048,informal,إذا تصالحنا بعد ما سجلنا القضية، وش يصير؟,5,0.015873,قواعد العمل في مكاتب المصالحة وإجراءاته,المادة الثامنة عشر,"المادة الثامنة عشر: انتهاءالمصالحة
تنتهي المصالحة في أي من الأحوالالآتية:
١.إذا توصل أطراف المصالحة إلى صلح منهٍللخصومة.
”.إذا غاب أحد أطراف المصالحة وفقًا لما ورد في المادة الرابعةعشرة .
"".ذا انسحب أحد أطراف المصالحة في أي مرحلة منمراحلها.
54.إذا تعذر الصلح من أحد أطراف المصالحة لوفاته أو انقضاء شخصيته الاعتبارية أو غيرذلك.
5.إذا تجاوزت جلسات المصالحة عدد الجلسات أو المدد المذكورة في المادة السادسةعشرة .
"".إذا رأى المصلح عدم جدوى المضي في إجراءات المصالحة أو تكررت مخالفة أطرافها لآداب المصالحة وإجراءاتها فله الاعتذار» ويرفع بذلك إلى مدير مكتب المصالحةللتقرير
في إنهاء المصالحة أو إحالتها إلى مصلحآخر.",False
Q048,informal,إذا تصالحنا بعد ما سجلنا القضية، وش يصير؟,6,0.015873,نظام المعاملات المدنية,المادة الثامنة والأربعون بعدالستمائة,"المادة الثامنة والأربعون بعدالستمائة
إذا تصرف شخص لأحد ورثته واحتفظ بحيازة الشيء الذي تصرف فيه» وبحق الانتفاع به مدى حياته» عُدَّ التصرف مضففاً إلى ما بعد الموت وتسريعليه
أحكام الوصية ما لم يقم الدليل على خلافذلك.
إذا تصرف شخص لأحد ورثته واحتفظ بحيازة الشيء الذي تصرف فيه؛ وبحق الانتفاع به مدى حياته؛ عْدَّ التصرف مضافاً إلى ما بعد الموت وتسري عليه أحكام الوصية ما لميقم
الدليل على خلافذلك.",False
Q048,informal,إذا تصالحنا بعد ما سجلنا القضية، وش يصير؟,7,0.015625,نظام المعاملات المدنية,المادة الثامنة والتسعون بعدالثلاثمائة,"المادة الثامنة والتسعون بعدالثلاثمائة
يصح أن يتصالح شخصان يدعي كل منهما حقّاً له لدى الآخر على أن يحتفظ كل منهما بالحق الذيلديه.",False
Q048,informal,إذا تصالحنا بعد ما سجلنا القضية، وش يصير؟,8,0.015625,نظام الإفلاس,المادة الثالثة والتسعون بعد المائة,"المادة الثالثة والتسعون بعد المائة: إثبات رصيدالدين
-١ تكون مطالبة الدائن المقدمة منه إلى الأمين في إجراءي التصفية أو التصفية لصغار المدينينبقدر
ما بقي من مقدار دينه بعد إجراءالمقاصة.
-١ إذا كان مقدار الدين المتبقي بعد المقفاصة مستحقاً للمدين في إجراءي التصفية أو التصفية لصغار المدينين» فيؤدى إلى الأمين ويدخل ضمن أصول التفليسة» وإذا كاناستحقاقه
مستقبلياً أو مبنياً على شرطء فيؤدى إلى الأمين ما يتبقى بعد حلول الأداء واستقرارالوجوب.",False
Q048,informal,إذا تصالحنا بعد ما سجلنا القضية، وش يصير؟,9,0.015385,قواعد العمل في مكاتب المصالحة وإجراءاته,المادة التاسعة,"المادة التاسعة: المقابل الماليللمصالحة
يجوز للمصلح المسجل الحصول على أتعاب للمصالحة من أطرافها أو بعضهمء وفق الأحكامالآتية:
١.أن يبين ذلك في سجل المصلحينالمسجلين.
؟.موافقة أطراف المصالحة» بعد اطلاعهم على مقدارالأتعاب.
"".ألا يؤثر ذلك في حيادية المصلح المسجلواستقلاله.
5.أن يلتزم المصلح المسجل بما يصدره المركز من إجراءات وضوابط في هذا الشأن» بما في ذلك ما قد يصدره من ضوابط لتحديد مقدار الأتعاب وللمنازعات التي يجوز أخذمقابل
ماليعليها.",False
Q048,informal,إذا تصالحنا بعد ما سجلنا القضية، وش يصير؟,10,0.015385,نظام الأحوال الشخصية,المادة الثامنة والعشرون بعدالمائة,"المادة الثامنة والعشرون بعدالمائة
مع مراعاة ما تقضي به الأنظمة ذات العلاقة» يسقط الحق في الحضانة في الحالاتالآتيةة
-١ إذا تخلف أحد الشروط المذكورة في المادتين (الخامسة والعشرين بعد المائة) و(السادسة والعشرين بعد المائة) من هذاالنظام.
""- إذا انتقل الحاضن إلى مكان بقصد الإقامة تفوت به مصلحةالمحضون.
""- إذا سكت مستحق الحضانة عن المطالبة بها مدة تزيد على (سنة) من غير عذر؛ ما لم تقنتض مصلحة المحضون خلافذلك.",False
Q049,formal_direct,ما البيانات التي يجب إثباتها عند إصدار أمر من المحكمة بسبب واقعة إخلال؟,1,0.028958,الأدلة الإجرائية لنظام الإثبات,المادة الخامسةوالعشرون,"المادة الخامسةوالعشرون
في الأحوال التي يقتضي فيها الإجراء انتقال المحكمة لاتخاذ إجراء من إجراءات الإثبات؛ يجب مراعاةالآتي:
-١ إصدار قرار بالانتقال يدون في المحضرء على أن يتضمن نوع الإجراءء وتسمية المكلف بالانتقال» وتاريخه؛ومكانه.
-١ تبليغ الخصوم بموعدالانتقال.
الك إعداد محضر الانتقال» وتدوين بياناته»ونتيجته.
5- تدوين نتيجة الإجراء فيالمحضر.",False
Q049,formal_direct,ما البيانات التي يجب إثباتها عند إصدار أمر من المحكمة بسبب واقعة إخلال؟,2,0.016393,الأدلة الإجرائية لنظام الإثبات,المادة السادسةوالعشرون,"المادة السادسةوالعشرون
في الأحوال التي يقتضي فيها الإجراء استخلاف محكمة أخرى؛ يجب مراعاةالآتي:
-١ إصدار قرار بالاستخلاف يدون في المحضرء» على أن يتضمن مايأتي:
أ- اسم المحكمةالمستخلفة,
ب- ملخص الواقعة, ونوعالإجراء.
ج- الصلاحيات الممنوحة للمحكمةالمستخلفة.
؟- إبلاغ المحكمة المستخلفة بقرارالاستخلاف.
-٠ التزامات المملكة في الاتفاقيات الدولية التي تكون طرفاً فيهاء إذا كانت الإنابة لإجراء إثبات خارجالمملكة.",False
Q049,formal_direct,ما البيانات التي يجب إثباتها عند إصدار أمر من المحكمة بسبب واقعة إخلال؟,3,0.016393,الأدلة الإجرائية لنظام الإثبات,المادة الثانيةوالثمانون,"المادة الثانيةوالثمانون
-١ يجب أن تتضمن الدعوى المستعجلة لسماع الشهادةالآتي:
أ- بيان الواقعة محلالشهادة.
ب- بيان وجه الضرورة: أوالاستعجال.
ج- بيانات المشهود عليه إنأمكن.
د- بياناتالشاهد.
-١ تسمع المحكمة شهادة الشاهد عند استيفائها المتطلبات النظامية؛ بما في ذلك كون الواقعة مما يجوز إثباتها بشهادةالشهود.",False
Q049,formal_direct,ما البيانات التي يجب إثباتها عند إصدار أمر من المحكمة بسبب واقعة إخلال؟,4,0.016129,اللائحة التنفيذية لنظام المحاكم التجارية,المادة الخامسةوالستون,"المادة الخامسةوالستون :
يكون إثبات أمر المحكمة المنصوص عليه في الفقرة )١( من المادة الثالثة عشرة من النظام في محضر القضية» على أن يتضمن إثبات الواقعة محل الإخلال؛ ومقدار الغرامة»وتحديد
الشخص أو الأشخاص الصادر بحقهم الأمرء ويزود رئيس المحكمة بنسخة منه فورصدوره.",False
Q049,formal_direct,ما البيانات التي يجب إثباتها عند إصدار أمر من المحكمة بسبب واقعة إخلال؟,5,0.016129,نظام الإثبات,المادة الثانية,"المادة الثانية
1. على المدعي أن يثبت ما يدعيه من حق» وللمدعى عليهنفيه.
2. يجب أن تكون الوقائع المراد إثباتها متعلقة بالدعوى؛ ومنتجة فيهاء وجائزاًقبولها.
3. لا يجوز للقاضي أن يحكم بعلمهالشخصي.",False
Q049,formal_direct,ما البيانات التي يجب إثباتها عند إصدار أمر من المحكمة بسبب واقعة إخلال؟,6,0.015873,الأدلة الإجرائية لنظام الإثبات,المادة الثانيةوالعشرون,"المادة الثانيةوالعشرون
يجب على المحكمة عند العدول عن أي إجراء من إجراءات الإثبات أن تدون ذلك في المحضرء مبينةالآتي:
-١ الإجراء الذي غدلعنه.
-١ سببالعدول.
""- ما يترتب على العدول عندالاقتضاء.",False
Q049,formal_direct,ما البيانات التي يجب إثباتها عند إصدار أمر من المحكمة بسبب واقعة إخلال؟,7,0.015873,نظام التنفيذ,المادة الثامنةعشرة,"المادة الثامنةعشرة :
يجب على جهات تسجيل الأموال» أو الجهات المشرفة عليها أو على إدارتها - بحسب الأحوال - مايأتي:
١ - إنشاء إدارات مختصة للتعامل مع أوامر قضاء التنفيذالمختلفة.
” - إعداد قواعد بيانات بملكية الأموال سواء كانت أصولاً عقارية» أو مالية» أو تجارية» أو فكرية؛ أو أي أصلآخر.
“' - الالتزام بالمحافظة على سرية البيانات والمعلوماتء التي اطلع عليها الموظفون بسبب عملهم, وألا يفشوها لأي سببكان.
: - وضع آلية تقنية لضمان عدم الدخول على البيانات إلابإذن.
5 - مع مراعاة ما تقضي به الأنظمة» على هذه الإدارات إبلاغ أصحاب الأموال بما تم الإفصاح عنه من بيانات بعد مدة تحددهااللائحة.",False
Q049,formal_direct,ما البيانات التي يجب إثباتها عند إصدار أمر من المحكمة بسبب واقعة إخلال؟,8,0.015625,نظام مكافحة غسل الأموال,المادة الرابعةوالأربعون,"المادة الرابعةوالأربعون
-١ للنيابة العامة -بمبادرة منها أو بطلب من الإدارة العامة للتحريات المالية أو رجل ضبط جنائي بناءً على الاشتباه في جريمة غسل أموال أو جريمة أصلية أن تأمربالحجز
التتحفظي على الأموال محل المصادرة أو التي قد تصبح محلاً للمصادرة: لمدة لا تتجاوز (ستين) يوماً. ويُصدر الأمرء ويطبق من دون إشعار مسبق للطرف المعني. ويمكنتمديد
الأمر مدة أطول بموجب أمر قضائي صادر من المحكمة المختصّة مع عدم الإخلال بحقوق أي طرف آخر حسنالنيّة.
؟- للنيابة العامة -عند إصدار أمر الحجز التحفظي- أن ثبقي الأموال المحجوزة تحت إدارة صاحب المصلحة فيها أو أي طرف آخرء أو أن تطلب من المحكمة المختصة الأمربنقل
هذه الأموال إلى جهة مختصة للحد من احتمالاختفائها.",False
Q049,formal_direct,ما البيانات التي يجب إثباتها عند إصدار أمر من المحكمة بسبب واقعة إخلال؟,9,0.015385,الأدلة الإجرائية لنظام الإثبات,المادة الثانية بعدالمائة,"المادة الثانية بعدالمائة
-١ يجب أن يتضمن قرار المحكمة بمعاينة المتنازع فيهالآني:
أ- تاريخ المعاينة»ومكانها.
ب- محلالمعاينة.
ج- اسم الخبير الذي استعانت به فيالمعاينة.
""- يبلغ بالقرار من كان غائباً منالخصوم.",False
Q049,formal_direct,ما البيانات التي يجب إثباتها عند إصدار أمر من المحكمة بسبب واقعة إخلال؟,10,0.015385,نظام المرافعات الشرعية,المادة الأولى بعد المائنة|ملغاة,"المادة الأولى بعد المائنة|ملغاة
يجب أن تكون الوقائع المراد إثباتها أثناء المرافعة متعلقة بالدعوى منتجة فيها جائزاًقبولها.",False
Q050,formal_paraphrase,كيف يوثق أمر المحكمة المتعلق بالغرامة والواقعة محل الإخلال؟,1,0.032258,اللائحة التنفيذية لنظام المحاكم التجارية,المادة الخامسةوالستون,"المادة الخامسةوالستون :
يكون إثبات أمر المحكمة المنصوص عليه في الفقرة )١( من المادة الثالثة عشرة من النظام في محضر القضية» على أن يتضمن إثبات الواقعة محل الإخلال؛ ومقدار الغرامة»وتحديد
الشخص أو الأشخاص الصادر بحقهم الأمرء ويزود رئيس المحكمة بنسخة منه فورصدوره.",False
Q050,formal_paraphrase,كيف يوثق أمر المحكمة المتعلق بالغرامة والواقعة محل الإخلال؟,2,0.016393,اللائحة التنفيذية لنظام الإجراءات الجزائية,المادة المائة,"المادة المائة
-١ على المحكمة تدوين ما يقع مما يخل بنظام الجلسة في محضرء أو في ضبطالدعوى.
؟ - يحرر الأمر الصادر بسجن من يخل بنظام الجلسة استناداً إلى المادة (الثانية والأربعين بعد المائة) من النظام؛ بكتاب رسميء ويُبعث للجهة المختصةلتنفيذه.",False
Q050,formal_paraphrase,كيف يوثق أمر المحكمة المتعلق بالغرامة والواقعة محل الإخلال؟,3,0.016393,لائحة التقارير الطبية,المادة الرابعة,"المادة الرابعة
يجب أن يصدر التقرير المتعلق بنقص الأهلية أو فقدها الطارئين» والتقرير المتعلق بمدة أكثر الحمل» من لجنة طبية مختصة مكونة من ثلاثة أطباء استشاريين» وأن يكون بطلبمن
المحكمة.",False
Q050,formal_paraphrase,كيف يوثق أمر المحكمة المتعلق بالغرامة والواقعة محل الإخلال؟,4,0.015873,اللائحة التنفيذية لنظام الإجراءات الجزائية,المادة الثالثة والثلاثون بعدالمائة,"المادة الثالثة والثلاثون بعدالمائة
-١ على الجهة التي تتولى الضبط أن تبين في محاضر الأشياء المضبوطة ما يسرع إليه التلف؛ وما يستلزم حفظه نفقاتكبيرة.
” - إذا كان الحكم بالتصرف في الأشياء المضبوطة مما يجري فيه التنفيذ المعجل وفقاً للمادة (الرابعة والثمانين بعد المائة) من النظام؛ فعلى المحكمة النص عليه فيالحكم.
"" - إذا كانت الأشياء المضبوطة محلا للنزاع ورأت المحكمة تنفيذ الحكم الصادر في شأن التصرف فيها قبل اكتساب الحكم الصادر في الدعوى لصفة القطعية؛ فعلى الجهةالتي
5 - إذا كانت الأشياء المضبوطة لدى المحكمة فتُجري التنفيذ المعجل بتسليمهاء وإذا كانت لدى جهة أخرى فتزودها المحكمة بكتاب رسمي بذلك؛ وعلى هذه الجهة مباشرة تنفيذه»مع
أخذ التعهد المشار إليه في المادة (الرابعة والثمانين بعد المائة) من النظام. ويّرجع إلى المحكمة تقدير أخذ الكفالة منعدمه.",False
Q050,formal_paraphrase,كيف يوثق أمر المحكمة المتعلق بالغرامة والواقعة محل الإخلال؟,5,0.015873,نظام الإثبات,المادة التاسعةوالأربعون,"المادة التاسعةوالأربعون
1. إذا حكم برفض الادعاء بتزوير المحرّر أو سقوط حق مدعي التزوير في الإثبات» حكم عليه بغرامة لا تزيد على (عشرة آلاف) ريال» وذلك دون إخلال بحق ذوي الشأنفي
2. لا يحكم بالغرامة على مدعي التزوير إذا تنازل عن ادعائه قبل انتهاء إجراءات التحقيق فيه؛ ما لم يثبت للمحكمة أنه قصد الكيد لخصمه أو تأخير الفصل فيالدعوى.
3. لا يحكم بالغرامة على مدعي التزوير إذا ثبت بعض ماادعاه.
4. إذا ثبت تزوير المحرّر أحالته المحكمة إلى النيابة العامة؛ لاتخاذ الإجراءاتاللازمة.
الفصل الرابع: إثبات صحة المحرّرات الفرع الرابع: دعوى التزويرالاصلية",False
Q050,formal_paraphrase,كيف يوثق أمر المحكمة المتعلق بالغرامة والواقعة محل الإخلال؟,6,0.015625,اللائحة التنفيذية لنظام الإجراءات الجزائية,المادة الحادية والعشرون بعدالمائة,"المادة الحادية والعشرون بعدالمائة
-١ يدون أي أمر تصدره المحكمة - وفقاً للمادة (السبعين بعد المائة) من النظام - وأسبابه في ضبط الدعوى؛ ويصدر به كتابرسمي.
؟ - يُضْمَّن الكتاب الرسمي الذي تصدره المحكمة لضبط شيء متعلق بالقضية تسمية الجهة التي تراها المحكمة للقيامبالضبط,
“ - للمحكمة إبقاء المضبوطات المشار إليها في المادة (السبعين بعد المائة) من النظام لديهاء أو لدى إحدى الجهاتالمختصة.
5 - إذا رأت المحكمة إبقاء مستند أو أي شيء آخر قدم إليها أثناء المحاكمة؛ فتُسلم مَنْ قدمه سنداً بذلك إذاطلبه.
5 - تكون إجراءات تحريز ورد ما ضبط استناداً إلى المادة (السبعين بعد المائة) من النظام؛ وفقاً للأحكام ذات الصلة المنصوص عليها في النظامواللائحة.",False
Q050,formal_paraphrase,كيف يوثق أمر المحكمة المتعلق بالغرامة والواقعة محل الإخلال؟,7,0.015625,نظام الأحوال الشخصية,المادة الثانيةوالتسعون,"المادة الثانيةوالتسعون
-١ يجب على الزوج في الطلاق الرجعي توثيق المراجعة» وفقاً للإجراءات المنظمة لذلك خلال مدة أقصاها (خمسة عشر) يوماً من تاريخ المراجعة إذا كان وثقالطلاق.
""- إذا لم يوثق الزوج المراجعة
الثانيةوالتسعون
-١ يجب على الزوج في الطلاق الرجعي توثيق المراجعة» وفقاً للإجراءات المنظمة لذلك خلال مدة أقصاها (خمسة عشر) يوماً من تاريخ المراجعة إذا كان وثقالطلاق.
""- إذا لم يوثق الزوج المراجعة على النحو الوارد في الفقرة )١( من هذه المادة » ولم تعلم بها المرأة» ثم تزوجت بآخر فلا تصحالمراجعة.
""- إذا لم يوثق الزوج المراجعة ولم تعلم بها الزوجة»؛ فلها المطالبة بالنفقة عن المدة السابقة» وذلك استثناءً من الفقرة (7) من المادة (الثانية والخمسين) من هذاالنظام.",False
Q050,formal_paraphrase,كيف يوثق أمر المحكمة المتعلق بالغرامة والواقعة محل الإخلال؟,8,0.015385,اللائحة التنفيذية لنظام الإجراءات الجزائية,المادة الثلاثون بعدال,"المادة الثلاثون بعدال
ضمن الحكم الصادر في الدعوى الجزائية الفصل في طلبات المدعي بالحق الخاص أو المتهم؛ فعلى المحكمة أن تبين في الحكم ما يخص الدعوى الجزائية وما يخصطلبات
المدعي بالحق الخاص أوالمتهم.",False
Q050,formal_paraphrase,كيف يوثق أمر المحكمة المتعلق بالغرامة والواقعة محل الإخلال؟,9,0.015385,نظام مكافحة غسل الأموال,المادة الرابعةوالأربعون,"المادة الرابعةوالأربعون
-١ للنيابة العامة -بمبادرة منها أو بطلب من الإدارة العامة للتحريات المالية أو رجل ضبط جنائي بناءً على الاشتباه في جريمة غسل أموال أو جريمة أصلية أن تأمربالحجز
التتحفظي على الأموال محل المصادرة أو التي قد تصبح محلاً للمصادرة: لمدة لا تتجاوز (ستين) يوماً. ويُصدر الأمرء ويطبق من دون إشعار مسبق للطرف المعني. ويمكنتمديد
الأمر مدة أطول بموجب أمر قضائي صادر من المحكمة المختصّة مع عدم الإخلال بحقوق أي طرف آخر حسنالنيّة.
؟- للنيابة العامة -عند إصدار أمر الحجز التحفظي- أن ثبقي الأموال المحجوزة تحت إدارة صاحب المصلحة فيها أو أي طرف آخرء أو أن تطلب من المحكمة المختصة الأمربنقل
هذه الأموال إلى جهة مختصة للحد من احتمالاختفائها.",False
Q050,formal_paraphrase,كيف يوثق أمر المحكمة المتعلق بالغرامة والواقعة محل الإخلال؟,10,0.015152,لائحة نظام الأحوال الشخصية,المادة الثانية,"المادة الثانية
يوثق عقد زواج غير المسلم بغير المسلمة» سواء اتحدت جنسية طرفيه أم اختلفت» وفقاً لأحكام نظامالتوثيق.",False
Q051,informal,إذا المحكمة فرضت غرامة بسبب مخالفة، كيف يسجلونها؟,1,0.030886,نظام المحاكم التجارية,المادة الثالثةعشرة,"المادة الثالثةعشرة
١.دون إخلال بأي عقوبة أخرى ينص عليها نظام آخر؛ للمحكمة عند إخلال أحد الأطراف بأي من إجراءات الدعوى أو نظام الجلسة أن تأمر بفرض غرامة لا تتجاوز عشرة آلاف
ربال» ويعد أمر المحكمة في هذا الشأننهائيًا.
"".يتاح اطلاع العموم على بيانات الدعاوى التجارية وأوراقها ومستنداتها لقاء مقابل مالي يعادل تكلفةالخدمة.
ويجوز -بناءًَ على طلب ذي مصلحة تقرير سرية بعض أوراق الدعوى التجارية أو مستنداتها لغير المحكمة» وذلك دون إخلال بعلنية المرافعة والأنظمة ذات العلاقة» وتحدداللائحة
الإجراءات والضوابط المنظمةذلك.",False
Q051,informal,إذا المحكمة فرضت غرامة بسبب مخالفة، كيف يسجلونها؟,2,0.029828,نظام التوثيق,المادة الخمسون,"المادة الخمسون
مع عدم الإخلال بأي عقوبة أشد منصوص عليها في نظام آخرء يعاقب المرخص له بعقوبة أو أكثر من العقوباتالآتية:
١.الإنذار.
"".غرامة لا تزيد على خمسمائة ألفربال.
"".إيقاف الرخصة مدة لا تتجاوز ثلاثسنوات.
.إلغاءالرخصة.",False
Q051,informal,إذا المحكمة فرضت غرامة بسبب مخالفة، كيف يسجلونها؟,3,0.016393,نظام التنفيذ,المادة السبعون٠,"المادة السبعون٠
إذا تعذر استخدام القوة المختصة لإجراء التنفيذء أو إذا فرضت غرامة مالية على المنفذ ضده ولم ينفذ خلال المدة التي يحددها قاضي التنفيذ» جاز له أن يصدر أمرًا بحبس المنفذضده
لإجباره علىالتنفيذ.",False
Q051,informal,إذا المحكمة فرضت غرامة بسبب مخالفة، كيف يسجلونها؟,4,0.016129,نظام الإثبات,المادة الثانيةوالستون,"المادة الثانيةوالستون
إذا تعذر التحقق من صحة الدليل الرقمي بسبب لا يعود للخصوم, فتقدر المحكمة حجيته بما يظهر لها من ظروفالدعوى.",False
Q051,informal,إذا المحكمة فرضت غرامة بسبب مخالفة، كيف يسجلونها؟,5,0.015873,اللائحة التنفيذية لنظام الإجراءات الجزائية,المادة المائة,"المادة المائة
-١ على المحكمة تدوين ما يقع مما يخل بنظام الجلسة في محضرء أو في ضبطالدعوى.
؟ - يحرر الأمر الصادر بسجن من يخل بنظام الجلسة استناداً إلى المادة (الثانية والأربعين بعد المائة) من النظام؛ بكتاب رسميء ويُبعث للجهة المختصةلتنفيذه.",False
Q051,informal,إذا المحكمة فرضت غرامة بسبب مخالفة، كيف يسجلونها؟,6,0.015873,نظام المعاملات المدنية,المادة الخمسون بعدالأربعمائة,"المادة الخمسون بعدالأربعمائة
-١ إذا هلك الزرع كله قبل حصاده بسبب قوةٍ قاهرة فللمستأجر طلب إسقاطالأجرة.
؟- إذا هلك بعض الزرع بسبب قوةٍ قاهرةٍ وترتب على هلاكه نقصٌ كبيرٌ في ريع الأرض فللمستأجر طلب إنقاصالأجرة.
""- ليس للمستأجر طلب إسقاط الأجرة أو إنقاصها إذا حصل له تعويضنٌ يجبر ما أصابه منضرر.
-١ إذا هلك الزرع كله قبل حصاده بسبب قوة قاهرة فللمستأجر طلب إسقاطالأجرة.
""- إذا هلك بعض الزرع بسبب قوةٍ قاهرةٍ وترتب على هلاكه نقصٌ كبيرٌ في ريع الأرض فللمستأجر طلب إنقاصالأجرة.
*- ليس للمستأجر طلب إسقاط الأجرة أو إنقاصها إذا حصل له تعويضنٌ يجبر ما أصابه منضرر.
الفصل الثانى عقدالإعارة
الفرع الأول إنشاء عقدالإعارة",False
Q051,informal,إذا المحكمة فرضت غرامة بسبب مخالفة، كيف يسجلونها؟,7,0.015625,نظام التسجيل العيني للعقار.,المادة الخامسةوالثلاثون,"المادة الخامسةوالثلاثون
دون إخلال بأي عقوبة أشد ينص عليها أي نظام آخرء يعاقب بغرامة لا تتجاوز مائة ألف ريال كلمن:
-١ امتنع عن الإفصاح -المشار إليه في الفقرة (؟) من المادة (الثامنة)- عن أي مستندات أو بيانات لازمة لصحة وسلامة إجراءات التسجيل العينيالأول.
؟- عاق عمل الجهة المختصة المتعلق بإجراءات التسجيلالعيني.
- تخلف عن الإبلاغ المشار إليه في المادة (الرابعة والعشرين) منالنظام.
5- تخلف عن تقديم الطلب المشار إليه في الفقرة )١( من المادة (الحادية والثلاثين) من النظام خلال المدة المحددة فيالفقرة.
5 تخلف عن تقديم طلب التسجيل العيني الأول لعقاره خلال المدة المحددة لتقديم الطلبات المشار إليها في الفقرة )١( من المادة (السابعة) منالنظام,.",False
Q051,informal,إذا المحكمة فرضت غرامة بسبب مخالفة، كيف يسجلونها؟,8,0.015625,نظام المحاماة,المادة السابعةوالعشرون,"المادة السابعةوالعشرون
للموكل أن يعزل محاميه؛ وعليه أن يدفع كامل الأتعاب المتفق عليها إذا ثبت أن العزل بسبب غير مشروع. ما لم تر المحكمة المختصة بنظر القضية غير ذلك بالنسبة للعزلوكامل
الأتعاب.",False
Q051,informal,إذا المحكمة فرضت غرامة بسبب مخالفة، كيف يسجلونها؟,9,0.015385,نظام التسجيل العيني للعقار,المادة الرابعةوالسبعون,"المادة الرابعةوالسبعون
مع عدم الإخلال بأي عقوبة أشد ينص عليها نظام آخرء يعاقب بغرامة لا تتجاوز عشرة آلافريال:
أ - كل من تخلف عن الإخطار المنصوص عليه في المادة (الرابعةوالخمسين).
ب - كل من امتنع عن الحضور أمام القاضي المشرف على القيد الأول؛ لمباشرة إجراءات التحديد والتحرير رغم إعلانه بذلك إعلاناًصحيحاً.
ج - كل من قام بعمل من شأنه عرقلة إجراءات التحديدوالتحرير.
د - كل من امتنع عن تقديم المستندات الدالة علىالملكية.",False
Q051,informal,إذا المحكمة فرضت غرامة بسبب مخالفة، كيف يسجلونها؟,10,0.015385,نظام المعاملات المدنية,المادة السادسةوالخمسون,"المادة السادسةوالخمسون
إذا لجأ ناقص الأهلية إلى طرق احتياليّةِ لإخفاء نقص أهليته لزمه التعويض عن الضرر الذي أصاب المتعاقد معه بسبب إيطالالعقد.
إذا لجأ ناقص الأهلية إلى طرق احتياليَّة لإخفاء نقص أهليته لزمه التعويض عن الضرر الذي أصاب المتعاقد معه بسبب إبطالالعقد.",False
Q052,formal_direct,متى يجب على المدعي إخطار المدعى عليه قبل رفع الدعوى التجارية؟,1,0.032266,نظام المحاكم التجارية,المادة التاسعةعشر,"المادة التاسعةعشر
١.يجب في الدعاوى التي تحددها اللائحة أن يخطر المدعي المدعى عليه كتابة بأداء الحق المدعى به قبل (خمسة عشر) يوماً على الأقل من إقامةالدعوى.
؟.يجوز لأطراف التعامل التجاري قبل قيد الدعوى -وتحت إشراف المحكمة اتخاذ أي ممايأتي:
أ-إجراءات المصالحةوالوساطة.
ب-تبادل المستنداتوالمذكرات.
ج-عقد اجتماع لتحديد الطلبات والدفوعوالبينات.
وتحدد اللائحة أحكام إنفاذ هذه الفقرة بما في ذلك كيفية توثيق ما تماتخاذه.",False
Q052,formal_direct,متى يجب على المدعي إخطار المدعى عليه قبل رفع الدعوى التجارية؟,2,0.029462,اللائحة التنفيذية لنظام المحاكم التجارية,المادة الحاديةوالسبعون,"المادة الحاديةوالسبعون :
-١ يتحقق الإخطار بقيام المدعي بإرسال البيانات الواردة في المادة السبعين من اللائحة إلى أي من عناوين المدعى عليه بأي وسيلةكانت.
-١ يعد في حكم الإخطار تقديم ما يثبت اللجوء إلى التسوية الودية أو المصالحة أو الوساطة قبل قيد الدعوى» بشرط مضي المدة المنصوص عليها في الفقرة )١( من المادة التاسعة
عشرة منالنظام.",False
Q052,formal_direct,متى يجب على المدعي إخطار المدعى عليه قبل رفع الدعوى التجارية؟,3,0.016393,نظام الإثبات,المادة السابعةوالتسعون,"المادة السابعةوالتسعون
1. إذا عجز المدعي عن البينة وطلب يمين خصمه خُلّف, فإن نكل ردت اليمين على المدعي بطلب المدعى عليه فإذا نكل المدعي عن اليمين المردودة ردتدعواه.
2. لا ترد اليمين فيما ينفرد المدعى عليه بعلمه» ويقضى عليهبنكوله.
3 للمدعي طلب يمين خصمه. ما لم يُفصل في الدعوى بحكم نهائي.
4. لا يجوز لمن وجه اليمين أو ردها أن يرجع في ذلك متى قبل خصمه أنيحلف.",False
Q052,formal_direct,متى يجب على المدعي إخطار المدعى عليه قبل رفع الدعوى التجارية؟,4,0.016129,نظام المرافعات الشرعية,المادة الثامنة بعدالمائتين,"المادة الثامنة بعدالمائتين
لكل مدع بحق على آخر أثناء نظر الدعوىء أو قبل تقديمها مباشرة» أن يقدم إلى المحكمة المختصة بالموضوع دعوى مستعجلة لمنع خصمه من السفر» وعلى القاضي أن يصدرأمراً
بالمنع إذا قامت أسباب تدعو إلى الظن أن سفر المدعى عليه أمر متوقع وبأنه يعرض حق المدعي للخطر أو يؤخر أداءه» ويشترط تقديم المدعي تأميناً يحدده القاضيلتعويض
المدعى عليه متى ظهر أن المدعي غير محق في دعواه؛ ويحكم بالتعويض مع الحكم في الموضوع ويقدر حسب ما لحق المدعى عليه من أضرار لتأخيره عنالسفر.",False
Q052,formal_direct,متى يجب على المدعي إخطار المدعى عليه قبل رفع الدعوى التجارية؟,5,0.015873,اللائحة التنفيذية لنظام المحاكم التجارية,المادة التاسعةوالستون,"المادة التاسعةوالستون :
يجب أن يخطر المدعي المدعى عليه وفق أحكام الفقرة ( ١ ) من المادة التاسعة عشرة من النظام في جميع الدعاوى التي تختص بنظرها المحكمة»؛ فيما عداالآتي:
-١ الدعاوى المتصلة بالعقوبات المنصوص عليها في الأنظمةالتجارية.
-١ الدعاوى التي تكون جهة الإدارة طرفاًفيها.
3 الدعاوى المحددة إجراءات رفعها بموجب نصوص نظاميةخاصة.
:- الدعاوىاليسيرة.
5 الطلباتالمستعجلة.",False
Q052,formal_direct,متى يجب على المدعي إخطار المدعى عليه قبل رفع الدعوى التجارية؟,6,0.015625,اللائحة التنفيذية لنظام المحاكم التجارية,المادة الحادية والثمانون,"المادة الحادية والثمانون : إجراءاتالقيد
على المدعى عليه - فيما عدا الطلبات المستعجلة - أن يودع مذكرة بدفاعه مشتملة على جواب صريح وملاق للدعوىء وجميع دفوعه؛ وتحديد طلباته» وجميع أسانيده» وذلكقبل
الجلسة بيوم واحد علىالأقل.",False
Q052,formal_direct,متى يجب على المدعي إخطار المدعى عليه قبل رفع الدعوى التجارية؟,7,0.015625,نظام التحكيم,المادة الحاديةعشرة,"المادة الحاديةعشرة
-١ يجب على المحكمة التي يرفع إليها نزاع يوجد في شأنه اتفاق تحكيم أن تحكم بعدم جواز نظر الدعوى إذا دفع المدعى عليه بذلك قبل أي طلب أو دفاع فيالدعوى.
؟- لا يحول رفع الدعوى المشار إليها في الفقرة السابقة دون البدء في إجراءات التحكيم؛ أو الاستمرار فيهاء أو إصدار حكمالتحكيم.",False
Q052,formal_direct,متى يجب على المدعي إخطار المدعى عليه قبل رفع الدعوى التجارية؟,8,0.015385,اللائحة التنفيذية لنظام المحاكم التجارية,المادة الثالثة والأربعون بعد المائتين,"المادة الثالثة والأربعون بعد المائتين: إجراءات نظر الدعاوىاليسيرة
على المدعى عليه في الدعاوى اليسيرة أن يودع مذكرة بدفاعه مشتملة على جوابه عن الدعوى وجميع دفوعه» وتحديد طلباته وجميع أسانيده» وذلك قبل يوم واحد على الأقل منميعاد
عقد الجلسة التحضيرية»؛ وتتولى الإدارة المختصة التحقق من إكمالهاء وإكمال أوراق الدعوى؛ ودراسةالقضية.",False
Q052,formal_direct,متى يجب على المدعي إخطار المدعى عليه قبل رفع الدعوى التجارية؟,9,0.015385,نظام المرافعات الشرعية,المادة الثالثةوالأربعون,"المادة الثالثةوالأربعون
يقوم المحضر أو المدعي -بحسب الأحوال- بتسليم صورة صحيفة الدعوى إلى المدعى عليه خلال خمسة عشر يوماً على الأكثر من تسليمها إليه» إلا إذا كان قد حدد لنظرالدعوى
جلسة تقع في أثناء هذا الموعدء فعندئذ يجب أن يتم التسليم قبل الجلسة» وذلك كله مع مراعاة موعدالحضور.",False
Q052,formal_direct,متى يجب على المدعي إخطار المدعى عليه قبل رفع الدعوى التجارية؟,10,0.015152,نظام المحاكم التجارية,المادة السابعةوالثلاثون,"المادة السابعةوالثلاثون
للمحكمة -عند نظر الطلبات المستعجلة أن تطلب تقديم ضمان لتعويض المدعى عليه متى ظهر أن المدعي غير محق في دعواه؛» ويحكم بالتعويض مع الحكم فيالموضوع.
الباب السابع الإثباتإنت
الفصل الأول أحكام عامةاملني",False
Q053,formal_paraphrase,ما الحالات المستثناة من وجوب الإخطار قبل إقامة الدعوى؟,1,0.032018,اللائحة التنفيذية لنظام المحاكم التجارية,المادة الحاديةوالسبعون,"المادة الحاديةوالسبعون :
-١ يتحقق الإخطار بقيام المدعي بإرسال البيانات الواردة في المادة السبعين من اللائحة إلى أي من عناوين المدعى عليه بأي وسيلةكانت.
-١ يعد في حكم الإخطار تقديم ما يثبت اللجوء إلى التسوية الودية أو المصالحة أو الوساطة قبل قيد الدعوى» بشرط مضي المدة المنصوص عليها في الفقرة )١( من المادة التاسعة
عشرة منالنظام.",False
Q053,formal_paraphrase,ما الحالات المستثناة من وجوب الإخطار قبل إقامة الدعوى؟,2,0.028787,نظام المرافعات الشرعية,المادة التاسعةوالثلاثون,"المادة التاسعةوالثلاثون
يستثنى من المادة (السادسة والثلاثتون) من هذا النظام مايأتي:
-١ يكون للمدعي بالنفقة الخيار في إقامة الدعوى في المحكمة التي يقع في نطاق اختصاصها مكان إقامة المدعى عليه أوالمدعي.
؟- للمرأة -في المسائل الزوجية والحضانة والزيارة ومن عضلها أولياؤها- الخيار في إقامة دعواها في بلدها أو بلد المدعى عليه. وعلى المحكمة إذا سمعت الدعوى في بلدالمدعية
استخلاف محكمة بلد المدعى عليه للإجابة عن دعواها. فإذا توجهت الدعوى أبلغ المدعى عليه بالحضور إلى مكان إقامتها للسير فيهاء فإن امتنع سمعت غيابياء وإذا لم تتوجهالدعوى
ردتها المحكمة دونإحضاره.
""- يكون للمدعي في الدعاوى الناشئة عن حوادث السير التي تقع في بلد غير
الدعوى أبلغ المدعى عليه بالحضور إلى مكان إقامتها للسير فيهاء فإن امتنع سمعت غيابياء وإذا لم تتوجهالدعوى
ردتها المحكمة دونإحضاره.
""- يكون للمدعي في الدعاوى الناشئة عن حوادث السير التي تقع في بلد غير بلد المدعى عليه الخيار في إقامة الدعوى في المحكمة التي يقع في نطاق اختصاصها مكان وقوعالحادث
أو مكان إقامة المدعىعليه.",False
Q053,formal_paraphrase,ما الحالات المستثناة من وجوب الإخطار قبل إقامة الدعوى؟,3,0.016393,نظام المرافعات الشرعية,المادة الثانية عشرة معدلة,"المادة الثانية عشرة معدلة
لا يجوز إجراء أي تبليغ في مكان الإقامة قبل شروق الشمس ولا بعد غروبهاء ولا في أيام العطل الرسمية» إلا في حالات الضرورة وبإذن كتابي من القاضيء ويجوز إجراؤه فيأي
وقت إذا كان عن طريق إحدى الوسائلالإلكترونية.",False
Q053,formal_paraphrase,ما الحالات المستثناة من وجوب الإخطار قبل إقامة الدعوى؟,4,0.016129,اللائحة التنفيذية لنظام المحاكم التجارية,المادة الثانيةوالسبعون,"المادة الثانيةوالسبعون :
يجب أن يرافق صحيفة الدعوى ما يثبت الإخطارء وفي حال عدم إرفاق ما يثبت الإخطار فتطبق أحكام المادة الحادية والعشرين منالنظام.",False
Q053,formal_paraphrase,ما الحالات المستثناة من وجوب الإخطار قبل إقامة الدعوى؟,5,0.015873,نظام المحاكم التجارية,المادة التاسعةعشر,"المادة التاسعةعشر
١.يجب في الدعاوى التي تحددها اللائحة أن يخطر المدعي المدعى عليه كتابة بأداء الحق المدعى به قبل (خمسة عشر) يوماً على الأقل من إقامةالدعوى.
؟.يجوز لأطراف التعامل التجاري قبل قيد الدعوى -وتحت إشراف المحكمة اتخاذ أي ممايأتي:
أ-إجراءات المصالحةوالوساطة.
ب-تبادل المستنداتوالمذكرات.
ج-عقد اجتماع لتحديد الطلبات والدفوعوالبينات.
وتحدد اللائحة أحكام إنفاذ هذه الفقرة بما في ذلك كيفية توثيق ما تماتخاذه.",False
Q053,formal_paraphrase,ما الحالات المستثناة من وجوب الإخطار قبل إقامة الدعوى؟,6,0.015873,لائحة التصرف بالعقارات البلدية,المادة السادسةوالعشرون,"المادة السادسةوالعشرون
يجوز تمديد أو تجديد عقود الاستثمار الموقعة بموجب اللائحة على النحوالآتي:
-١ بالنسبة للعقار المخصص للنفع العام والعقار المخصص للنشاط الخدمي المستثنى من المنافسة» تجدد عقود استثمارها أو تمدد لمدة مماثلة لمدة العقد الأصلية مرة واحدة»وذلك
بعد إعادة تقدير قيمة الاستثمار من قبل لجنةالاستثمار.
""- بالنسبة للأراضي التي يتضمن عقد استثمارها إقامة مبانٍ ثابتة عليها من قبل المستثمر» تمدد عقود استثمارها لمدة أو مدد لا تتجاوز في مجموعها عشر سنواتء وذلك بعدإعادة
لجنة الاستثمار تقدير قيمة استثمارها عند كل تمديد وفق الأسعار السائدة فيالسوق.
-'٠ الحالات التي تستدعي تمديد العقد للمستثمر لحين الانتهاء من إعادة الطرح والترسية على ألا تزيد مدة التمديد في هذه الحالة عنسنة.",False
Q053,formal_paraphrase,ما الحالات المستثناة من وجوب الإخطار قبل إقامة الدعوى؟,7,0.015625,اللائحة التنفيذية لنظام المحاكم التجارية,المادة السبعون,"المادة السبعون:
يجب أن يتضمن الإخطار بيانات الأطراف؛ وموضوع النزاع؛ والطلبات» ومستندالمطالبة.",False
Q053,formal_paraphrase,ما الحالات المستثناة من وجوب الإخطار قبل إقامة الدعوى؟,8,0.015385,نظام الإجراءات الجزائية,المادة السابعةعشرة,"المادة السابعةعشرة
لا تجوز إقامة الدعوى الجزائية أو إجراء التحقيق في الجرائم الواجب فيها حق خاص للأفراد إلا بناءً على شكوى من المجني عليه؛ أو ممَنْ ينوب عنه؛ أو وارثه من بعده إلىالجهة
المختصة؛ إلا إذا رأت النيابة العامة مصلحة عامة في رفع الدعوى والتحقيق في هذهالجرائم.",False
Q053,formal_paraphrase,ما الحالات المستثناة من وجوب الإخطار قبل إقامة الدعوى؟,9,0.015385,نظام المرافعات الشرعية,المادة الثامنةعشرة,"المادة الثامنةعشرة
في جميع الحالات المنصوص عليها في المادة (السابعة عشرة ) من هذا النظام, إذا امتنع المراد تبليغه أو مَنْ ينوب عنه- من تسل الصورة أو من التوقيع على أصلها بالتسلّم؛فعلى
المحضر أن يثبت ذلك في الأصل والصورة: ويسلم الصورة للإمارة التي يقع في دائرة اختصاصها مكان إقامة الموجه إليه التبليغ أو الجهة التي تعينها الإمارة؛ وعلى المحضركذلك
أن يبين ذلك في حينه بالتفصيل في أصل التبليغ» ويعد التبليغ منتجاً لآثاره من وقت تسليم الصورة إلى من سلمتإليه.",False
Q053,formal_paraphrase,ما الحالات المستثناة من وجوب الإخطار قبل إقامة الدعوى؟,10,0.015152,نظام المرافعات الشرعية,المادة السادسةوالثلاثون,"المادة السادسةوالثلاثون
-١ يكون الاختصاص للمحكمة التي يقع في نطاق اختصاصها مكان إقامة المدعى عليه؛ فإن لم يكن له مكان إقامة في المملكة فيكون الاختصاص للمحكمة التي يقع فينطاق
اختصاصها مكان إقامةالمدعي.
؟- إذا لم يكن للمدعي والمدعى عليه مكان إقامة في المملكة فللمدعي إقامة دعواه في إحدى محاكم مدنالمملكة.
""- إذا تعدد المدعى عليهم يكون الاختصاص للمحكمة التي يقع في نطاق اختصاصها مكان إقامة الأكثرية» وفي حال التساوي يكون المدعي بالخيار في إقامة الدعوى أمام أيمحكمة
يقع في نطاق اختصاصها مكان إقامةأحدهم.",False
Q054,informal,لازم أكلم الطرف الثاني قبل ما أرفع عليه قضية تجارية؟,1,0.016393,نظام المحاكم التجارية,المادة التاسعةعشر,"المادة التاسعةعشر
١.يجب في الدعاوى التي تحددها اللائحة أن يخطر المدعي المدعى عليه كتابة بأداء الحق المدعى به قبل (خمسة عشر) يوماً على الأقل من إقامةالدعوى.
؟.يجوز لأطراف التعامل التجاري قبل قيد الدعوى -وتحت إشراف المحكمة اتخاذ أي ممايأتي:
أ-إجراءات المصالحةوالوساطة.
ب-تبادل المستنداتوالمذكرات.
ج-عقد اجتماع لتحديد الطلبات والدفوعوالبينات.
وتحدد اللائحة أحكام إنفاذ هذه الفقرة بما في ذلك كيفية توثيق ما تماتخاذه.",False
Q054,informal,لازم أكلم الطرف الثاني قبل ما أرفع عليه قضية تجارية؟,2,0.016393,نظام الإفلاس,المادة الثانية والستون,"المادة الثانية والستون :العقود
تنظر المحكمة في اعتراض الطرف المتعاقد المقدم أمامها -بناء على الفقرة (5) من المادة (الحادية والستين) من النظام- وتقضي بقبول الاعتراض إذا ثبتلها:
أ - أن إنهاء العقد -المبني على الفقرة )١( من المادة (الحادية والستين) من النظام- غير لازم لتنفيذ الخطة وحماية مصالح أغلبية الدائنين ويلحق ضرراً بالغاً بالطرفالمتعاقد.
ب- أن إنهاء العقد -المبني على الفقرة )١( من المادة (الحادية والستين) من النظام- غير لازم لتنفيذ الخطة وحماية مصالح أغلبيةالدائنين.",False
Q054,informal,لازم أكلم الطرف الثاني قبل ما أرفع عليه قضية تجارية؟,3,0.016129,نظام المحاكم التجارية,المادة الثلاثون,"المادة الثلاثون
١.إذا تبلغ المدعى عليه لشخصه أو وكليه» أو حضر أي منهما في أي جلسة أمام المحكمة؛ أو قدم مذكرة بدفاعه؛ عدت الخصومة حضورية» ولو تخلف بعدذلك.
"".إذا لم يحضر المدعى عليه أو وكيله وكان قد تبلغ لغير شخصهه فعلى المحكمة تأجيل نظر الدعوى إلى جلسة تالية يبلغ بهاء فإن لم يحضر وكان قد تبلغ لغير شخصه -للمرةالثانيق
فصلت في الدعوىء ويعد الحكم في حق المدعى عليهحضوريًا.
"".في جميع الأحوال» يعد تبليغ الشخصية الاعتبارية -بموجب أحكام النظام- تبليغاًالشخصها.
5 .تحدد اللائحة الحالات التي يعد فيها التبليغ تبليغاً لغير شخص المطلوبإبلاغه.",False
Q054,informal,لازم أكلم الطرف الثاني قبل ما أرفع عليه قضية تجارية؟,4,0.016129,نظام المرافعات الشرعية,المادة السادسةوالستون,"المادة السادسةوالستون
على القاضي أن يسأل المدعي عما هو لازم لتحرير دعواه قبل استجواب المدعى عليه؛ وليس له السير فيها قبل ذلك» وإذا عجز المدعي عن تحريرها أو امتنع عن ذلك؛فيحكم
القاضي بصرف النظر عنالدعوى.",False
Q054,informal,لازم أكلم الطرف الثاني قبل ما أرفع عليه قضية تجارية؟,5,0.015873,نظام المحاكم التجارية,المادة الحاديةعشرة,"المادة الحاديةعشرة
فيما لم يرد فيه نص خاص؛ يوجه التبليغ وفقالآتي:
١.الشخص ذي الصفة الطبيعية: في محل إقامته أو مسكنه أو محل عمله أو في أي مكان آخر يكون فيه أو لوكيله أو لأحد العاملين معه في مقر العمل ذي الصلة بالتعامل التجاريمحل
الدعوى.
”.الشركات: لممثلها النظامي أو لأحد الشركاء المتضامنين أو للمدير أو من ينوب عنه أو للإدارات القانونية في الشركة أو أحد أقسامها المخصصة لاستقبال المراسلاتالموجهة
إليهاء وإذا تعلقت الدعوى بفرع الشركة» فيجوز توجيه التبليغ إلى مدير ذلك الفرع أو من ينوبعنه.
”.الشركات الأجنبية التي لها فرع أو ممثل تجاري في المملكة: لمدير ذلك الفرع أو ممثلها التجاري أو من ينوبعنهما.
5.الأشخاص ذوو الصفة الاعتبارية (الآخرون): للممثل النظامي أو من ينوبعنه.
5.الجهات الإدارية: للوزير المختص أو لرئيس المؤسسة أو الهيئة أو لمن يقوممقامهم.
5.السفينة التجارية: لمالك السفينة التجارية أو لمستأجرها أو لربانها أو وكلائهم متى كانت الدعوى متعلقةبالسفينة.",False
Q054,informal,لازم أكلم الطرف الثاني قبل ما أرفع عليه قضية تجارية؟,6,0.015873,نظام المرافعات الشرعية,المادة السابعة والستون بعدالمائة,"المادة السابعة والستون بعدالمائة
إذا انتهت ولاية القاضي بالنسبة إلى قضية ما قبل النطق بالحكم فيهاء فلخلفه الاستمرار في نظرها من الحد الذي انتهت إليه إجراءاتها لدى سلفه بعد تلاوة ما تم ضبطه سابقاًعلى
الخصوم, فإن كانت موقعة بتوقيع القاضي السابق على توقيعات المترافعين والشهود فيعتمدهاء وإن كان ما تم ضبطه غير موقع من المترافعين أو أحدهم أو القاضي ولميصق
المترافعون عليه فإن المرافعة تعاد منجديد.",False
Q054,informal,لازم أكلم الطرف الثاني قبل ما أرفع عليه قضية تجارية؟,7,0.015625,نظام المحاكم التجارية,المادة السادسة والأربعون ملغاة,"المادة السادسة والأربعون ملغاة
١-لأي من الأطراف حق طلب ما لدى الطرف الآخر من مستندات ذات صلة بالدعوى أو الاطلاع عليهاء وفق الضوابطالآتية:
أ-أن تكون المستندات محددة بذاتها أوأنواعها.
ب-أن تكون للمستندات علاقة بالتعامل التجاريء أو تؤدي إلى إظهار الحقيقةفيه.
ج-ألا يكون لها طابع السريّة.٠
""-إذا امتنع أي من أطراف الدعوى عن تقديم ما أمرت المحكمة بتقديمه إلى الطرف الآخر وفق أحكام الفقرة )١( من هذه المادة ؛ فللمحكمة أن تعد امتناعهقرينة.
“”-للمحكمة -بناءً على طلب أحد الأطراف- أن تأمربالآتي:
أ-إدخال طرف آخر لإلزامه بتقديم ورقة تحت يده ذات صلةبالدعوى.
ب-إلزام أي من الجهات الحكومية بتقديم ما لديها من معلومات أو مستندات ذات صلة بالدعوىء وذلك دون إخلال بالأنظمة ذاتالعلاقة.",False
Q054,informal,لازم أكلم الطرف الثاني قبل ما أرفع عليه قضية تجارية؟,8,0.015625,اللائحة التنفيذية لنظام المحاكم التجارية,المادة الرابعة والستون,"المادة الرابعة والستون : المصالحة بعدالقيد
يجوز لأحد الأطراف عرض تسوية مزمنة بأجل محدد أو غير مزمنة للطرف الآخرء على أن للطرف سحب عرضه في أي وقتء وإذا قبل الطرف الآخر العرض قبلسحبه
فيسري عليه ما ورد في نص الفقرة )١( من المادة التاسعة والعشرين منالنظام.
الفصل الثانى عشر: سيرالمحاكمك",False
Q054,informal,لازم أكلم الطرف الثاني قبل ما أرفع عليه قضية تجارية؟,9,0.015385,اللائحة التنفيذية لنظام المحاكم التجارية,المادة التاسعةوالستون,"المادة التاسعةوالستون :
يجب أن يخطر المدعي المدعى عليه وفق أحكام الفقرة ( ١ ) من المادة التاسعة عشرة من النظام في جميع الدعاوى التي تختص بنظرها المحكمة»؛ فيما عداالآتي:
-١ الدعاوى المتصلة بالعقوبات المنصوص عليها في الأنظمةالتجارية.
-١ الدعاوى التي تكون جهة الإدارة طرفاًفيها.
3 الدعاوى المحددة إجراءات رفعها بموجب نصوص نظاميةخاصة.
:- الدعاوىاليسيرة.
5 الطلباتالمستعجلة.",False
Q054,informal,لازم أكلم الطرف الثاني قبل ما أرفع عليه قضية تجارية؟,10,0.015385,نظام الإجراءات الجزائية,المادة الخامسة,"المادة الخامسة
إذا رفعت قضية إلى محكمة فلا تجوز إحالتها إلى محكمة أو جهة أخرى ولا يحق لأحد سحبها منها قبل الحكم فيهاء وتعد القضية مرفوعة من تاريخ قيدها فيالمحكمة.",False
Q055,formal_direct,ما الحكم إذا تضمنت صحيفة الدعوى عدة طلبات لا رابط بينها؟,1,0.032787,اللائحة التنفيذية لنظام المحاكم التجارية,المادة السابعة والسبعون,"المادة السابعة والسبعون : بيانات صحيفةالدعوى
-١ يجب أن تتضمن صحيفة الدعوى بيان الارتباط بين الطلبات حالتعددها.
؟- دون إخلال بما نصت عليه المادة الحادية والعشرون من النظام» تحكم المحكمة بعدم قبول الدعوى عند تضمنها طلبات لا رابط بينهاء ما لم يحصر المدعي دعواه فيأحدها.",True
Q055,formal_direct,ما الحكم إذا تضمنت صحيفة الدعوى عدة طلبات لا رابط بينها؟,2,0.032258,نظام المحاكم التجارية,المادة العشرون,"المادة العشرون
١.ترفع الدعوى بصحيفة تودع لدى المحكمة؛ وتحدد اللائحة الدعاوى التي يجب رفعها منمحام.
"".يجب أن تتضمن صحيفة الدعوىالآتي:
أ-بيانات الأطراف وممثليهم وصفاتهم وعناوينهم» والبيانات والوثائق التي تحددهااللائحة.
ب-حصر الطلبات» وتحديد جميع أسانيدالدعوى.
"".لا يجمع في صحيفة الدعوى بين عدة طلبات لا رابطبينها.",False
Q055,formal_direct,ما الحكم إذا تضمنت صحيفة الدعوى عدة طلبات لا رابط بينها؟,3,0.030798,نظام المرافعات الشرعية,المادة الحادية والأربعون معدلة,"المادة الحادية والأربعون معدلة
-١ ترفع الدعوى من المدعي بصحيفة -موقعة منه أو ممن يمثله- تودع لدى المحكمة من أصل وصور بعدد المدعىعليهم.
ويجب أن تشمل صحيفة الدعوى البيااتالآنية:
أ- الاسم الكامل للمدعيء ورقم هويته» ومهنته أو وظيفته ومكان إقامته» ومكان عمله؛ والاسم الكامل لمَنْ يمثله» ورقم هويته» ومهنته أو وظيفته؛ ومكان إقامته ومكانعمله.
ب- الاسم الكامل للمدعى عليه؛ وما يتوافر من معلومات عن مهنته أو وظيفته» ومكان إقامته ومكان عمله؛ فإن لم يكن له مكان إقامة معلوم فآخر مكان إقامة كانله.
ج- تاريخ تقديمالصحيفة.
د- المحكمة المرفوعة أمامهاالدعوى.
ه- مكان إقامة مختار للمدعي في البلد الذي فيه مقر المحكمة إن لم يكن له مكان إقامةفيها.
و- موضوع الدعوىء وما يطلبه المدعيءوأسانيده.
ويكتفى بالنسبة إلى الأجهزة الحكومية في الفقرات (أء ب» ه) من هذه المادة بذكر الاسموالمقر.
وللمجلس الأعلى للقضاء عند الاقتضاء إضافة ما يلزم من وسائل وبيانتأخرى.
؟- لا يجمع في صحيفة الدعوى بين عدة طلبات لا رابطبينها.
""- أ- تسري على المنازعات العمالية الجماعية القواعد والإجراءات المقررة في المنازعات العمالية الأخرىء مالم يقرر المجلس الأعلى للقضاء خلافذلك.
ب- تكون المنازعة العمالية جماعية عندما تنشأ المنازعة بين واحد (أو أكثر) من أصحاب العمل وجميع عماله؛ أو فريق منهم؛ بسبب العمل أو شروطالعمل.",False
Q055,formal_direct,ما الحكم إذا تضمنت صحيفة الدعوى عدة طلبات لا رابط بينها؟,4,0.015873,اللائحة التنفيذية لطرق الاعتراض على الأحكام,المادة الثامنة,"المادة الثامنة
دون إخلال بأحكام القضاء المستعجلء إذا تضمن الحكم المعترض عليه الفصل في عدة طلبات تتفاوت في مدد الاعتراض فالعبرة بأطولهامدة.",False
Q055,formal_direct,ما الحكم إذا تضمنت صحيفة الدعوى عدة طلبات لا رابط بينها؟,5,0.015625,اللائحة التنفيذية لنظام المحاكم التجارية,المادة السابعة والخمسون بعد المائتين,"المادة السابعة والخمسون بعد المائتين: قيد الدعوىالجماعية
على ممثل المدعين تقديم الدعوى الجماعية في صحيفة واحدة وفق أحكام النظام واللائحة خلال مدة لا تتجاوز عشرة أيام من تاريخ قرار قبول الطلب وفق أحكام الفقرة (١/أ)من
المادة الخامسة والخمسين بعد المائتين من اللائحة» مرافقاً لها قائمة تفصيلية بمطالبات المدعين في الدعوى الجماعية» على أن تتضمن بيان وجه انطباق الأساسالموضوعي
المشترك على كل منهم» وتقسيمهم إلى فئات عندالاقتضاء.",False
Q055,formal_direct,ما الحكم إذا تضمنت صحيفة الدعوى عدة طلبات لا رابط بينها؟,6,0.015625,اللائحة التنفيذية لنظام الإجراءات الجزائية,المادة التاسعة والعشرون بعدالمائة,"المادة التاسعة والعشرون بعدالمائة
-١ إذا قررت المحكمة إرجاء الفصل في طلبات المدعي بالحق الخاص أو المتهم - استناداً إلى المادة (الثمانين بعد المائة) من النظام - فيضمّن ذلك مع أسبابه في الحكم الصادرفي
الدعوىالجزائية.
؟ - إذا عادت المحكمة لنظر طلبات المدعي بالحق الخاص أو المتهم» التي أرجأت الفصل فيها؛ فيكون نظرها في ضبط الدعوى الجزائية» ويصدر بها صكمستقل.
“ - إذا تضمن الحكم الصادر في الدعوى الجزائية الفصل في طلبات المدعي بالحق الخاص أو المتهم؛ فعلى المحكمة أن تبين في الحكم ما يخص الدعوى الجزائية وما يخصطلبات
المدعي بالحق الخاص أوالمتهم.",False
Q055,formal_direct,ما الحكم إذا تضمنت صحيفة الدعوى عدة طلبات لا رابط بينها؟,7,0.015385,نظام المعاملات المدنية,المادة الأولى بعدالثلاثمائة,"المادة الأولى بعدالثلاثمائة
إذا تعدد الدائنون بدينٍ واحدٍ ولم يطالب أي منهم بالحق فإن عدم سماع الدعوى لا يسري إلا على من ليس له عذرمنهم.
إذا تعد الدائنون بدينٍ واحدٍ ولم يطالب أي منهم بالحق فإن عدم سماع الدعوى لا يسري إلا على من ليس له عذرمنهم.",False
Q055,formal_direct,ما الحكم إذا تضمنت صحيفة الدعوى عدة طلبات لا رابط بينها؟,8,0.015385,اللائحة التنفيذية لنظام المحاكم التجارية,المادة المائتان,"المادة المائتان: المهل المحددةللاعتراض
في حال تضمن الحكم الفصل في عدة طلبات تتفاوت في مهل الاعتراضء فالعبرة بأطولهامهلة.",False
Q055,formal_direct,ما الحكم إذا تضمنت صحيفة الدعوى عدة طلبات لا رابط بينها؟,9,0.015152,اللائحة التنفيذية لنظام الإجراءات الجزائية,المادة الثلاثون بعدال,"المادة الثلاثون بعدال
ضمن الحكم الصادر في الدعوى الجزائية الفصل في طلبات المدعي بالحق الخاص أو المتهم؛ فعلى المحكمة أن تبين في الحكم ما يخص الدعوى الجزائية وما يخصطلبات
المدعي بالحق الخاص أوالمتهم.",False
Q055,formal_direct,ما الحكم إذا تضمنت صحيفة الدعوى عدة طلبات لا رابط بينها؟,10,0.014706,نظام حماية المبلغين والشهود والخبراء والضحايا,المادة الثامنةعشر,"المادة الثامنةعشر
لا تقام الدعوى الجزائية ضد المبلّغ أو الشاهد أو الخبير إلا في الحالاتالآتية:
١-إذا ثبت أن بلاغ المبلّغكيدي.
""-إذا ثبت أن شهادة الشاهدزور.
٠-إذا ثبت أن الخبرة التي قدمها الخبير كذب أو تضمنت إهمالاًجسيماً.
وفي جميع الأحوال لا تقبل دعوى الحق الخاص إلا بعد إقامة الدعوىالجزائية.",False
Q056,formal_paraphrase,ما المتطلبات المتعلقة بالارتباط بين الطلبات المتعددة في صحيفة الدعوى؟,1,0.032522,نظام المحاكم التجارية,المادة العشرون,"المادة العشرون
١.ترفع الدعوى بصحيفة تودع لدى المحكمة؛ وتحدد اللائحة الدعاوى التي يجب رفعها منمحام.
"".يجب أن تتضمن صحيفة الدعوىالآتي:
أ-بيانات الأطراف وممثليهم وصفاتهم وعناوينهم» والبيانات والوثائق التي تحددهااللائحة.
ب-حصر الطلبات» وتحديد جميع أسانيدالدعوى.
"".لا يجمع في صحيفة الدعوى بين عدة طلبات لا رابطبينها.",False
Q056,formal_paraphrase,ما المتطلبات المتعلقة بالارتباط بين الطلبات المتعددة في صحيفة الدعوى؟,2,0.032266,اللائحة التنفيذية لنظام المحاكم التجارية,المادة السابعة والسبعون,"المادة السابعة والسبعون : بيانات صحيفةالدعوى
-١ يجب أن تتضمن صحيفة الدعوى بيان الارتباط بين الطلبات حالتعددها.
؟- دون إخلال بما نصت عليه المادة الحادية والعشرون من النظام» تحكم المحكمة بعدم قبول الدعوى عند تضمنها طلبات لا رابط بينهاء ما لم يحصر المدعي دعواه فيأحدها.",True
Q056,formal_paraphrase,ما المتطلبات المتعلقة بالارتباط بين الطلبات المتعددة في صحيفة الدعوى؟,3,0.029762,نظام المرافعات الشرعية,المادة الحادية والأربعون معدلة,"المادة الحادية والأربعون معدلة
-١ ترفع الدعوى من المدعي بصحيفة -موقعة منه أو ممن يمثله- تودع لدى المحكمة من أصل وصور بعدد المدعىعليهم.
ويجب أن تشمل صحيفة الدعوى البيااتالآنية:
أ- الاسم الكامل للمدعيء ورقم هويته» ومهنته أو وظيفته ومكان إقامته» ومكان عمله؛ والاسم الكامل لمَنْ يمثله» ورقم هويته» ومهنته أو وظيفته؛ ومكان إقامته ومكانعمله.
ب- الاسم الكامل للمدعى عليه؛ وما يتوافر من معلومات عن مهنته أو وظيفته» ومكان إقامته ومكان عمله؛ فإن لم يكن له مكان إقامة معلوم فآخر مكان إقامة كانله.
ج- تاريخ تقديمالصحيفة.
د- المحكمة المرفوعة أمامهاالدعوى.
ه- مكان إقامة مختار للمدعي في البلد الذي فيه مقر المحكمة إن لم يكن له مكان إقامةفيها.
و- موضوع الدعوىء وما يطلبه المدعيءوأسانيده.
ويكتفى بالنسبة إلى الأجهزة الحكومية في الفقرات (أء ب» ه) من هذه المادة بذكر الاسموالمقر.
وللمجلس الأعلى للقضاء عند الاقتضاء إضافة ما يلزم من وسائل وبيانتأخرى.
؟- لا يجمع في صحيفة الدعوى بين عدة طلبات لا رابطبينها.
""- أ- تسري على المنازعات العمالية الجماعية القواعد والإجراءات المقررة في المنازعات العمالية الأخرىء مالم يقرر المجلس الأعلى للقضاء خلافذلك.
ب- تكون المنازعة العمالية جماعية عندما تنشأ المنازعة بين واحد (أو أكثر) من أصحاب العمل وجميع عماله؛ أو فريق منهم؛ بسبب العمل أو شروطالعمل.",False
Q056,formal_paraphrase,ما المتطلبات المتعلقة بالارتباط بين الطلبات المتعددة في صحيفة الدعوى؟,4,0.016129,اللائحة التنفيذية لنظام الإفلاس,المادة الرابعة والسبعون المقاصة المتعددةالأطراف,"المادة الرابعة والسبعون المقاصة المتعددةالأطراف
تصدر الجهة المختصة القواعد المنظمة لإجراء عمليات المقاصة المتعددة الأطراف بين الكيانات المنظمة التي تمارس نشاطاًماليًا.",False
Q056,formal_paraphrase,ما المتطلبات المتعلقة بالارتباط بين الطلبات المتعددة في صحيفة الدعوى؟,5,0.015625,اللائحة التنفيذية لنظام المحاكم التجارية,المادة الثالثة والخمسون بعد المائتين,"المادة الثالثة والخمسون بعد المائتين: طلب قيد الدعوىالجماعية
يقدم ممثل المدعين إلى المحكمة طلب الموافقة على قيد الدعوى الجماعية» مضمناًالآتي:
أ- أسماء المدعين» وعدد الأشخاص المحتملانضمامهم.
ب - ملخصاً لموضوع الدعوى والطلبات والبينات الرئيسية فيالدعوى.
ج - بيان الأساس الموضوعي المشتركللطلبات.",False
Q056,formal_paraphrase,ما المتطلبات المتعلقة بالارتباط بين الطلبات المتعددة في صحيفة الدعوى؟,6,0.015625,نظام التسجيل العيني للعقار,المادة الحاديةوالخمسون,"المادة الحاديةوالخمسون
تحال الطلبات والمستندات المتعلقة بها التي من شأنها أن تغير في البيانات المساحية إلى إدارة الأراضي والمساحة؛ لبحثها وإعادتها إلى إدارة التسجيل العقاري والتوثيق مشفوعاًبها",False
Q056,formal_paraphrase,ما المتطلبات المتعلقة بالارتباط بين الطلبات المتعددة في صحيفة الدعوى؟,7,0.015385,اللائحة التنفيذية لنظام المحاكم التجارية,المادة السادسة والسبعون,"المادة السادسة والسبعون : بيانات صحيفةالدعوى
يجب أن تتضمن صحيفة الدعوى - إضافة إلى البيانات المنصوص عليها في النظام ونظام المرافعات الشرعية -الآتي:
أ- الاسم الكامل للشخص الطبيعي للمدعي والمدعىعليه.
ب - رقم الهوية للشخص الطبيعيء ورقم السجل التجاري للشخص الاعتباري» وترخيص الاستثمار للمستثمر الأجنبي -بحسب الأحوال- للمدعي والمدعىعليه.
د - تاريخ الإخطار في الدعاوى التي يجب فيهاالإخطار.
ه - ما يتوافر من معلومات عن نشاط الطرف إذا كانتاجراً.
و - رقم رخصة المحاماة إذا كانت الدعوى يجب رفعها منمحام.
ز - بيانات الدعاوى المرتبطة - إن وجدت-.",False
Q056,formal_paraphrase,ما المتطلبات المتعلقة بالارتباط بين الطلبات المتعددة في صحيفة الدعوى؟,8,0.015385,نظام التسجيل العيني للعقار,المادة الحاديةوالعشرون,"المادة الحاديةوالعشرون
إذا وقع تناقض بين صكوك الملكية في شأن وحدة عقارية واحدة تقيد الحقوق باسم من يظهر للقاضي المشرف على القيد الأول أنه صاحب الحق» ويرفق في صحيفة الوحدةالعقارية",False
Q056,formal_paraphrase,ما المتطلبات المتعلقة بالارتباط بين الطلبات المتعددة في صحيفة الدعوى؟,9,0.015152,نظام القضاء,المادة السابعةوالسبعون,"المادة السابعةوالسبعون
يستمر العمل باللائحة الصادرة بالاتفاق بين وزير العدل ووزير الموارد البشرية والتنمية الاجتماعية » المتعلقة بتحديد مؤهلات شغل فئات وظائف كتاب العدل» ويجوز لهماتعديل
ما يلزم منها وفقًّا لأحكام هذاالنظام.",False
Q056,formal_paraphrase,ما المتطلبات المتعلقة بالارتباط بين الطلبات المتعددة في صحيفة الدعوى؟,10,0.014925,نظام التسجيل العيني للعقار,المادة الثانيةوالثلاثون,"المادة الثانيةوالثلاثون
تعلن الأحكام والقرارات الصادرة من القاضي المشرف على القيد الأول بشأن الطلبات والدعاوى التي أقيمت اعتراضاً على القيد الأول» ويخطر بها أطراف الدعوى؛وذوو
الطلبات. وتكون تلك الأحكام والقرارات نهائية في الحالتينالآتيتين:
١ - إذا كان التغيير المطلوب في بيانات السجل متفقاً عليه بين جميع ذوي الشأن الواردة أسماؤهم في صحائف الوحداتالعقارية.
١ - إذا كان التغيير المطلوب لا يمس حق شخص من الأشخاص الواردة أسماؤهم في السجلالعقاري.",False
Q057,informal,عادي أحط أكثر من طلب في القضية حتى لو مالهم علاقة ببعض؟,1,0.016393,اللائحة التنفيذية لنظام المحاكم التجارية,المادة السابعة والسبعون,"المادة السابعة والسبعون : بيانات صحيفةالدعوى
-١ يجب أن تتضمن صحيفة الدعوى بيان الارتباط بين الطلبات حالتعددها.
؟- دون إخلال بما نصت عليه المادة الحادية والعشرون من النظام» تحكم المحكمة بعدم قبول الدعوى عند تضمنها طلبات لا رابط بينهاء ما لم يحصر المدعي دعواه فيأحدها.",True
Q057,informal,عادي أحط أكثر من طلب في القضية حتى لو مالهم علاقة ببعض؟,2,0.016393,نظام الإجراءات الجزائية,المادة السابعة والأربعون بعدالمائة,"المادة السابعة والأربعون بعدالمائة
لمن لحقه ضرر من الجريمة - ولوارثه من بعده - أن يطالب بحقه الخاص أمام المحكمة المنظورة أمامها الدعوى الجزائية العامة في أي حال كانت عليها الدعوى» حتى لو لميقبل
طلبه أثناءالتحقيق.",False
Q057,informal,عادي أحط أكثر من طلب في القضية حتى لو مالهم علاقة ببعض؟,3,0.016129,نظام الإجراءات الجزائية,المادة السابعة والعشرون بعدالمائة,"المادة السابعة والعشرون بعدالمائة
إذا شمل التحقيق أكثر من جريمة من اختصاص محاكم متماثلة الاختصاص وكانت مرتبطة» فترفع جميعها بأمر واحد إلى المحكمة المختصة مكانًا بإحداها. فإذا كانت الجرائممن
اختصاص محاكم مختلفة الاختصاصء فترفع إلى المحكمة الأوسعاختصاصًا.
الباب الخامسالمحاكم
الفصل الأول الاختصاصاتالجزائية",False
Q057,informal,عادي أحط أكثر من طلب في القضية حتى لو مالهم علاقة ببعض؟,4,0.016129,اللائحة التنفيذية لنظام الإجراءات الجزائية,المادة الثامنةوالثلاثون,"المادة الثامنةوالثلاثون
-١ يجب إثبات ما يُضبط - وفقاً للمادة (السابعة والخمسين) من النظام - من الرسائل والخطابات والمطبوعات والطرود؛ في محضر يوقعه القائم بالضبطه تبين فيهأوصاف
المضبوط بدقة, ومكان ضبطهوزمانه.
؟ - ينتهي ضبط أو مراقبة وسائل الاتصال بتحقق الغرض المقصود حتى لو لم تنته المدة المحددة في الأمر أوالإذن.",False
Q057,informal,عادي أحط أكثر من طلب في القضية حتى لو مالهم علاقة ببعض؟,5,0.015873,نظام المعاملات المدنية,المادة الخامسة والتسعون بعدالخمسمائة,"المادة الخامسة والتسعون بعدالخمسمائة
إذا تعدد الكفلاء بدين واحد جازت مطالبة كل منهم بكل الدين إلا إذا كفلوا جميعاً في عقد واحد ولم يشترط فيه تضامنهم فلا يطالب أحد منهم إلا بقدرحصته.
إذا تعدد الكفلاء بدين واحد جازت مطالبة كل منهم بكل الدين إلا إذا كفلوا جميعاً في عقد واحد ولم يشترط فيه تضامنهم فلا يطالب أحد منهم إلا بقدرحصته.",False
Q057,informal,عادي أحط أكثر من طلب في القضية حتى لو مالهم علاقة ببعض؟,6,0.015873,نظام المرافعات الشرعية,المادة الثانية والستون بعدالمائة,"المادة الثانية والستون بعدالمائة
إذا نظر القضية عدد من القضاة» فيصدر الحكم بالإجماع أو بأغلبية الآراء» وعلى الأقلية أن تسجل رأيها أولاً في ضبط القضية؛ وعلى الأكثرية أن توضح وجهة نظرها فيالرد
على رأي الأقلية في الضبط فإن لم تتوافر الأغلبية أو تشعبت الآراء إلى أكثر من رأيين» فيكلف رئيس المحكمة أحد قضاتها لترجيح أحد الآراء حتى تحصل الأغلبية في الحكم؛فإن
تعذر ذلك فيكلف رئيس المجلس الأعلى للقضاء أحد القضاة لهذاالشأن.",False
Q057,informal,عادي أحط أكثر من طلب في القضية حتى لو مالهم علاقة ببعض؟,7,0.015625,اللائحة التنفيذية لإجراءات الاستئناف,المادة السابعة,"المادة السابعة
يجوز أمام المحكمة أن يضاف إلى الطلب الأصلي ما يزيد من التعويضات التي تستحق بعد تقديم الطلبات الختامية أمام محكمة الدرجةالأولى.",False
Q057,informal,عادي أحط أكثر من طلب في القضية حتى لو مالهم علاقة ببعض؟,8,0.015625,نظام المعاملات المدنية,المادة الثالثة والعشرون بعدالثلاثمائة,"المادة الثالثة والعشرون بعدالثلاثمائة
-١ إذا عين مقدار المبيع عند العقد فبان فيه نقصٌ أو زيادةٌ ولم يوجد اتفاقٌ؛ وجب اتباعالآني:
أ- إذا كان المبيع مما تضره التجزئة والثمن المسمى لمجموعه وليس بالوحدة القياسية فالزيادة للمشتري والنقص لا يقابله شيء من الثمن» وفيما عداذلك
يكون النقص من حساب البائع والزيادة له يستردها عيناً إن كان المبيع لا تضره التجزئة أو يستحق ثمنها إن كان المبيع تضرهالتجزئة.
ب- إذا كانت الزيادة ُلزم المشتري أكثر مما اشترى به بمقدار جسيم أو كان النقص يُخل بغرضه بحيث لو علم به لما أتم العقد كان له طلب فسخالبيع.
-١ لا تسمع الدعوى بالفسخ أو إنقاص الثمن أو إكماله إذا انقضت (سنة) من تاريخ تسليمالمبيع.
-١ إذا عي
ا اشترى به بمقدار جسيم أو كان النقص يُخل بغرضه بحيث لو علم به لما أتم العقد كان له طلب فسخالبيع.
-١ لا تسمع الدعوى بالفسخ أو إنقاص الثمن أو إكماله إذا انقضت (سنة) من تاريخ تسليمالمبيع.
-١ إذا عين مقدار المبيع عند العقد فبان فيه نقصصٌ أو زيادةٌ ولم يوجد اتفاقٌ؛ وجب اتباعالآتي:
أ- إذا كان المبيع مما تضره التجزئة والثمن المسمى لمجموعه وليس بالوحدة القياسية فالزيادة للمشتري والنقص لا يقابله شيء من الثمن» وفيما عدا ذلك يكون النقص منحساب
البائع والزيادة له يستردها عيناً إن كان المبيع لا تضره التجزئة أو يستحق ثمنها إن كان المبيع تضرهالتجزئة.
ب- إذا كانت الزيادة ثلزم المشتري أكثر مما اشترى به بمقدار جسيم أو كان النقص يُخل بغرضه بحيث لو علم به لما أتم العقد كان له طلب فسخالبيع.
؟- لا تسمع الدعوى بالفسخ أو إنقاص الثمن أو إكماله إذا انقضت (سنة) من تاريخ تسليمالمبيع.",False
Q057,informal,عادي أحط أكثر من طلب في القضية حتى لو مالهم علاقة ببعض؟,9,0.015385,نظام المعاملات المدنية,المادة الثامنة والثمانون بعدالأربعمائة,"المادة الثامنة والثمانون بعدالأربعمائة
-١ إذا تعدد الوكلاء» وكان لكل منهم عقد مستقل؛ فإن له الانفراد فيما وكل فيه إلا أن يشترط عليهم الموكل عدمالانفراد.
-١ إذا تعدد الوكلاء» وعينوا جميعاً في عقد واحد دون أن يأذن الموكل في انفراد أي منهم بالتصرف؛ كان عليهم أن يعملوامجتمعين.
-'٠ إذا تعدد الوكلاء» كانوا مسؤولين بالتضامن متى كانت الوكالة غير قابلة للانقسام» أو كان الضرر الذي أصاب الموكل نتيجة خطأ مشترك؛ ولايكون
الوكلاء ولو كانوا متضامنين مسؤولين عما فعله أحدهم مجاوزاً حدود الوكالة أو متعسفاً فيتنفيذها.
-١ إذا تعدد الوكلاء» وكان لكل منهم عقد مستقل؛ فإن له الانفراد فيما وكّل فيه إلا أن يش
طأ مشترك؛ ولايكون
الوكلاء ولو كانوا متضامنين مسؤولين عما فعله أحدهم مجاوزاً حدود الوكالة أو متعسفاً فيتنفيذها.
-١ إذا تعدد الوكلاء» وكان لكل منهم عقد مستقل؛ فإن له الانفراد فيما وكّل فيه إلا أن يشترط عليهم الموكل عدمالانفراد.
""- إذا تعدد الوكلاء» وعينوا جميعاً في عقد واحد دون أن يأذن الموكل في انفراد أي منهم بالتصرف؛ كان عليهم أن يعملوامجتمعين.
""- إذا تعدد الوكلاء» كانوا مسؤولين بالتضامن متى كانت الوكالة غير قابلة للانقسام» أو كان الضرر الذي أصاب الموكل نتيجة خطأ مشتركء ولا يكون الوكلاء ولوكانوا
متضامنين مسؤولين عما فعله أحدهم مجاوزاً حدود الوكالة أو متعسفاً فيتنفيذها.",False
Q057,informal,عادي أحط أكثر من طلب في القضية حتى لو مالهم علاقة ببعض؟,10,0.015385,قواعد العمل في مكاتب المصالحة وإجراءاته,المادة الخامسة,"المادة الخامسة: علاقة المصلح بالقضية بعد تولي المصالحةفيها
ليس للمصلح تولي الوكالة أو المرافعة أو التحكيم أو تقديم الاستشارة لأحد أطراف المصالحة في المنازعة التي تولى المصالحة فيها حتى بعد انتهائها إلا بموافقة الأطراف, وإلاما
يعد من متممات أعمال الصلح كالإرشاد إلى طريقةالتنفيذ.
الفصل الثالث: المصلحونالمسجلون",False
Q058,formal_direct,من يعتمد خطة إدارة الدعوى وكيف يتم تنفيذها؟,1,0.032787,اللائحة التنفيذية لنظام المحاكم التجارية,المادة الخامسة والثمانون,"المادة الخامسة والثمانون : تنفيذ خطة إدارةالدعوى
يعتمد رئيس الدائرة خطة إدارة الدعوى وتحال للإدارة المختصة لتنفيذهاء ويتاح للأطراف الاطلاععليها.",True
Q058,formal_direct,من يعتمد خطة إدارة الدعوى وكيف يتم تنفيذها؟,2,0.032002,اللائحة التنفيذية لنظام المحاكم التجارية,المادة الرابعة والثمانون,"المادة الرابعة والثمانون : خطة إدارةالدعوى
مع مراعاة المدد المنصوص عليها في المادة الثامنة والثلاثين من اللائحة؛ تعد الإدارة المختصة بعد قيد الدعوى مشروع خطة إدارة الدعوى, على أن تتضمنالآتي:
أ- تصنيفالدعوى.
ب - وصفاً مختصراً للدعوىوالطلب.
ج - الوقت المقترح لنظرالدعوى.
ه -اقتراح أي إجراء يتطلبه نظر الدعوى وآليةتنفيذه.",False
Q058,formal_direct,من يعتمد خطة إدارة الدعوى وكيف يتم تنفيذها؟,3,0.032002,اللائحة التنفيذية لنظام المحاكم التجارية,المادة السادسة والثمانون,"المادة السادسة والثمانون : تنفيذ خطة إدارةالدعوى
تتولى الإدارة المختصة مايلي:
-١ إدارة الدعوى وفق الخطةالمعتمدة.
؟- إجراءات تبادل المذكرات في حال تضمنته خطة إدارة الدعوى أو قررت الدائرة أو القاضي المحضر إجراء تبادلالمذكرات.
وللإدارة المختصة الرفع إلى الدائرة - عند الاقتضاء - عن أي صعوبات تواجهها؛ لتقرير ما تراهالدائرة.",False
Q058,formal_direct,من يعتمد خطة إدارة الدعوى وكيف يتم تنفيذها؟,4,0.015625,اللائحة التنفيذية لنظام المحاكم التجارية,المادة السابعة والثمانون,"المادة السابعة والثمانون : تنفيذ خطة إدارةالدعوى
تعد الإدارة المختصة تقريراً نهائيأء يتضمنالآتي:
أ- ملخصاً للإجراءات التي تمت في القضية» وخلاصة وافية للطلبات والبيناتوالدفوع.
ب - دراسة قانونية وافية عن القضية» مشتملة على المبادئ والسوابق القضائية ذاتالصلة.
الفصل الرابع: نظرالدعوى",False
Q058,formal_direct,من يعتمد خطة إدارة الدعوى وكيف يتم تنفيذها؟,5,0.015625,اللائحة التنفيذية لنظام المحاكم التجارية,المادة الحادية والسبعون بعد المائتين,"المادة الحادية والسبعون بعد المائتين: تهيئة الدعوىالجماعية
تعد الإدارة المختصة فور إحالة الدعوى الجماعيةالآتي:
أ- تقريراً أولياً عن القضية؛ على أن يشتمل على دراسة أولية للأساس الموضوعي المشترك في الدعوى الجماعية؛ والتحقق من انطباق شروط الدعوى الجماعية على جميعالمدعين.
ب - خطة لنظر الدعوى الجماعية تتناسب معطبيعتها.",False
Q058,formal_direct,من يعتمد خطة إدارة الدعوى وكيف يتم تنفيذها؟,6,0.015385,نظام المحاكم التجارية,المادة الثانيةوالعشرون,"المادة الثانيةوالعشرون
١.تحيل الإدارة المختصة الدعاوى والطلبات إلى الدوائر وفق القواعد التي تحددها اللائحة» وتحدد الإدارة تاريخ الجلسة المحددة لنظرهاء وتبلغ المدعى عليه بها فور إحالةالدعوى.
”.على المدعى عليه -فيما عدا الطلبات المستعجلة أن يودع لدى المحكمة مذكرة بدفاعه مشتملة على جوابه على الدعوى وجميع دفوعه؛ وتحديد طلباته وجميع أسانيده» وذلكقبل
الجلسة المحددة لنظر الدعوى بيوم واحد علىالأقل.",False
Q058,formal_direct,من يعتمد خطة إدارة الدعوى وكيف يتم تنفيذها؟,7,0.015385,الأدلة الإجرائية لنظام الإثبات,المادة الثالثةعشرة,"المادة الثالثةعشرة
-١ تتولى الإدارة المختصة وضع خطة لإجراءات الإثبات» وتنفيذها بعد اعتمادها من المحكمة» أو من القاضي المكلف بإجراءات الإثبات -بحسب الأحوال-» وذلك ضمن خطةإدارة
الدعوى.
-١ فيما عدا الاستجواب وسماع الشهادة وأداء اليمين» يكون تقديم الأدلة والطلبات المتعلقة بإجراءات الإثبات وتهيئتها لدى الإدارةالمختصة.",False
Q058,formal_direct,من يعتمد خطة إدارة الدعوى وكيف يتم تنفيذها؟,8,0.015152,نظام الأحوال الشخصية,المادة الثالثةوالسبعون,"المادة الثالثةوالسبعون
في الأحوال التي يثبت فيها نسب الولد بالولادة في عقد الزواج» فليس للرجل أن ينفي نسب الولد إليه إلا باللعان من خلال التقدم بدعوىء إذا توافر الشرطانالآثيان:
-١ أن يتم تقديم الدعوى خلال (خمسة عشر) يوماً من تاريخ علمهبالولادة.
١ ألا
د بالولادة في عقد الزواج» فليس للرجل أن ينفي نسب الولد إليه إلا باللعان من خلال التقدم بدعوىء إذا توافر الشرطانالآثيان:
-١ أن يتم تقديم الدعوى خلال (خمسة عشر) يوماً من تاريخ علمهبالولادة.
١ ألا يتقدم النفي إقرار بأبوته صراحة أوضمناً.",False
Q058,formal_direct,من يعتمد خطة إدارة الدعوى وكيف يتم تنفيذها؟,9,0.014925,نظام الإجراءات الجزائية,المادة الثالثة والثلاثون بعدالمائة,"المادة الثالثة والثلاثون بعدالمائة
إذا كان الحكم في الدعوى الجزائية يتوقف على نتيجة الفصل في دعوى جزائية أخرى» وجب وقف الدعوى حتى يتم الفصل في الدعوىالأخرى.
الفصل الثاني تنازعالاختصاص",False
Q058,formal_direct,من يعتمد خطة إدارة الدعوى وكيف يتم تنفيذها؟,10,0.014706,نظام الأحوال الشخصية,المادة السابعة والأربعون بعدالمائتين,"المادة السابعة والأربعون بعدالمائتين
يعتمد الحساب الهجري في المدد الواردة في هذاالنظام.",False
Q059,formal_paraphrase,ماذا يحدث لخطة إدارة الدعوى بعد إعدادها؟,1,0.032522,اللائحة التنفيذية لنظام المحاكم التجارية,المادة الرابعة والثمانون,"المادة الرابعة والثمانون : خطة إدارةالدعوى
مع مراعاة المدد المنصوص عليها في المادة الثامنة والثلاثين من اللائحة؛ تعد الإدارة المختصة بعد قيد الدعوى مشروع خطة إدارة الدعوى, على أن تتضمنالآتي:
أ- تصنيفالدعوى.
ب - وصفاً مختصراً للدعوىوالطلب.
ج - الوقت المقترح لنظرالدعوى.
ه -اقتراح أي إجراء يتطلبه نظر الدعوى وآليةتنفيذه.",False
Q059,formal_paraphrase,ماذا يحدث لخطة إدارة الدعوى بعد إعدادها؟,2,0.031281,اللائحة التنفيذية لنظام المحاكم التجارية,المادة السادسة والثمانون,"المادة السادسة والثمانون : تنفيذ خطة إدارةالدعوى
تتولى الإدارة المختصة مايلي:
-١ إدارة الدعوى وفق الخطةالمعتمدة.
؟- إجراءات تبادل المذكرات في حال تضمنته خطة إدارة الدعوى أو قررت الدائرة أو القاضي المحضر إجراء تبادلالمذكرات.
وللإدارة المختصة الرفع إلى الدائرة - عند الاقتضاء - عن أي صعوبات تواجهها؛ لتقرير ما تراهالدائرة.",False
Q059,formal_paraphrase,ماذا يحدث لخطة إدارة الدعوى بعد إعدادها؟,3,0.029911,اللائحة التنفيذية لنظام المحاكم التجارية,المادة الخامسة والثمانون,"المادة الخامسة والثمانون : تنفيذ خطة إدارةالدعوى
يعتمد رئيس الدائرة خطة إدارة الدعوى وتحال للإدارة المختصة لتنفيذهاء ويتاح للأطراف الاطلاععليها.",True
Q059,formal_paraphrase,ماذا يحدث لخطة إدارة الدعوى بعد إعدادها؟,4,0.016393,نظام المعاملات المدنية,المادة الثانية والثلاثون بعدالأربعمائة,"المادة الثانية والثلاثون بعدالأربعمائة
ليس للمستأجر أن يحدث في المأجور تغييراً دون إذن المؤجر إلا إذا كان يستلزمه إصلاح المأجور ولا يلحق ضرراًبه.
ليس للمستأجر أن يحدث في المأجور تغييراً دون إذن المؤجر إلا إذا كان يستلزمه إصلاح المأجور ولا يلحق ضرراًبه.",False
Q059,formal_paraphrase,ماذا يحدث لخطة إدارة الدعوى بعد إعدادها؟,5,0.015873,اللائحة التنفيذية لنظام المحاكم التجارية,المادة السابعة والثمانون,"المادة السابعة والثمانون : تنفيذ خطة إدارةالدعوى
تعد الإدارة المختصة تقريراً نهائيأء يتضمنالآتي:
أ- ملخصاً للإجراءات التي تمت في القضية» وخلاصة وافية للطلبات والبيناتوالدفوع.
ب - دراسة قانونية وافية عن القضية» مشتملة على المبادئ والسوابق القضائية ذاتالصلة.
الفصل الرابع: نظرالدعوى",False
Q059,formal_paraphrase,ماذا يحدث لخطة إدارة الدعوى بعد إعدادها؟,6,0.015873,نظام المعاملات المدنية,المادة الرابعة عشرة بعدالستمائة,"المادة الرابعة عشرة بعدالستمائة
إذا كان الحائط مشتركاً بين اثنين (أو أكثر) فلا يجوز لأي منهما أن يحدث أي تغيير فيه بما يتنافى مع الغرض الذي أعدّ له بغير إذنالآخر.
إذا كان الحائط مشتركاً بين اثنين (أو أكثر) فلا يجوز لأي منهما أن يحدث أي تغيير فيه بما يتنافى مع الغرض الذي أعدّ له بغير إذنالآخر.",False
Q059,formal_paraphrase,ماذا يحدث لخطة إدارة الدعوى بعد إعدادها؟,7,0.015625,نظام المعاملات المدنية,المادة السادسة والثلاثون بعدالثلاثمائة,"المادة السادسة والثلاثون بعدالثلاثمائة
إذا استُحق بعض المبيع وأحدث الاستحقاق عبباً في الباقي كان للمشتري طلب الفسخء فإن اختار إمساك المبيع أو لم يحدث الاستحقاق عيباً في الباقيفليس
له إلا الرجوع بالضمان في الجزءالمستحق.
إذا استحق بعض المبيع وأحدث الاستحقاق عيبا في الباقي كان للمشتري طلب الفسخ» فإن اختار إمساك المبيع أو لم يحدث الاستحقاق عيباً في الباقي فليس له إلا الرجوع بالضمانفي
الجزءالمستحق.",False
Q059,formal_paraphrase,ماذا يحدث لخطة إدارة الدعوى بعد إعدادها؟,8,0.015385,اللائحة التنفيذية لنظام المحاكم التجارية,المادة الثانية والأربعون بعد المائتين,"المادة الثانية والأربعون بعد المائتين: إجراءات نظر الدعاوىاليسيرة
تقيد الدعوى إذا كانت مستوفية» وتحال إلى الدائرة المختصة» ويبلغ بها المدعى عليه في يوم قيدهاء على أن يتضمن التبليغ تحديد ميعاد عقد الجلسة التحضيرية بما لا يتجاوزخمسة
عشر يومأ من تاريخالقيد.",False
Q059,formal_paraphrase,ماذا يحدث لخطة إدارة الدعوى بعد إعدادها؟,9,0.015385,نظام الإجراءات الجزائية,المادة الحادية والثمانون بعدالمائة,"المادة الحادية والثمانون بعدالمائة
١ - يُتْلَى الحكم - بعد التوقيع عليه ممن أصدره - في جلسة علنية ولو كانت الدعوى نظرت في جلسات سرية» وذلك بحضور أطراف الدعوى؛ ويجب حضور جميع القضاةالذين
اشتركوا في إصدار الحكم ما لم يحدث لأحدهم مانع منالحضور.
"" - تصدر المحكمة بعد الحكم صكًا مشتملا على اسم المحكمة التي أصدرت الحكمء وتاريخ إصداره؛ وأسماء القضاة» وأسماء الخصوم؛ ووكلائهم؛ وأسماء الشهودءوالجريمة
موضوع الدعوى؛ وملخص لما قدمه الخصوم من طلباتء أو دفاع؛ وما اسَتْنِدَ إليه من الأدلة والحجج» وخلاصة الدعوى؛ وعدد ضبط الدعوىء, وتاريخ ضبطهاء ثم أسبابالحكم
ونصه ومستنده الشرعيء ثم يوقع عليه ويختمه القاضي أو القضاة الذين اشتركوا فيالحكم.",False
Q059,formal_paraphrase,ماذا يحدث لخطة إدارة الدعوى بعد إعدادها؟,10,0.014925,نظام الإفلاس,المادة الأولى بعد المائة إدارة أمين التصفية لنشاطالمدين,"المادة الأولى بعد المائة إدارة أمين التصفية لنشاطالمدين
لا يصح أي ضمان ينشأ خلال إجراء التصفية ما لم يصوت عليه الدائنون بالموافقة وفقاً لحكم المادة (الثامنة بعد المائة) من النظام وتوافق عليهالمحكمة.",False
Q060,informal,مين يعتمد خطة القضية وهل الأطراف يقدرون يشوفونها؟,1,0.030798,اللائحة التنفيذية لنظام المحاكم التجارية,المادة السادسة والثمانون,"المادة السادسة والثمانون : تنفيذ خطة إدارةالدعوى
تتولى الإدارة المختصة مايلي:
-١ إدارة الدعوى وفق الخطةالمعتمدة.
؟- إجراءات تبادل المذكرات في حال تضمنته خطة إدارة الدعوى أو قررت الدائرة أو القاضي المحضر إجراء تبادلالمذكرات.
وللإدارة المختصة الرفع إلى الدائرة - عند الاقتضاء - عن أي صعوبات تواجهها؛ لتقرير ما تراهالدائرة.",False
Q060,informal,مين يعتمد خطة القضية وهل الأطراف يقدرون يشوفونها؟,2,0.016393,نظام التحكيم,المادة السادسةوالثلاثون,"المادة السادسةوالثلاثون
-١ لهيئة التحكيم تعيين خبير أو أكثرء لتقديم تقرير مكتوب أو شفهي يثبت في محضر الجلسة في شأن مسائل معينة تحددها بقرار منهاء وتبلغ به كلاً من الطرفين ما لم يتفقا علىغير
""- على كل من الطرفين أن يقدم إلى الخبير المعلومات المتعلقة بالنزاع» وأن يمكنه من معاينة وفحص ما يطلبه من وثائق أو سلع أو أموال أخرى متعلقة بالنزاع. وتفصلهيئة
التحكيم في كل نزاع يقوم بين الخبير وأحد الطرفين في هذا الشأن بقرار غير قابل للطعن بأي طريق من طرقالطعن.
'- ترسل هيئة التحكيم صورة من تقرير الخبير بمجرد إيداعه لديها إلى كل من الطرفين؛ مع إتاحة الفرصة له لإبداء رأيه فيه. ولكليهما الحق في الاطلاع على الوثائق التياستند
إليها الخبير في تقريره وفحصها. ويصدر الخبير تقريره النهائي بعد الاطلاع على ما أبداه طرفا التحكيمحوله.
5- لهيئة التحكيم بعد تقديم تقرير الخبير أن تقرر من تلقاء نفسهاء أو بناءً على طلب أحد طرفي التحكيم» عقد جلسة لسماع أقوال الخبيرء مع إتاحة الفرصة للطرفين لسماعهومناقشته
في شأن ما ورد فيتقريره.",False
Q060,informal,مين يعتمد خطة القضية وهل الأطراف يقدرون يشوفونها؟,3,0.016393,اللائحة التنفيذية لنظام المحاكم التجارية,المادة الخامسة والثمانون,"المادة الخامسة والثمانون : تنفيذ خطة إدارةالدعوى
يعتمد رئيس الدائرة خطة إدارة الدعوى وتحال للإدارة المختصة لتنفيذهاء ويتاح للأطراف الاطلاععليها.",True
Q060,informal,مين يعتمد خطة القضية وهل الأطراف يقدرون يشوفونها؟,4,0.016129,اللائحة التنفيذية لنظام المحاكم التجارية,المادة التاسعة,"المادة التاسعة: الاتفاق الخاص بينالأطراف
إضافة لأي اتفاق منصوص عليه في النظام واللائحة» يجوز للأطراف الاتفاق على إجراءات محددة للترافع وما يتصل به وفق أحكام المادة السادسة من النظام؛ ومن ذلكالاتفاق
على أي ممايلي:
أ- عددالمذكرات.
ب -إجراءاتالإخطار.
ج - المُهّل المحددة لتقديمالمستندات.
د - تحديد خبير معين أو إجراءات معينة في الخبرة؛ بما في ذلك الاتفاق على اعتماد رأي الخبير فيما يتصل بالمسألة الفنية محل الاستعانةبالخبرة.
ه - خطة نظرالدعوى.
و - تقليص أي مُدد إجرائية منصوص عليها في النظام أو اللائحة عدا المدد المتعلقة بالمحكمة. وفيما لم يرد فيه نص خاصء لا يجوز للأطراف الاتفاق على مدة تتجاوزالمدد
المنصوص عليها في النظامواللائحة.",False
Q060,informal,مين يعتمد خطة القضية وهل الأطراف يقدرون يشوفونها؟,5,0.016129,اللائحة التنفيذية لنظام المحاكم التجارية,المادة السابعة والثمانون,"المادة السابعة والثمانون : تنفيذ خطة إدارةالدعوى
تعد الإدارة المختصة تقريراً نهائيأء يتضمنالآتي:
أ- ملخصاً للإجراءات التي تمت في القضية» وخلاصة وافية للطلبات والبيناتوالدفوع.
ب - دراسة قانونية وافية عن القضية» مشتملة على المبادئ والسوابق القضائية ذاتالصلة.
الفصل الرابع: نظرالدعوى",False
Q060,informal,مين يعتمد خطة القضية وهل الأطراف يقدرون يشوفونها؟,6,0.015873,اللائحة التنفيذية لنظام المحاكم التجارية,المادة الستون,"المادة الستون: المصالحة بعدالقيد
للمحكمة في أي مرحلة إحالة الأطراف - بشرط موافقتهم - إلى المصالحة والوساطة» ويثبت ذلك في محضر القضية»: وتراعي في الموعد التالي مدة إجراءات المصالحةوالوساطة.",False
Q060,informal,مين يعتمد خطة القضية وهل الأطراف يقدرون يشوفونها؟,7,0.015625,نظام التحكيم,المادة الخامسةعشرة,"المادة الخامسةعشرة
-١ لطرفي التحكيم الاتفاق على اختيار المحكمينء فإذا لم يتفقا اتبع مايأتي:
أ- إذا كانت هيئة التحكيم مشكلة من محكم واحد تولت المحكمة المختصةاختياره.
ب- إذا كانت هيئة التحكيم مشكلة من ثلاثة محكمين اختار كل طرف محكماً عنه» ثم يتفق المحكمان على اختيار المحكم الثالث» فإذا لم يعين أحد الطرفين محكمه خلال خمسةعشر
يوماً التالية لتسلمه طلباً بذلك من الطرف الآخرء أو إذا لم يتفق المحكمان المعينان على اختيار المحكم الثالث خلال خمسة عشر يوماً التالية لتاريخ تعيين آخرهما ؛ تولتالمحكمة
المختصة اختياره بناءً على طلب من يهمه التعجيل» وذلك خلال خمسة عشر يوماً من تاريخ تقديم الطلب» ويكون للمحكم الذي اختاره المحكمان المعينان» أو الذي اختارتهالمحكمة
المختصة رئاسة هيئة التحكيم» وتسري هذه الأحكام في حالة تشكيل هيئة التحكيم من أكثر من ثلاثةمحكمين.
-١ إذا لم يتفق طرفا التحكيم على إجراءات اختيار المحكمينء أو خالفها أحد الطرفين» أو لم يتفق المحكمان المعينان على أمر مما يلزم اتفاقهما عليه أو إذا تخلف الغير عن أداء ماغهد
به إليه في هذا الشأن» تولت المحكمة المختصة - بناءً على طلب من يهمه التعجيل - القيام بالإجراء» أو بالعمل المطلوبء ما لم ينص في الاتفاق على كيفية أخرى لإتمام هذاالإجراء
أوالعمل.
""'- تراعي المحكمة المختصة في المحكم الذي تختاره الشروط التي نص عليها اتفاق الطرفين» وتلك الشروط التي يتطلبها هذا النظام» ونُصدر قرارها باختيار المحكم خلالثلاثين
يوماً من تاريخ تقديمالطلب.
؛- مع عدم الإخلال بأحكام المادتين (التاسعة والأربعين) و(الخمسين) من هذا النظام» يكون قرار المحكمة المختصة بتعيين المحكم وفقاً للفقرتين ١( و )١ من هذه المادة غيرقابل
للطعن فيه استقلالاً بأي طريق من طرقالطعن.",False
Q060,informal,مين يعتمد خطة القضية وهل الأطراف يقدرون يشوفونها؟,8,0.015625,اللائحة التنفيذية لنظام المحاكم التجارية,المادة الحادية والستون,"المادة الحادية والستون : المصالحة بعدالقيد
إذا توصل الأطراف إلى المصالحة أو التسوية بعد قيد القضية» أثبت ما اتفقوا عليه في محضر صلحء يوقع من الخصوم ومن الموظف المختصء ويذيل بالصيغةالتنفيذية.",False
Q060,informal,مين يعتمد خطة القضية وهل الأطراف يقدرون يشوفونها؟,9,0.015385,اللائحة التنفيذية لطرق الاعتراض على الأحكام,المادة التاسعةوالعشرون,"المادة التاسعةوالعشرون
-١ للمحكمة أن تعهد إلى أحد قضاتها تحضير القضية وتهيئتها للمرافعة» بما في ذلك دراستها وتحديد نطاق الاستئناف؛ وعقد جلسة تحضيرية» واستكمال المستندات» واستدعاءذوي
الشأن لسؤالهم عن الوقائع التي يرى لزوم تحقيقهاء وإعداد مشروع مسودة الحكم؛ كما يجوز أن تعهد المحكمة بدراسة القضية والوقائع إلى الإدارةالمختصة.
؟- للمحكمة» وللقاضي الذي عهد إليه تحضير القضية أن يمكّن الخصوم من تبادل المذكرات والمستندات لدى الإدارة المختصة خلال مدة لا تتجاوز (عشرين) يومّاء على أنتُحتَدَ
عدد المذكرات؛ وموعد إيداع كل منهاء وموعد الجلسةالتالية.
-'٠"" يترتب على عدم تقديم المذكرة أو المستند في مرحلة تحضير القضية الأثر ذاته الذي يترتب على عدم تقديمه أمامالمحكمة.",False
Q060,informal,مين يعتمد خطة القضية وهل الأطراف يقدرون يشوفونها؟,10,0.015385,نظام الأحوال الشخصية,المادة السابعة والأربعون بعدالمائتين,"المادة السابعة والأربعون بعدالمائتين
يعتمد الحساب الهجري في المدد الواردة في هذاالنظام.",False
