query_id,model,raw_response,generation_time_s,input_tokens,input_truncated,valid_json,answer_ar,citations,insufficient_context,query_type,query,gold_law,gold_article,gold_key,gold_text,retrieved_pairs,retrieved_pair_keys,context_has_gold,augmented_context,citation_coverage,citation_precision_context,citation_hallucination_rate,gold_citation_hit,citation_count,judge_raw_response,judge_time_s,judge_input_tokens,judge_input_truncated,judge_valid_json,correctness,faithfulness,arabic_quality,hallucination,judge_reason
Q001,ALLaM-7B-Instruct-preview,"{
  ""answer_ar"": ""الدعاوى الجزائية العامة، الدعاوى التأديبية، الطلبات المتعلقة بها، الدعاوى والطلبات التي تختص بها محاكم الأحوال الشخصية عدا طلب النقض وطلب التماس إعادة النظر، الدعاوى والطلبات التي يختص بها ديوان المظالم، الإنهاءات وما يتعلق بها من طلبات."",
  ""citations"": [
    {""law"": ""نظام التكاليف القضائية"", ""article"": ""المادة الثانية""}
  ],
  ""insufficient_context"": false
}",10.178965941000117,759,False,True,الدعاوى الجزائية العامة، الدعاوى التأديبية، الطلبات المتعلقة بها، الدعاوى والطلبات التي تختص بها محاكم الأحوال الشخصية عدا طلب النقض وطلب التماس إعادة النظر، الدعاوى والطلبات التي يختص بها ديوان المظالم، الإنهاءات وما يتعلق بها من طلبات.,"[{'law': 'نظام التكاليف القضائية', 'article': 'المادة الثانية'}]",False,formal_direct,ما الدعاوى والطلبات التي لا تسري عليها أحكام التكاليف القضائية؟,نظام التكاليف القضائية,المادة الثانية,نظامالتكاليفالقضايية||المادةالثانية,"المادة الثانية
تسري أحكام النظام على جميع الدعاوى والطلبات التي تقدم إلى المحاكم» فيما عدا مايأتي:
١.الدعاوى الجزائية العامة»والدعاوى التأديبية»والطلبات المتعلقبها.
؟.الدعاوى والطلبات التي تختص بها محاكم الأحوال الشخصية» عدا طلب النقض وطلب التماس إعادةالنظر.
.الدعاوى والطلبات التي يختص بها ديوانالمظالم.
.الدعاوى والطلبات المتعلقة بدعاوى قسمة التركات؛ عدا طلب النقض وطلب التماس إعادةالنظر.
"".الإنهاءات وما يتعلق بها منطلبات.","[('نظام التكاليف القضائية', 'المادة الثانية'), ('اللائحة التنفيذية لنظام المحاكم التجارية', 'المادة الحادية والخمسون'), ('نظام التكاليف القضائية', 'المادة الأولى')]","['نظامالتكاليفالقضايية||المادةالثانية', 'اللايحةالتنفيذيةلنظامالمحاكمالتجارية||المادةالحاديةوالخمسون', 'نظامالتكاليفالقضايية||المادةالاولي']",True,"User Query:
ما الدعاوى والطلبات التي لا تسري عليها أحكام التكاليف القضائية؟

[Retrieved Article 1]
Law: نظام التكاليف القضائية
Article: المادة الثانية
Text: المادة الثانية
تسري أحكام النظام على جميع الدعاوى والطلبات التي تقدم إلى المحاكم» فيما عدا مايأتي:
١.الدعاوى الجزائية العامة»والدعاوى التأديبية»والطلبات المتعلقبها.
؟.الدعاوى والطلبات التي تختص بها محاكم الأحوال الشخصية» عدا طلب النقض وطلب التماس إعادةالنظر.
.الدعاوى والطلبات التي يختص بها ديوانالمظالم.
.الدعاوى والطلبات المتعلقة بدعاوى قسمة التركات؛ عدا طلب النقض وطلب التماس إعادةالنظر.
"".الإنهاءات وما يتعلق بها منطلبات.

[Retrieved Article 2]
Law: اللائحة التنفيذية لنظام المحاكم التجارية
Article: المادة الحادية والخمسون
Text: المادة الحادية والخمسون : الدعاوى والطلبات التي ترفع منمحام
يجب أن يكون رفع جميع الدعاوى التي تختص بنظرها المحكمة وجميع طلبات الاستئناف من محام» ويستثنى من ذلكالآتي:
أ- الدعاوى المنصوص عليها في الفقرات (؟) و(38) و(1) من المادة السادسة عشرة منالنظام.
ب - الدعاوى اليسيرة المنصوص عليها في الفقرة )١( من المادة الثامنة والسبعين منالنظام.
ج - طلبات الاستئناف على الأحكام والقرارات والأوامر الص
لفقرات (؟) و(38) و(1) من المادة السادسة عشرة منالنظام.
ب - الدعاوى اليسيرة المنصوص عليها في الفقرة )١( من المادة الثامنة والسبعين منالنظام.
ج - طلبات الاستئناف على الأحكام والقرارات والأوامر الصادرة في الدعاوى المنصوص عليها في الفقرتين (أ) و(ب) من هذهالمادة .

[Retrieved Article 3]
Law: نظام التكاليف القضائية
Article: المادة الأولى
Text: المادة الأولى
يكون للألفاظ والعبارات الواردة في هذا النظام المعاني المبيّنه أمامهاء ما لم يقتض السياق معنىآخر:
النظام: نظام التكاليفالقضائية.
اللائحة: اللائحة التنفيذيةللنظام.
الإدارة المختصة: الإدارة المعنية بتحصيل التكاليفالقضائية»وردها.
التكاليف القضائية: مبالغ مالية يلتزم المكلف بدفعها إلى الإدارة المختصة» وفقاً لأحكام النظام واللائحة. ولا تشمل ما يطلب منه أثناء سير الدعوى من تكاليف يستلزمها الفصلفيها.
الدعوى: الدعوى المرفوعة أمامالمحاكم.
الطلبات: كل ما يقدمه الخصوم وغيرهم من طلبات أمام المحاكم مما لا يدخل فيالدعوى.",1.0,1.0,0.0,1.0,1.0,"```json
{
  ""correctness"": 4,
  ""faithfulness"": 4,
  ""arabic_quality"": 5,
  ""hallucination"": 0,
  ""reason"": ""الإجابة دقيقة وموثقة من النص القانوني المرجعي الذهبي، وواضحة ومكتوبة بشكل محترف.""
}
```

**تفصيل السبب:**
- **correctness (دقة):** 4/5 - الإجابة دقيقة وموثقة من النص القانوني المرجعي الذهبي، لكنها لم تذكر الدعاوى المتعلقة بدعاوى قسمة التركات، مما يقلل من درجة الدقة.
- **faithfulness (ولاء):** 4/5 - الإجابة متوافقة مع السياق المسترجع، لكنها لم تذكر الدعاوى المتعلقة بدعاوى قسمة التركات.
- **arabic_quality (جودة اللغة العربية):** 5/5 - الإجابة واضحة ومكتوبة",16.671723982000003,1296,False,True,4.0,4.0,5.0,0,الإجابة دقيقة وموثقة من النص القانوني المرجعي الذهبي، وواضحة ومكتوبة بشكل محترف.
Q002,ALLaM-7B-Instruct-preview,"{
  ""answer_ar"": ""الحالات المستثناة من تطبيق نظام التكاليف القضائية تشمل: الدعاوى التي تنتهي بالصلح قبل رفع الجلسة الأولى، الدعاوى المتعلقة بالحقوق الخاصة التي ترفع بالتبعية للقضايا الجزائية إذا انتهت بالصلح على أي حال كانت فيها الدعوى، الدعاوى الجزائية العامة، الدعاوى التأديبية، الطلبات المتعلقة بها، الدعاوى والطلبات التي تختص بها محاكم الأحوال الشخصية عدا طلب النقض وطلب التماس إعادة النظر، الدعاوى والطلبات التي يختص بها ديوان المظالم، الدعاوى والطلبات المتعلقة بدعاوى قسمة التركات عدا طلب النقض وطلب التماس إعادة النظر، والإنهاءات وما يتعلق بها من طلبات."",
  ""citations"": [
    {""law"": ""نظام التكاليف القضائية"", ""article"": ""المادة الثانية""}
  ],
  ""insufficient_context"": false
}",13.186868317000062,751,False,True,الحالات المستثناة من تطبيق نظام التكاليف القضائية تشمل: الدعاوى التي تنتهي بالصلح قبل رفع الجلسة الأولى، الدعاوى المتعلقة بالحقوق الخاصة التي ترفع بالتبعية للقضايا الجزائية إذا انتهت بالصلح على أي حال كانت فيها الدعوى، الدعاوى الجزائية العامة، الدعاوى التأديبية، الطلبات المتعلقة بها، الدعاوى والطلبات التي تختص بها محاكم الأحوال الشخصية عدا طلب النقض وطلب التماس إعادة النظر، الدعاوى والطلبات التي يختص بها ديوان المظالم، الدعاوى والطلبات المتعلقة بدعاوى قسمة التركات عدا طلب النقض وطلب التماس إعادة النظر، والإنهاءات وما يتعلق بها من طلبات.,"[{'law': 'نظام التكاليف القضائية', 'article': 'المادة الثانية'}]",False,formal_paraphrase,ما الحالات المستثناة من تطبيق نظام التكاليف القضائية؟,نظام التكاليف القضائية,المادة الثانية,نظامالتكاليفالقضايية||المادةالثانية,"المادة الثانية
تسري أحكام النظام على جميع الدعاوى والطلبات التي تقدم إلى المحاكم» فيما عدا مايأتي:
١.الدعاوى الجزائية العامة»والدعاوى التأديبية»والطلبات المتعلقبها.
؟.الدعاوى والطلبات التي تختص بها محاكم الأحوال الشخصية» عدا طلب النقض وطلب التماس إعادةالنظر.
.الدعاوى والطلبات التي يختص بها ديوانالمظالم.
.الدعاوى والطلبات المتعلقة بدعاوى قسمة التركات؛ عدا طلب النقض وطلب التماس إعادةالنظر.
"".الإنهاءات وما يتعلق بها منطلبات.","[('نظام التكاليف القضائية', 'المادة السادسةعشرة'), ('نظام التكاليف القضائية', 'المادة السابعةعشرة'), ('نظام التكاليف القضائية', 'المادة الثانية')]","['نظامالتكاليفالقضايية||المادةالسادسةعشرة', 'نظامالتكاليفالقضايية||المادةالسابعةعشرة', 'نظامالتكاليفالقضايية||المادةالثانية']",True,"User Query:
ما الحالات المستثناة من تطبيق نظام التكاليف القضائية؟

[Retrieved Article 1]
Law: نظام التكاليف القضائية
Article: المادة السادسةعشرة
Text: المادة السادسةعشرة
ترد التكاليف القضائية المدفوعة متى تبين عدم وجوبها على دافعها أو استفادته من حالة من حالات الإعفاء ومن ذلكمايأتي:
١.إذا حكم لمصلحة دافع التكاليفالقضائية.
؟.طلب رد القاضي أو القضاة إذا قبل طلبالرد.
”.طلب تصحيح الحكم أو تفسيره إذا قضي بإجابةالطلب.
4.طلب الاستئناف إذا حكم بنقض الحكم المستأنف كلياً» وإذا نقض الحكم جزئياً فيعفى بقدر ذلك الجزءء وطلب النقض إذا قضي فيه بإعادة القضية إلى المحكمة مصدرةالحكم
المعترضعليه.
5.إذا ترك المدعي عليه دعواه قبل عقد الجلسة الأولى؛ وفقاً للإجراءاتالنظامية.
"".الدعاوى التي تنتهي بالصلح قبل رفع الجلسةالأولى.
.الدعاوى المتعلقة بالحقوق الخاصة التي ترفع بالتبعية للقضايا الجزائية إذا انتهت بالصلح على أي حال كانت فيهاالدعوى.
وتحدد اللائحة الإجراءات والقواعد الخاصةبذلك.

[Retrieved Article 2]
Law: نظام التكاليف القضائية
Article: المادة السابعةعشرة
Text: المادة السابعةعشرة
مع مراعاة ما تقضي به الأنظمة والمعاهدات والاتفاقيات الدولية التي تكون المملكة طرفاًء لا تفرض التكاليف القضائية على الفئاتالآتية:
١.المسجونون والموقوفون وقت استحقاق التكاليف القضائية في قضايا مالية غير جنائية» في الدعاوى التي تقام سواءً كانت منهم أوعليهم.
"".العمال المشمولون بنظام العمل والمستثنون منه والمستحقون عنهم؛ للمطالبة بمستحقاتهم الناشئة عن عقودعمل.
“.الوزارات والأجهزةالحكومية.
وتحدد اللائحة الإجراءات والقواعد الخاصةبذلك.

[Retrieved Article 3]
Law: نظام التكاليف القضائية
Article: المادة الثانية
Text: المادة الثانية
تسري أحكام النظام على جميع الدعاوى والطلبات التي تقدم إلى المحاكم» فيما عدا مايأتي:
١.الدعاوى الجزائية العامة»والدعاوى التأديبية»والطلبات المتعلقبها.
؟.الدعاوى والطلبات التي تختص بها محاكم الأحوال الشخصية» عدا طلب النقض وطلب التماس إعادةالنظر.
.الدعاوى والطلبات التي يختص بها ديوانالمظالم.
.الدعاوى والطلبات المتعلقة بدعاوى قسمة التركات؛ عدا طلب النقض وطلب التماس إعادةالنظر.
"".الإنهاءات وما يتعلق بها منطلبات.",1.0,1.0,0.0,1.0,1.0,"```json
{
  ""correctness"": 4,
  ""faithfulness"": 3,
  ""arabic_quality"": 4,
  ""hallucination"": 0,
  ""reason"": ""الإجابة دقيقة فيما يتعلق بالحالات المستثناة من تطبيق نظام التكاليف القضائية، ولكنها تفتقد بعض الحالات المستثناة كما ذكر في النص القانوني المرجعي الذهبي.""
}
```

**تفصيل الأسباب:**

- **correctness (دقة):** 4/5 - الإجابة دقيقة فيما يتعلق بالحالات المستثناة من تطبيق نظام التكاليف القضائية، ولكنها تفتقد بعض الحالات المستثناة كما ذكر في النص القانوني المرجعي الذهبي.
  
- **faithfulness (الولاء):** 3/5 - الإجابة تغطي معظم الحالات المستثناة، ولكنها تفتقد بعض الحالات المستثناة كما ذكر في",16.596560343999954,1384,False,True,4.0,3.0,4.0,0,الإجابة دقيقة فيما يتعلق بالحالات المستثناة من تطبيق نظام التكاليف القضائية، ولكنها تفتقد بعض الحالات المستثناة كما ذكر في النص القانوني المرجعي الذهبي.
Q003,ALLaM-7B-Instruct-preview,"{
  ""answer_ar"": ""الدعاوى الجزائية الخاصة، الدعاوى التي تُنظر لدى المحاكم العمالية والدوائر العمالية، الدعاوى التي تُنظر لدى المحاكم العامة، منازعات التنفيذ، الدعاوى التي تُنظر لدى المحاكم التجارية والدوائر التجارية، الدعاوى التي تنتهي بالصلح قبل رفع الجلسة الأولى، الدعاوى المتعلقة بالحقوق الخاصة التي ترفع بالتبعية للقضايا الجزائية إذا انتهت بالصلح على أي حال كانت فيها الدعوى، الدعاوى التي تقام سواءً كانت منهم أو عليهم في قضايا مالية غير جنائية، العمال المشمولون بنظام العمل والمستثنون منه والمستحقون عنهم؛ للمطالبة بمستحقاتهم الناشئة عن عقود عمل، الوزارات والأجهزة الحكومية."",
  ""citations"": [
    {""law"": ""نظام التكاليف القضائية"", ""article"": ""المادة السابعةعشرة""},
    {""law"": ""نظام التكاليف القضائية"", ""article"": ""المادة الثالثة""}
  ],
  ""insufficient_context"": false
}",15.644943649999732,744,False,True,الدعاوى الجزائية الخاصة، الدعاوى التي تُنظر لدى المحاكم العمالية والدوائر العمالية، الدعاوى التي تُنظر لدى المحاكم العامة، منازعات التنفيذ، الدعاوى التي تُنظر لدى المحاكم التجارية والدوائر التجارية، الدعاوى التي تنتهي بالصلح قبل رفع الجلسة الأولى، الدعاوى المتعلقة بالحقوق الخاصة التي ترفع بالتبعية للقضايا الجزائية إذا انتهت بالصلح على أي حال كانت فيها الدعوى، الدعاوى التي تقام سواءً كانت منهم أو عليهم في قضايا مالية غير جنائية، العمال المشمولون بنظام العمل والمستثنون منه والمستحقون عنهم؛ للمطالبة بمستحقاتهم الناشئة عن عقود عمل، الوزارات والأجهزة الحكومية.,"[{'law': 'نظام التكاليف القضائية', 'article': 'المادة السابعةعشرة'}, {'law': 'نظام التكاليف القضائية', 'article': 'المادة الثالثة'}]",False,informal,وش القضايا اللي ما عليها تكاليف قضائية؟,نظام التكاليف القضائية,المادة الثانية,نظامالتكاليفالقضايية||المادةالثانية,"المادة الثانية
تسري أحكام النظام على جميع الدعاوى والطلبات التي تقدم إلى المحاكم» فيما عدا مايأتي:
١.الدعاوى الجزائية العامة»والدعاوى التأديبية»والطلبات المتعلقبها.
؟.الدعاوى والطلبات التي تختص بها محاكم الأحوال الشخصية» عدا طلب النقض وطلب التماس إعادةالنظر.
.الدعاوى والطلبات التي يختص بها ديوانالمظالم.
.الدعاوى والطلبات المتعلقة بدعاوى قسمة التركات؛ عدا طلب النقض وطلب التماس إعادةالنظر.
"".الإنهاءات وما يتعلق بها منطلبات.","[('اللائحة التنفيذية لنظام التكاليف القضائية', 'المادة الثالثة'), ('نظام التكاليف القضائية', 'المادة السابعةعشرة'), ('نظام التكاليف القضائية', 'المادة السادسةعشرة')]","['اللايحةالتنفيذيةلنظامالتكاليفالقضايية||المادةالثالثة', 'نظامالتكاليفالقضايية||المادةالسابعةعشرة', 'نظامالتكاليفالقضايية||المادةالسادسةعشرة']",False,"User Query:
وش القضايا اللي ما عليها تكاليف قضائية؟

[Retrieved Article 1]
Law: اللائحة التنفيذية لنظام التكاليف القضائية
Article: المادة الثالثة
Text: المادة الثالثة
تقدّر التكاليف القضاتية في الدعاوى غير محددة القيمة على النحوالآتي:
-١ الدعاوى الجزائية الخاصة؛ عشرة آلافريال.
؟- الدعاوى التي تُنظر لدى المحاكم التجارية والدوائر التجارية؛ خمسة آلافرياإل.
-'٠"" الدعاوى المستعجلة أيّا كانت المحكمة أو الدائرة التي تنظرها؛ ثلاثة آلافربال.
5- الدعاوى التي تُنظر لدى المحاكم العامة؛ ثلاثة آلافريال.
5- منازعات التنفيذ؛ ثلاثة آلافربال.
""- الدعاوى التي تُنظر لدى المحاكم العمالية والدوائر العمالية؛ ألفاربال.

[Retrieved Article 2]
Law: نظام التكاليف القضائية
Article: المادة السابعةعشرة
Text: المادة السابعةعشرة
مع مراعاة ما تقضي به الأنظمة والمعاهدات والاتفاقيات الدولية التي تكون المملكة طرفاًء لا تفرض التكاليف القضائية على الفئاتالآتية:
١.المسجونون والموقوفون وقت استحقاق التكاليف القضائية في قضايا مالية غير جنائية» في الدعاوى التي تقام سواءً كانت منهم أوعليهم.
"".العمال المشمولون بنظام العمل والمستثنون منه والمستحقون عنهم؛ للمطالبة بمستحقاتهم الناشئة عن عقودعمل.
“.الوزارات والأجهزةالحكومية.
وتحدد اللائحة الإجراءات والقواعد الخاصةبذلك.

[Retrieved Article 3]
Law: نظام التكاليف القضائية
Article: المادة السادسةعشرة
Text: المادة السادسةعشرة
ترد التكاليف القضائية المدفوعة متى تبين عدم وجوبها على دافعها أو استفادته من حالة من حالات الإعفاء ومن ذلكمايأتي:
١.إذا حكم لمصلحة دافع التكاليفالقضائية.
؟.طلب رد القاضي أو القضاة إذا قبل طلبالرد.
”.طلب تصحيح الحكم أو تفسيره إذا قضي بإجابةالطلب.
4.طلب الاستئناف إذا حكم بنقض الحكم المستأنف كلياً» وإذا نقض الحكم جزئياً فيعفى بقدر ذلك الجزءء وطلب النقض إذا قضي فيه بإعادة القضية إلى المحكمة مصدرةالحكم
المعترضعليه.
5.إذا ترك المدعي عليه دعواه قبل عقد الجلسة الأولى؛ وفقاً للإجراءاتالنظامية.
"".الدعاوى التي تنتهي بالصلح قبل رفع الجلسةالأولى.
.الدعاوى المتعلقة بالحقوق الخاصة التي ترفع بالتبعية للقضايا الجزائية إذا انتهت بالصلح على أي حال كانت فيهاالدعوى.
وتحدد اللائحة الإجراءات والقواعد الخاصةبذلك.",1.0,0.5,0.5,0.0,2.0,"```json
{
  ""correctness"": 2,
  ""faithfulness"": 1,
  ""arabic_quality"": 3,
  ""hallucination"": 1,
  ""reason"": ""الإجابة تحتوي على بعض المعلومات الصحيحة من السياق المسترجع، لكنها تشمل أيضاً معلومات غير متعلقة بالتكاليف القضائية، مما يجعلها غير كاملة ومتضاربة.""
}
```

**تفصيل السبب:**
- **correctness (صحة):** 2/5 - الإجابة تحتوي على بعض المعلومات الصحيحة من السياق المسترجع، مثل الدعاوى الجزائية الخاصة، الدعاوى العمالية، الدعاوى العامة، منازعات التنفيذ، الدعاوى التجارية، الدعاوى التي تنتهي بالصلح قبل الجلسة، الدعاوى المتعلقة بالحقوق الخاصة، العمال المشمولون بنظام العمل، الوزارات والأجهزة الحكومية. لكنها تشمل أيضاً معلومات غير متعلقة بالتك",17.020683413999905,1392,False,True,2.0,1.0,3.0,1,الإجابة تحتوي على بعض المعلومات الصحيحة من السياق المسترجع، لكنها تشمل أيضاً معلومات غير متعلقة بالتكاليف القضائية، مما يجعلها غير كاملة ومتضاربة.
Q004,ALLaM-7B-Instruct-preview,"{
  ""answer_ar"": ""الحد الأعلى للتكاليف القضائية المفروضة على الدعوى هو مليون ريال سعودي، وفقاً للمادة الثالثة من نظام التكاليف القضائية."",
  ""citations"": [
    {""law"": ""نظام التكاليف القضائية"", ""article"": ""المادة الثالثة""}
  ],
  ""insufficient_context"": false
}",10.653370142000313,694,False,True,الحد الأعلى للتكاليف القضائية المفروضة على الدعوى هو مليون ريال سعودي، وفقاً للمادة الثالثة من نظام التكاليف القضائية.,"[{'law': 'نظام التكاليف القضائية', 'article': 'المادة الثالثة'}]",False,formal_direct,ما الحد الأعلى للتكاليف القضائية المفروضة على الدعوى؟,نظام التكاليف القضائية,المادة الثالثة,نظامالتكاليفالقضايية||المادةالثالثة,"المادة الثالثة
تفرض تكاليف قضائية على الدعوى بمبلغ لا يزيد على ما نسبته (590) من قيمة المطالبة» وبحد أعلى مبلغ مليون ريال. وتحدد اللائحة معايير تقدير التكاليف القضائيةوالضوابط
والقواعد المنظمةلذلك.","[('نظام التكاليف القضائية', 'المادة الثالثة'), ('نظام التكاليف القضائية', 'المادة الخامسة'), ('اللائحة التنفيذية لنظام التكاليف القضائية', 'المادة الثانية')]","['نظامالتكاليفالقضايية||المادةالثالثة', 'نظامالتكاليفالقضايية||المادةالخامسة', 'اللايحةالتنفيذيةلنظامالتكاليفالقضايية||المادةالثانية']",True,"User Query:
ما الحد الأعلى للتكاليف القضائية المفروضة على الدعوى؟

[Retrieved Article 1]
Law: نظام التكاليف القضائية
Article: المادة الثالثة
Text: المادة الثالثة
تفرض تكاليف قضائية على الدعوى بمبلغ لا يزيد على ما نسبته (590) من قيمة المطالبة» وبحد أعلى مبلغ مليون ريال. وتحدد اللائحة معايير تقدير التكاليف القضائيةوالضوابط
والقواعد المنظمةلذلك.

[Retrieved Article 2]
Law: نظام التكاليف القضائية
Article: المادة الخامسة
Text: المادة الخامسة
تُفرض على دعوى بطلان حكم التحكيم تكاليف قضائية بما نسبته )١190( من قيمة المبلغ المحكوم به على مدعي البطلان؛ إذا حكم برفض طلبه؛ وبحد أعلى مليونربال.

[Retrieved Article 3]
Law: اللائحة التنفيذية لنظام التكاليف القضائية
Article: المادة الثانية
Text: المادة الثانية
-١ مع مراعاة ما تقضي به المادة (الثالثة) من النظامء تُقدّر التكاليف القضائية للدعوى المحددة القيمة؛ على أساس نسبة من قيمة المطالبة فيهاء وذلك على النحوالآتي:
3 نسبة (9/05) إذا كانت قيمة المطالبة أقل من مائة ألفربال.
ب- نسبة (905) إذا كانت قيمة المطالبة مائة ألف ربإل فأكثرء وتقل عن خمسمائة ألفربال.
ج- نسبة (907) إذا كانت قيمة المطالبة خمسمائة ألف ريال فأكثرء وتقل عن مليونربال.
د- نسبة (907) إذا كانت قيمة المطالبة مليون ربإلفأعلى.
؟- تُحدد قيمة المطالبة على النحوالآتي:
أ- فيما يتعلق بالدعاوى المالية» تحدد على أساس المبلغ الذي يطلب المدعي الحكمبه.
اب- في الدعاوى المتعلقة بإثنبات صحة عقد أو فسخه أو إبطاله أو الإلزام بتنفيذه» تُحدد على أساس قيمة الشسيء المتنازع عليه وفقاً لقيمته المحددة فيالعقد.
ج- في الدعاوى المتعلقة بمنازعات ملكية عقار؛ تُحدد على أساس قيمة العقار عند رفع الدعوىء وتُحدد قيمة العقار بناء على البيانات التاريخية - الموثقة لدى وزارة العدل -لقيمة
مبايعات هذا العقار والعقارات المجاورة له» ونحو ذلك من الوسائل الأخرى التي ثُمكن الوزارة من تحليلقيمته.",1.0,1.0,0.0,1.0,1.0,"{
  ""correctness"": 5,
  ""faithfulness"": 5,
  ""arabic_quality"": 5,
  ""hallucination"": 0,
  ""reason"": ""الإجابة دقيقة وموثقة من النص القانوني المرجعي الذهبي، وواضحة ومكتوبة بشكل محترف.""
}",5.975702237000405,1066,False,True,5.0,5.0,5.0,0,الإجابة دقيقة وموثقة من النص القانوني المرجعي الذهبي، وواضحة ومكتوبة بشكل محترف.
Q005,ALLaM-7B-Instruct-preview,"{
  ""answer_ar"": ""تُقدّر التكاليف القضائية للدعوى المحددة القيمة بناءً على نسبة من قيمة المطالبة فيها، وذلك على النحو التالي: نسبة (9/05) إذا كانت قيمة المطالبة أقل من مائة ألف ريال، ونسبة (905) إذا كانت قيمة المطالبة مائة ألف ريال فأكثر، وتقل عن خمسمائة ألف ريال، ونسبة (907) إذا كانت قيمة المطالبة خمسمائة ألف ريال فأكثر، وتقل عن مليون ريال، ونسبة (907) إذا كانت قيمة المطالبة مليون ريال فأكثر. تُحدد قيمة المطالبة على النحو التالي: في الدعاوى المالية، تُحدد على أساس المبلغ الذي يطلب المدعي الحكم به، وفي الدعاوى المتعلقة بإثبات صحة عقد أو فسخه أو إبطاله أو الإلزام بتنفيذه، تُحدد على أساس قيمة الشيء المتنازع عليه وفقاً لقيمته المحددة في العقد، وفي الدعاوى المتعلقة بمنازعات ملكية عقار، تُحدد على أساس قيمة العقار عند رفع الدعوى، وتُحدد قيمة العقار بناءً على البيانات التاريخية الموثقة لدى وزارة العدل لقيمة مبايعات هذا العقار والعقارات المجاورة له."",
  ""citations"": [
    {""law"": ""نظام التكاليف القضائية"", ""article"": ""المادة الثانية""}
  ],
  ""insufficient_context"": false
}",22.305828438999924,702,False,True,تُقدّر التكاليف القضائية للدعوى المحددة القيمة بناءً على نسبة من قيمة المطالبة فيها، وذلك على النحو التالي: نسبة (9/05) إذا كانت قيمة المطالبة أقل من مائة ألف ريال، ونسبة (905) إذا كانت قيمة المطالبة مائة ألف ريال فأكثر، وتقل عن خمسمائة ألف ريال، ونسبة (907) إذا كانت قيمة المطالبة خمسمائة ألف ريال فأكثر، وتقل عن مليون ريال، ونسبة (907) إذا كانت قيمة المطالبة مليون ريال فأكثر. تُحدد قيمة المطالبة على النحو التالي: في الدعاوى المالية، تُحدد على أساس المبلغ الذي يطلب المدعي الحكم به، وفي الدعاوى المتعلقة بإثبات صحة عقد أو فسخه أو إبطاله أو الإلزام بتنفيذه، تُحدد على أساس قيمة الشيء المتنازع عليه وفقاً لقيمته المحددة في العقد، وفي الدعاوى المتعلقة بمنازعات ملكية عقار، تُحدد على أساس قيمة العقار عند رفع الدعوى، وتُحدد قيمة العقار بناءً على البيانات التاريخية الموثقة لدى وزارة العدل لقيمة مبايعات هذا العقار والعقارات المجاورة له.,"[{'law': 'نظام التكاليف القضائية', 'article': 'المادة الثانية'}]",False,formal_paraphrase,كيف يتم تحديد قيمة التكاليف القضائية بالنسبة إلى قيمة المطالبة؟,نظام التكاليف القضائية,المادة الثالثة,نظامالتكاليفالقضايية||المادةالثالثة,"المادة الثالثة
تفرض تكاليف قضائية على الدعوى بمبلغ لا يزيد على ما نسبته (590) من قيمة المطالبة» وبحد أعلى مبلغ مليون ريال. وتحدد اللائحة معايير تقدير التكاليف القضائيةوالضوابط
والقواعد المنظمةلذلك.","[('نظام التكاليف القضائية', 'المادة الثالثة'), ('نظام التكاليف القضائية', 'المادة التاسعة'), ('اللائحة التنفيذية لنظام التكاليف القضائية', 'المادة الثانية')]","['نظامالتكاليفالقضايية||المادةالثالثة', 'نظامالتكاليفالقضايية||المادةالتاسعة', 'اللايحةالتنفيذيةلنظامالتكاليفالقضايية||المادةالثانية']",True,"User Query:
كيف يتم تحديد قيمة التكاليف القضائية بالنسبة إلى قيمة المطالبة؟

[Retrieved Article 1]
Law: نظام التكاليف القضائية
Article: المادة الثالثة
Text: المادة الثالثة
تفرض تكاليف قضائية على الدعوى بمبلغ لا يزيد على ما نسبته (590) من قيمة المطالبة» وبحد أعلى مبلغ مليون ريال. وتحدد اللائحة معايير تقدير التكاليف القضائيةوالضوابط
والقواعد المنظمةلذلك.

[Retrieved Article 2]
Law: نظام التكاليف القضائية
Article: المادة التاسعة
Text: المادة التاسعة
إذا ترتب على الطلب تغير في تقدير قيمة الدعوى سواء بالزيادة أو النقص» فتُحسب التكاليف القضائية للدعوى بناء على تقدير القيمة الجديدة لهاء وذلك مع عدم الإخلالبالتكاليف
القضائية المحددة للطلبذاته.

[Retrieved Article 3]
Law: اللائحة التنفيذية لنظام التكاليف القضائية
Article: المادة الثانية
Text: المادة الثانية
-١ مع مراعاة ما تقضي به المادة (الثالثة) من النظامء تُقدّر التكاليف القضائية للدعوى المحددة القيمة؛ على أساس نسبة من قيمة المطالبة فيهاء وذلك على النحوالآتي:
3 نسبة (9/05) إذا كانت قيمة المطالبة أقل من مائة ألفربال.
ب- نسبة (905) إذا كانت قيمة المطالبة مائة ألف ربإل فأكثرء وتقل عن خمسمائة ألفربال.
ج- نسبة (907) إذا كانت قيمة المطالبة خمسمائة ألف ريال فأكثرء وتقل عن مليونربال.
د- نسبة (907) إذا كانت قيمة المطالبة مليون ربإلفأعلى.
؟- تُحدد قيمة المطالبة على النحوالآتي:
أ- فيما يتعلق بالدعاوى المالية» تحدد على أساس المبلغ الذي يطلب المدعي الحكمبه.
اب- في الدعاوى المتعلقة بإثنبات صحة عقد أو فسخه أو إبطاله أو الإلزام بتنفيذه» تُحدد على أساس قيمة الشسيء المتنازع عليه وفقاً لقيمته المحددة فيالعقد.
ج- في الدعاوى المتعلقة بمنازعات ملكية عقار؛ تُحدد على أساس قيمة العقار عند رفع الدعوىء وتُحدد قيمة العقار بناء على البيانات التاريخية - الموثقة لدى وزارة العدل -لقيمة
مبايعات هذا العقار والعقارات المجاورة له» ونحو ذلك من الوسائل الأخرى التي ثُمكن الوزارة من تحليلقيمته.",1.0,0.0,1.0,0.0,1.0,"```json
{
  ""correctness"": 4,
  ""faithfulness"": 3,
  ""arabic_quality"": 4,
  ""hallucination"": 0,
  ""reason"": ""الإجابة دقيقة وموثقة من النص القانوني المرجعي الذهبي، لكنها لم تذكر الحد الأقصى المليون ريال كما هو موجود في المادة الثالثة.""
}
```",8.048937102999844,1333,False,True,4.0,3.0,4.0,0,الإجابة دقيقة وموثقة من النص القانوني المرجعي الذهبي، لكنها لم تذكر الحد الأقصى المليون ريال كما هو موجود في المادة الثالثة.
Q006,ALLaM-7B-Instruct-preview,"{
  ""answer_ar"": ""يبلغ الحد الأعلى لمبلغ التكاليف القضائية على الدعوى مليون ريال سعودي، وفقاً للمادة الثالثة من نظام التكاليف القضائية."",
  ""citations"": [
    {""law"": ""نظام التكاليف القضائية"", ""article"": ""المادة الثالثة""}
  ],
  ""insufficient_context"": false
}",6.724398675999964,546,False,True,يبلغ الحد الأعلى لمبلغ التكاليف القضائية على الدعوى مليون ريال سعودي، وفقاً للمادة الثالثة من نظام التكاليف القضائية.,"[{'law': 'نظام التكاليف القضائية', 'article': 'المادة الثالثة'}]",False,informal,كم أعلى مبلغ ممكن أدفعه تكاليف قضائية على الدعوى؟,نظام التكاليف القضائية,المادة الثالثة,نظامالتكاليفالقضايية||المادةالثالثة,"المادة الثالثة
تفرض تكاليف قضائية على الدعوى بمبلغ لا يزيد على ما نسبته (590) من قيمة المطالبة» وبحد أعلى مبلغ مليون ريال. وتحدد اللائحة معايير تقدير التكاليف القضائيةوالضوابط
والقواعد المنظمةلذلك.","[('نظام التكاليف القضائية', 'المادة الثالثة'), ('نظام التكاليف القضائية', 'المادة الخامسة'), ('نظام التكاليف القضائية', 'المادة الثامنة')]","['نظامالتكاليفالقضايية||المادةالثالثة', 'نظامالتكاليفالقضايية||المادةالخامسة', 'نظامالتكاليفالقضايية||المادةالثامنة']",True,"User Query:
كم أعلى مبلغ ممكن أدفعه تكاليف قضائية على الدعوى؟

[Retrieved Article 1]
Law: نظام التكاليف القضائية
Article: المادة الثالثة
Text: المادة الثالثة
تفرض تكاليف قضائية على الدعوى بمبلغ لا يزيد على ما نسبته (590) من قيمة المطالبة» وبحد أعلى مبلغ مليون ريال. وتحدد اللائحة معايير تقدير التكاليف القضائيةوالضوابط
والقواعد المنظمةلذلك.

[Retrieved Article 2]
Law: نظام التكاليف القضائية
Article: المادة الخامسة
Text: المادة الخامسة
تُفرض على دعوى بطلان حكم التحكيم تكاليف قضائية بما نسبته )١190( من قيمة المبلغ المحكوم به على مدعي البطلان؛ إذا حكم برفض طلبه؛ وبحد أعلى مليونربال.

[Retrieved Article 3]
Law: نظام التكاليف القضائية
Article: المادة الثامنة
Text: المادة الثامنة
١.تُقرض على الطلبات الآتية تكاليف قضائية بمبلغ لا يزيد على ألف ريال وفقاً للمعايير والضوابط وقواعد التقدير التي تحددهااللائحة:
أ- طلب ذي المصلحة تسليمه نسخة مصدقة من أوراق الدعوى أو سجلاتها -الورقية أو الإلكترونية- أو الوثائق أو الأوراق التي تحت يدالمحكمة.
ب- طلب ذي المصلحة الاطلاع على أوراق الدعوى أو سجلاتها (الورقية أوالإلكترونية).
ج- طلب نسخة بديلة للوثائقالقضائية.
؟. لا تسري أحكام الفقرة )١( من هذه المادة على الطلبات التي تقدم أثناء نظر الدعوى من أطرافها أو المدخلينفيها.",1.0,1.0,0.0,1.0,1.0,"{
  ""correctness"": 5,
  ""faithfulness"": 5,
  ""arabic_quality"": 5,
  ""hallucination"": 0,
  ""reason"": ""الإجابة دقيقة وموثقة من النص القانوني المرجعي الذهبي، وتم تقديم السياق الصحيح دون إضافة معلومات غير موجودة.""
}",6.062138659000084,901,False,True,5.0,5.0,5.0,0,الإجابة دقيقة وموثقة من النص القانوني المرجعي الذهبي، وتم تقديم السياق الصحيح دون إضافة معلومات غير موجودة.
Q007,ALLaM-7B-Instruct-preview,"{
  ""answer_ar"": ""تفرض تكاليف قضائية إضافية عند إعادة نظر الدعوى إذا قررت المحكمة شطب الدعوى أو حكمت باعتبارها كأن لم تكن أو بعدم قبولها لعدم تحريرها، بما يعادل نسبة 20% من تكاليف نظر الدعوى في المرة الأولى، ويتحمل المدعي التكاليف الإضافية حتى لو حكم لصالحه في موضوع الدعوى."",
  ""citations"": [
    {""law"": ""نظام التكاليف القضائية"", ""article"": ""المادة الرابعة""}
  ],
  ""insufficient_context"": false
}",8.788156642000104,565,False,True,تفرض تكاليف قضائية إضافية عند إعادة نظر الدعوى إذا قررت المحكمة شطب الدعوى أو حكمت باعتبارها كأن لم تكن أو بعدم قبولها لعدم تحريرها، بما يعادل نسبة 20% من تكاليف نظر الدعوى في المرة الأولى، ويتحمل المدعي التكاليف الإضافية حتى لو حكم لصالحه في موضوع الدعوى.,"[{'law': 'نظام التكاليف القضائية', 'article': 'المادة الرابعة'}]",False,formal_direct,متى تفرض تكاليف قضائية إضافية عند إعادة نظر الدعوى؟,نظام التكاليف القضائية,المادة الرابعة,نظامالتكاليفالقضايية||المادةالرابعة,"المادة الرابعة
إذا قررت المحكمة شطب الدعوىء أو حكمت باعتبارها كأن لم تكن» أو بعدم قبولها لعدم تحريرها؛ فتفرض تكاليف قضائية إضافية في حال نظرها مجدداً بما يعادل نسبة(/59؟)
من تكاليف نظر الدعوى في المرة الأولى» ويتحمل المدعي التكاليف الإضافية لنظرها ولو حكم لصالحه في موضوعالدعوى.","[('نظام التكاليف القضائية', 'المادة الرابعة'), ('نظام التكاليف القضائية', 'المادة العاشرة'), ('نظام التكاليف القضائية', 'المادة الثانيةعشرة')]","['نظامالتكاليفالقضايية||المادةالرابعة', 'نظامالتكاليفالقضايية||المادةالعاشرة', 'نظامالتكاليفالقضايية||المادةالثانيةعشرة']",True,"User Query:
متى تفرض تكاليف قضائية إضافية عند إعادة نظر الدعوى؟

[Retrieved Article 1]
Law: نظام التكاليف القضائية
Article: المادة الرابعة
Text: المادة الرابعة
إذا قررت المحكمة شطب الدعوىء أو حكمت باعتبارها كأن لم تكن» أو بعدم قبولها لعدم تحريرها؛ فتفرض تكاليف قضائية إضافية في حال نظرها مجدداً بما يعادل نسبة(/59؟)
من تكاليف نظر الدعوى في المرة الأولى» ويتحمل المدعي التكاليف الإضافية لنظرها ولو حكم لصالحه في موضوعالدعوى.

[Retrieved Article 2]
Law: نظام التكاليف القضائية
Article: المادة العاشرة
Text: المادة العاشرة
لاتفرض تكاليف جديدة على الدعوى في أي من الحالتينالآتيتين:
١.إذا حكم بعدم الاختصاص وأقيمت الدعوى أمام المحكمةالمختصة.
؟.إذا قضت المحكمة المختصة بنقض الحكم وإعادة الدعوى إلى المحكمة التي أصدرت الحكم المعترض عليه أو إلى محكمةأخرى.

[Retrieved Article 3]
Law: نظام التكاليف القضائية
Article: المادة الثانيةعشرة
Text: المادة الثانيةعشرة
١.فيما عدا طلب النقض وطلب التماس إعادة النظرء لايحول عدم دفع التكاليف القضائية دون قيد المحكمة للدعوى أو قيد الطلب والبت فيهماء ويكون تحصيلها وفقاً للإجراءاتالتي
تحددهااللائحة.
؟.يُمهل طالب النقض وطالب التماس إعادة النظر مدة (ثلاثين) يوماً من تاريخ قيد الطلب لدى المحكمة المختصة لسداد التكاليف القضائية المحددة للطلب؛ فإن لم يقم بالسداد خلالهذه
المدة» تحكم المحكمة بسقوط حقه في الطلبء ويُعد الحكمنهائياً.",1.0,1.0,0.0,1.0,1.0,"{
  ""correctness"": 4,
  ""faithfulness"": 3,
  ""arabic_quality"": 4,
  ""hallucination"": 0,
  ""reason"": ""الإجابة دقيقة فيما يتعلق بحالات فرض التكاليف الإضافية عند إعادة النظر، ولكنها تحتوي على نسبة غير دقيقة (20%) والتي ليست موجودة في النص القانوني.""
}",7.744648560999849,1056,False,True,4.0,3.0,4.0,0,الإجابة دقيقة فيما يتعلق بحالات فرض التكاليف الإضافية عند إعادة النظر، ولكنها تحتوي على نسبة غير دقيقة (20%) والتي ليست موجودة في النص القانوني.
Q008,ALLaM-7B-Instruct-preview,"{
  ""answer_ar"": ""إذا شُطبت الدعوى ثم نُظرت مجددًا، تُفرض تكاليف قضائية إضافية تعادل نسبة 59% من تكاليف نظر الدعوى في المرة الأولى، ويتحمل المدعي هذه التكاليف الإضافية حتى لو حكم لصالحه في موضوع الدعوى."",
  ""citations"": [
    {""law"": ""نظام التكاليف القضائية"", ""article"": ""المادة الرابعة""},
    {""law"": ""نظام التكاليف القضائية"", ""article"": ""المادة الثانية عشرة""},
    {""law"": ""نظام التكاليف القضائية"", ""article"": ""المادة التاسعة""}
  ],
  ""insufficient_context"": false
}",10.98802204499998,563,False,True,إذا شُطبت الدعوى ثم نُظرت مجددًا، تُفرض تكاليف قضائية إضافية تعادل نسبة 59% من تكاليف نظر الدعوى في المرة الأولى، ويتحمل المدعي هذه التكاليف الإضافية حتى لو حكم لصالحه في موضوع الدعوى.,"[{'law': 'نظام التكاليف القضائية', 'article': 'المادة الرابعة'}, {'law': 'نظام التكاليف القضائية', 'article': 'المادة الثانية عشرة'}, {'law': 'نظام التكاليف القضائية', 'article': 'المادة التاسعة'}]",False,formal_paraphrase,ما أثر شطب الدعوى ثم نظرها مجددًا على التكاليف القضائية؟,نظام التكاليف القضائية,المادة الرابعة,نظامالتكاليفالقضايية||المادةالرابعة,"المادة الرابعة
إذا قررت المحكمة شطب الدعوىء أو حكمت باعتبارها كأن لم تكن» أو بعدم قبولها لعدم تحريرها؛ فتفرض تكاليف قضائية إضافية في حال نظرها مجدداً بما يعادل نسبة(/59؟)
من تكاليف نظر الدعوى في المرة الأولى» ويتحمل المدعي التكاليف الإضافية لنظرها ولو حكم لصالحه في موضوعالدعوى.","[('نظام التكاليف القضائية', 'المادة الرابعة'), ('نظام التكاليف القضائية', 'المادة الثانيةعشرة'), ('نظام التكاليف القضائية', 'المادة التاسعة')]","['نظامالتكاليفالقضايية||المادةالرابعة', 'نظامالتكاليفالقضايية||المادةالثانيةعشرة', 'نظامالتكاليفالقضايية||المادةالتاسعة']",True,"User Query:
ما أثر شطب الدعوى ثم نظرها مجددًا على التكاليف القضائية؟

[Retrieved Article 1]
Law: نظام التكاليف القضائية
Article: المادة الرابعة
Text: المادة الرابعة
إذا قررت المحكمة شطب الدعوىء أو حكمت باعتبارها كأن لم تكن» أو بعدم قبولها لعدم تحريرها؛ فتفرض تكاليف قضائية إضافية في حال نظرها مجدداً بما يعادل نسبة(/59؟)
من تكاليف نظر الدعوى في المرة الأولى» ويتحمل المدعي التكاليف الإضافية لنظرها ولو حكم لصالحه في موضوعالدعوى.

[Retrieved Article 2]
Law: نظام التكاليف القضائية
Article: المادة الثانيةعشرة
Text: المادة الثانيةعشرة
١.فيما عدا طلب النقض وطلب التماس إعادة النظرء لايحول عدم دفع التكاليف القضائية دون قيد المحكمة للدعوى أو قيد الطلب والبت فيهماء ويكون تحصيلها وفقاً للإجراءاتالتي
تحددهااللائحة.
؟.يُمهل طالب النقض وطالب التماس إعادة النظر مدة (ثلاثين) يوماً من تاريخ قيد الطلب لدى المحكمة المختصة لسداد التكاليف القضائية المحددة للطلب؛ فإن لم يقم بالسداد خلالهذه
المدة» تحكم المحكمة بسقوط حقه في الطلبء ويُعد الحكمنهائياً.

[Retrieved Article 3]
Law: نظام التكاليف القضائية
Article: المادة التاسعة
Text: المادة التاسعة
إذا ترتب على الطلب تغير في تقدير قيمة الدعوى سواء بالزيادة أو النقص» فتُحسب التكاليف القضائية للدعوى بناء على تقدير القيمة الجديدة لهاء وذلك مع عدم الإخلالبالتكاليف
القضائية المحددة للطلبذاته.",1.0,1.0,0.0,1.0,3.0,"```json
{
  ""correctness"": 4,
  ""faithfulness"": 3,
  ""arabic_quality"": 4,
  ""hallucination"": 0,
  ""reason"": ""الإجابة دقيقة فيما يتعلق بالنص القانوني الذهبي، ولكنها تحتوي على نسبة غير دقيقة (59%) والتي لم يتم ذكرها في النص القانوني المسترجع.""
}
```",6.648193335000542,1013,False,True,4.0,3.0,4.0,0,الإجابة دقيقة فيما يتعلق بالنص القانوني الذهبي، ولكنها تحتوي على نسبة غير دقيقة (59%) والتي لم يتم ذكرها في النص القانوني المسترجع.
Q009,ALLaM-7B-Instruct-preview,"{
  ""answer_ar"": ""إذا انشطبت القضية ورجعت رفعتها، فلا تدفع زيادة. حسب المادة الحادية والسبعون بعد الستمائة من نظام المعاملات المدنية، إذا زاد المشتري في العقار المشفوع شيئاً من ماله أو بنى أو غرس فيه قبل إعلام الشفيع برغبته في الشفعة، فعلى الشفيع إذا أخذ بالشفعة أن يدفع مقدار ما أنفقه المشتري أو ما زاد في قيمة العقار بسبب زيادة المشتري أو بنائه أو غراسه. أما إذا كانت الزيادة أو البناء أو الغراس بعد الإعلام، فللشفيع أن يطلب الإزالة على نفقة المشتري مع التعويض إن كان له مقتضى، أو أن يستبقي البناء أو الغراس على أن يدفع للمشتري ما أنفقه أو ما زاد في قيمة العقار بسبب زيادة المشتري أو بنائه أو غراسه."",
  ""citations"": [
    {""law"": ""نظام المعاملات المدنية"", ""article"": ""المادة الحادية والسبعون بعد الستمائة""}
  ],
  ""insufficient_context"": false
}",16.907918928000072,1146,False,True,إذا انشطبت القضية ورجعت رفعتها، فلا تدفع زيادة. حسب المادة الحادية والسبعون بعد الستمائة من نظام المعاملات المدنية، إذا زاد المشتري في العقار المشفوع شيئاً من ماله أو بنى أو غرس فيه قبل إعلام الشفيع برغبته في الشفعة، فعلى الشفيع إذا أخذ بالشفعة أن يدفع مقدار ما أنفقه المشتري أو ما زاد في قيمة العقار بسبب زيادة المشتري أو بنائه أو غراسه. أما إذا كانت الزيادة أو البناء أو الغراس بعد الإعلام، فللشفيع أن يطلب الإزالة على نفقة المشتري مع التعويض إن كان له مقتضى، أو أن يستبقي البناء أو الغراس على أن يدفع للمشتري ما أنفقه أو ما زاد في قيمة العقار بسبب زيادة المشتري أو بنائه أو غراسه.,"[{'law': 'نظام المعاملات المدنية', 'article': 'المادة الحادية والسبعون بعد الستمائة'}]",False,informal,إذا انشطبت القضية ورجعت رفعتها، أدفع زيادة؟,نظام التكاليف القضائية,المادة الرابعة,نظامالتكاليفالقضايية||المادةالرابعة,"المادة الرابعة
إذا قررت المحكمة شطب الدعوىء أو حكمت باعتبارها كأن لم تكن» أو بعدم قبولها لعدم تحريرها؛ فتفرض تكاليف قضائية إضافية في حال نظرها مجدداً بما يعادل نسبة(/59؟)
من تكاليف نظر الدعوى في المرة الأولى» ويتحمل المدعي التكاليف الإضافية لنظرها ولو حكم لصالحه في موضوعالدعوى.","[('نظام المعاملات المدنية', 'المادة الحادية والسبعون بعدالستمائة'), ('نظام التكاليف القضائية', 'المادة التاسعة'), ('نظام المعاملات المدنية', 'المادة الحادية والسبعون بعدالأربعمائة')]","['نظامالمعاملاتالمدنية||المادةالحاديةوالسبعونبعدالستماية', 'نظامالتكاليفالقضايية||المادةالتاسعة', 'نظامالمعاملاتالمدنية||المادةالحاديةوالسبعونبعدالاربعماية']",False,"User Query:
إذا انشطبت القضية ورجعت رفعتها، أدفع زيادة؟

[Retrieved Article 1]
Law: نظام المعاملات المدنية
Article: المادة الحادية والسبعون بعدالستمائة
Text: المادة الحادية والسبعون بعدالستمائة
-١ إذا زاد المشتري في العقار المشفوع شيئاً من ماله أو بنى أو غرس فيه قبل إعلام الشفيع البائع والمشتري برغبته في الشفعة؛ فعلى الشفيع إذاأخذ
بالشفعة أن يدفع -تبعاً لما يختاره المشتري- مقدار ما أنفقه أو ما زاد في قيمة العقار بسبب زيادة المشتري أو بنائه أوغراسه.
-١ إذا كانت الزيادة أو البناء أو الغراس بعد الإعلام؛ فللشفيع إذا أخذ بالشفعة أن يطلب الإزالة على نفقة المشتري مع التعويض إن كان له مقتضء أوأن
يستبقي البناء أو الغراس على أن يدفع للمشتر ي ما أنفقه أو ما زاد في قيمة العقار ب بسبب زيادة ١ لمشتري أو بنائه أوغراسه.
""- إذا نقص العقار المشفوع بغير فعل المشتري أو بفعله قبل الإعلام؛ فللشفيع أخذه بكل الثمن أو تركه. ويحط عن الشفيع من ثمنه قيمة ما نقصبفعل
المشتري بعدالإعلام.
-١ إذا زاد المشتري في العقار المشفوع شيئاً من ماله أو بنى أو غرس فيه قبل إعلام الشفيع البائع والمشتري برغبته في الشفعة؛ فعلى الشفيع إذا أخذ بالشفعة أن يدفع -تبعاً لمايختاره
المشتري- مقدار ما أنفقه أو ما زاد في قيمة العقار بسبب زيادة المشتري أو بنائه أوغراسه.
؟- إذا كانت الزيادة أو البناء أو الغراس بعد الإعلام؛ فللشفيع إذا أخذ بالشفعة أن يطلب الإزالة على نفقة المشتري مع التعويض إن كان له مقتضء أو أن يستبقي البناء أو الغراسعلى
أن يدفع للمشتري ما أنفقه أو ما زاد في قيمة العقار بسبب زيادة المشتري أو بنائه أوغراسه.
إذا نقص العقار المشفوع بغير فعل المشتري أو بفعله قبل الإعلام؛ فللشفيع أخذه بكل الثمن أو تركه» ويحط عن الشفيع من ثمنه قيمة ما نقص بفعل المشتري بعدالإعلام.

[Retrieved Article 2]
Law: نظام التكاليف القضائية
Article: المادة التاسعة
Text: المادة التاسعة
إذا ترتب على الطلب تغير في تقدير قيمة الدعوى سواء بالزيادة أو النقص» فتُحسب التكاليف القضائية للدعوى بناء على تقدير القيمة الجديدة لهاء وذلك مع عدم الإخلالبالتكاليف
القضائية المحددة للطلبذاته.

[Retrieved Article 3]
Law: نظام المعاملات المدنية
Article: المادة الحادية والسبعون بعدالأربعمائة
Text: المادة الحادية والسبعون بعدالأربعمائة
-١ إذا تم عقد المقاولة بموجب تصميم متفق عليه مقابل أجِرٍ إجماليّ فليس للمقاول أن يطالب بأيّ زيادةٍ في الأجر ولو ارتفعت أسعار المواد المستخدمةفي
؟- ليس للمقاول إذا حدث في التصميم تعديل أو إضافة أن يطالب بأي زيادة في الأجر إلا إذا كان ذلك راجعاً إلى خطأ صاحب العمل أو كان بإذنه واتفقمع
المقاول على الزيادة فيالأجر.
""- إذا انهار التوازن العقدي بين التزامات كل من صاحب العمل والمقاول بسبب ظروف استثنائية عامّةٍ لم يكن في الوسع توقعها وقت التعاقد وتداعىبذلك
الأساس الذي قام عليه التقدير المالي لعقد المقاولة» فللمحكمة تبعاً للظروف بعد الموازنة بين مصلحة الطرفين أن تقضي بإعادة التوازن العقديء بما فيذلك
تمديد مدة التنفيذ أو زيادة الأجر أو إنقاصه؛ أو أن تقضي بفسخالعقد.
-١ إذا تم عقد المقاولة بموجب تصميم متفق عليه مقابل أجرٍ إجماليّ فليس للمقاول أن يطالب بأيّ زيادةٍ في الأجر ولو ارتفعت أسعار المواد المستخدمة في العمل أو ارتفعتأجور
العمال أو غيرها منالنفقات.
""- ليس للمقاول إذا حدث في التصميم تعديل أو إضافة أن يطالب بأي زيادة في الأجر إلا إذا كان ذلك راجعاً إلى خطأ صاحب العمل أو كان بإذنه واتفق مع المقاول على الزيادةفي
الأجر.
""- إذا انهار التوازن العقدي بين التزامات كل من صاحب العمل والمقاول بسبب ظروف استثنائيةٍ عامَّةٍ لم يكن في الوسع توقعها وقت التعاقد وتداعى بذلك الأساس الذي قامعليه
التقدير المالي لعقد المقاولة» فللمحكمة تبعاً للظلروف بعد الموازنة بين مصلحة الطرفين أن تقضي بإعادة التوازن العقديء؛ بما في ذلك تمديد مدة التنفيذ أو زيادة الأجر أو إنقاصه؛أو
أن تقضي بفسخالعقد.",1.0,1.0,0.0,0.0,1.0,"```json
{
  ""correctness"": 1,
  ""faithfulness"": 1,
  ""arabic_quality"": 1,
  ""hallucination"": 0,
  ""reason"": ""الإجابة متوافقة مع النص القانوني المرجعي الذهبي والمادة القانونية المرجعية، وهي دقيقة في تفسيرها للسياق المسترجع.""
}
```",9.31717819700043,1941,False,True,1.0,1.0,1.0,0,الإجابة متوافقة مع النص القانوني المرجعي الذهبي والمادة القانونية المرجعية، وهي دقيقة في تفسيرها للسياق المسترجع.
Q010,ALLaM-7B-Instruct-preview,"{
  ""answer_ar"": ""تُفرض على دعوى بطلان حكم التحكيم تكاليف قضائية بنسبة 11.9% من قيمة المبلغ المحكوم به على مدعي البطلان، بحد أعلى مليون ريال."",
  ""citations"": [
    {""law"": ""نظام التكاليف القضائية"", ""article"": ""المادة الخامسة""}
  ],
  ""insufficient_context"": false
}",7.025540353999986,883,False,True,تُفرض على دعوى بطلان حكم التحكيم تكاليف قضائية بنسبة 11.9% من قيمة المبلغ المحكوم به على مدعي البطلان، بحد أعلى مليون ريال.,"[{'law': 'نظام التكاليف القضائية', 'article': 'المادة الخامسة'}]",False,formal_direct,ما التكاليف القضائية المترتبة على دعوى بطلان حكم التحكيم؟,نظام التكاليف القضائية,المادة الخامسة,نظامالتكاليفالقضايية||المادةالخامسة,"المادة الخامسة
تُفرض على دعوى بطلان حكم التحكيم تكاليف قضائية بما نسبته )١190( من قيمة المبلغ المحكوم به على مدعي البطلان؛ إذا حكم برفض طلبه؛ وبحد أعلى مليونربال.","[('نظام التكاليف القضائية', 'المادة الخامسة'), ('نظام التحكيم', 'المادة الحاديةوالخمسون'), ('نظام التحكيم', 'المادة الخمسونمعدلة')]","['نظامالتكاليفالقضايية||المادةالخامسة', 'نظامالتحكيم||المادةالحاديةوالخمسون', 'نظامالتحكيم||المادةالخمسونمعدلة']",True,"User Query:
ما التكاليف القضائية المترتبة على دعوى بطلان حكم التحكيم؟

[Retrieved Article 1]
Law: نظام التكاليف القضائية
Article: المادة الخامسة
Text: المادة الخامسة
تُفرض على دعوى بطلان حكم التحكيم تكاليف قضائية بما نسبته )١190( من قيمة المبلغ المحكوم به على مدعي البطلان؛ إذا حكم برفض طلبه؛ وبحد أعلى مليونربال.

[Retrieved Article 2]
Law: نظام التحكيم
Article: المادة الحاديةوالخمسون
Text: المادة الحاديةوالخمسون
-١ ترفع دعوى بطلان حكم التحكيم من أي من طرفيه خلال الستين يوماً التالية لتاريخ إبلاغ ذلك الطرف بالحكم. ولا يحول تنازل مدعي البطلان عن حقه في رفعها قبل صدورحكم
التحكيم دون قبولالدعوى.
-١ إذا حكمت المحكمة المختصة بتأييد حكم التحكيم وجب عليها أن تأمر بتنفيذه» ويكون حكمها في ذلك غير قابل للطعن بأي طريق من طرق الطعن. أما إذا حكمت ببطلانحكم
التحكيم» فيكون حكمها قابلاآً لالطعن خلال ثلاثين يوماً من اليوم التاليللتبليغ.
هه اع ٠. مرو ه *
الباب السابع حجية أحكام المحكمينوتنفيدها

[Retrieved Article 3]
Law: نظام التحكيم
Article: المادة الخمسونمعدلة
Text: المادة الخمسونمعدلة
-١ لا تقبل دعوى بطلان حكم التحكيم إلا في الأحوالالآتية:
أ- إذا لم يوجد اتفاق تحكيم أو كان هذا الاتفاق باطلاً» أو قابلاً للإبطال» أو سقط بانتهاءمدته.
ب- إذا كان أحد طرفي اتفاق التحكيم وقت إبرامه عديم الأهلية» أو ناقصهاء وفقاً للنظام الذي يحكمأهليته.
ج- إذا تعذر على أحد طرفي التحكيم تقديم دفاعه بسبب عدم إبلاغه إبلاغاً صحيحاً بتعيين محكم أو بإجراءات التحكيم؛ أو لأي سبب آخر خارج عنإرادته.
د- إذا استبعد حكم التحكيم تطبيق أي من القواعد النظامية التي اتفق طرفا التحكيم على تطبيقها على موضوعالنزاع.
ه إذا شكلت هيئة التحكيم أو عين المحكمون على وجه مخالف لهذا النظام» أو لاتفاقالطرفين.
و- إذا فصل حكم التحكيم في مسائل لا يشملها اتفاق التحكيم» ومع ذلك إذا أمكن فصل أجزاء الحكم الخاصة بالمسائل الخاضعة للتحكيم عن أجزائه الخاصة بالمسائل غيرالخاضعة
له فلا يقع البطلان إلا على الأجزاء غير الخاضعة للتحكيموحدها.
ز- إذا لم تراع هيئة التحكيم الشروط الواجب توافرها في الحكم على نحو أَثّر في مضمونه. أو استند الحكم على إجراءات تحكيم باطلة أنّرتفيه.
-١ تقضي المحكمة المختصة التي تنظر دعوى البطلان من تلقاء نفسها ببطلان حكم التحكيم إذا تضمن ما يخالف أحكام الشريعة الإسلامية والنظام العام في المملكة» أو ما اتفقعليه
طرفا التحكيم؛ أو إذا وجدت أن موضوع النزاع من المسائل التي لا يجوز التحكيم فيها بموجب هذا النظام.
-'٠ لا ينقضي اتفاق التحكيم بصدور حكم المحكمة المختصة ببطلان حكم التحكيم؛ ما لم يكن طرفا التحكيم قد اتفقا على ذلك؛ أو صدر حكم نص على إبطال اتفاقالتحكيم.
5- تنظر المحكمة المختصة في دعوى البطلان في الحالات المشار إليها في هذه المادة » دون أن يكون لها فحص وقائع وموضوعالنزاع.",1.0,1.0,0.0,1.0,1.0,"```json
{
  ""correctness"": 4,
  ""faithfulness"": 5,
  ""arabic_quality"": 5,
  ""hallucination"": 0,
  ""reason"": ""الإجابة دقيقة وموثقة من النص القانوني المرجعي الذهبي، وواضحة ومهنية باللغة العربية.""
}
```

**التفسير:**
- **correctness (دقة):** 4/5. الإجابة دقيقة حيث أن النص القانوني المرجعي الذهبي يشير إلى أن التكاليف القضائية تُفرض بنسبة 190% من قيمة المبلغ المحكوم به، وليس 11.9%. الاختلاف هو في الترجمة حيث أن النسبة المئوية في النص القانوني هي 190، وليس 11.9.
- **faithfulness (ولاء):** 5/5. الإجابة متوافقة تماماً مع السياق المسترجع، حيث تم است�شاف المادة الخام",17.22747568700015,1402,False,True,4.0,5.0,5.0,0,الإجابة دقيقة وموثقة من النص القانوني المرجعي الذهبي، وواضحة ومهنية باللغة العربية.
Q011,ALLaM-7B-Instruct-preview,"{
  ""answer_ar"": ""تُحسب تكاليف دعوى بطلان حكم التحكيم بما نسبته 1190% من قيمة المبلغ المحكوم به على مدعي البطلان إذا حكم برفض طلبه، وبحد أعلى مليون ريال."",
  ""citations"": [
    {""law"": ""نظام التكاليف القضائية"", ""article"": ""المادة الخامسة""}
  ],
  ""insufficient_context"": false
}",8.228280151000035,885,False,True,تُحسب تكاليف دعوى بطلان حكم التحكيم بما نسبته 1190% من قيمة المبلغ المحكوم به على مدعي البطلان إذا حكم برفض طلبه، وبحد أعلى مليون ريال.,"[{'law': 'نظام التكاليف القضائية', 'article': 'المادة الخامسة'}]",False,formal_paraphrase,كيف تحسب تكاليف دعوى بطلان حكم التحكيم إذا رفض الطلب؟,نظام التكاليف القضائية,المادة الخامسة,نظامالتكاليفالقضايية||المادةالخامسة,"المادة الخامسة
تُفرض على دعوى بطلان حكم التحكيم تكاليف قضائية بما نسبته )١190( من قيمة المبلغ المحكوم به على مدعي البطلان؛ إذا حكم برفض طلبه؛ وبحد أعلى مليونربال.","[('نظام التكاليف القضائية', 'المادة الخامسة'), ('نظام التحكيم', 'المادة الحاديةوالخمسون'), ('نظام التحكيم', 'المادة الخمسونمعدلة')]","['نظامالتكاليفالقضايية||المادةالخامسة', 'نظامالتحكيم||المادةالحاديةوالخمسون', 'نظامالتحكيم||المادةالخمسونمعدلة']",True,"User Query:
كيف تحسب تكاليف دعوى بطلان حكم التحكيم إذا رفض الطلب؟

[Retrieved Article 1]
Law: نظام التكاليف القضائية
Article: المادة الخامسة
Text: المادة الخامسة
تُفرض على دعوى بطلان حكم التحكيم تكاليف قضائية بما نسبته )١190( من قيمة المبلغ المحكوم به على مدعي البطلان؛ إذا حكم برفض طلبه؛ وبحد أعلى مليونربال.

[Retrieved Article 2]
Law: نظام التحكيم
Article: المادة الحاديةوالخمسون
Text: المادة الحاديةوالخمسون
-١ ترفع دعوى بطلان حكم التحكيم من أي من طرفيه خلال الستين يوماً التالية لتاريخ إبلاغ ذلك الطرف بالحكم. ولا يحول تنازل مدعي البطلان عن حقه في رفعها قبل صدورحكم
التحكيم دون قبولالدعوى.
-١ إذا حكمت المحكمة المختصة بتأييد حكم التحكيم وجب عليها أن تأمر بتنفيذه» ويكون حكمها في ذلك غير قابل للطعن بأي طريق من طرق الطعن. أما إذا حكمت ببطلانحكم
التحكيم» فيكون حكمها قابلاآً لالطعن خلال ثلاثين يوماً من اليوم التاليللتبليغ.
هه اع ٠. مرو ه *
الباب السابع حجية أحكام المحكمينوتنفيدها

[Retrieved Article 3]
Law: نظام التحكيم
Article: المادة الخمسونمعدلة
Text: المادة الخمسونمعدلة
-١ لا تقبل دعوى بطلان حكم التحكيم إلا في الأحوالالآتية:
أ- إذا لم يوجد اتفاق تحكيم أو كان هذا الاتفاق باطلاً» أو قابلاً للإبطال» أو سقط بانتهاءمدته.
ب- إذا كان أحد طرفي اتفاق التحكيم وقت إبرامه عديم الأهلية» أو ناقصهاء وفقاً للنظام الذي يحكمأهليته.
ج- إذا تعذر على أحد طرفي التحكيم تقديم دفاعه بسبب عدم إبلاغه إبلاغاً صحيحاً بتعيين محكم أو بإجراءات التحكيم؛ أو لأي سبب آخر خارج عنإرادته.
د- إذا استبعد حكم التحكيم تطبيق أي من القواعد النظامية التي اتفق طرفا التحكيم على تطبيقها على موضوعالنزاع.
ه إذا شكلت هيئة التحكيم أو عين المحكمون على وجه مخالف لهذا النظام» أو لاتفاقالطرفين.
و- إذا فصل حكم التحكيم في مسائل لا يشملها اتفاق التحكيم» ومع ذلك إذا أمكن فصل أجزاء الحكم الخاصة بالمسائل الخاضعة للتحكيم عن أجزائه الخاصة بالمسائل غيرالخاضعة
له فلا يقع البطلان إلا على الأجزاء غير الخاضعة للتحكيموحدها.
ز- إذا لم تراع هيئة التحكيم الشروط الواجب توافرها في الحكم على نحو أَثّر في مضمونه. أو استند الحكم على إجراءات تحكيم باطلة أنّرتفيه.
-١ تقضي المحكمة المختصة التي تنظر دعوى البطلان من تلقاء نفسها ببطلان حكم التحكيم إذا تضمن ما يخالف أحكام الشريعة الإسلامية والنظام العام في المملكة» أو ما اتفقعليه
طرفا التحكيم؛ أو إذا وجدت أن موضوع النزاع من المسائل التي لا يجوز التحكيم فيها بموجب هذا النظام.
-'٠ لا ينقضي اتفاق التحكيم بصدور حكم المحكمة المختصة ببطلان حكم التحكيم؛ ما لم يكن طرفا التحكيم قد اتفقا على ذلك؛ أو صدر حكم نص على إبطال اتفاقالتحكيم.
5- تنظر المحكمة المختصة في دعوى البطلان في الحالات المشار إليها في هذه المادة » دون أن يكون لها فحص وقائع وموضوعالنزاع.",1.0,1.0,0.0,1.0,1.0,"```json
{
  ""correctness"": 5,
  ""faithfulness"": 5,
  ""arabic_quality"": 5,
  ""hallucination"": 0,
  ""reason"": ""الإجابة دقيقة وموثقة من النص القانوني المرجعي الذهبي، وواضحة ومهنية باللغة العربية.""
}
```

**سبب مختصر:**
- **correctness (دقة):** الإجابة دقيقة حيث تم استخلاص المعلومات من النص القانوني المرجعي الذهبي بشكل صحيح.
- **faithfulness (ولوجية):** الإجابة متوافقة تماماً مع السياق المسترجع، حيث تم استخلاص المعلومات من المادة الخامسة من نظام التكاليف القضائية.
- **arabic_quality (جودة اللغة العربية):** الإجابة واضحة ومهنية باللغة العربية.
- **hallucination (تخيل):** الإجابة لا تحتوي على أي ادعاءات قانونية مادية غير مدعومة بالسيا",17.765915934000077,1410,False,True,5.0,5.0,5.0,0,الإجابة دقيقة وموثقة من النص القانوني المرجعي الذهبي، وواضحة ومهنية باللغة العربية.
Q012,ALLaM-7B-Instruct-preview,"{
  ""answer_ar"": ""تُفرض على دعوى بطلان حكم التحكيم تكاليف قضائية بما نسبته 11.9% من قيمة المبلغ المحكوم به على مدعي البطلان، وبحد أعلى مليون ريال."",
  ""citations"": [
    {""law"": ""نظام التكاليف القضائية"", ""article"": ""المادة الخامسة""}
  ],
  ""insufficient_context"": false
}",6.857811493000099,623,False,True,تُفرض على دعوى بطلان حكم التحكيم تكاليف قضائية بما نسبته 11.9% من قيمة المبلغ المحكوم به على مدعي البطلان، وبحد أعلى مليون ريال.,"[{'law': 'نظام التكاليف القضائية', 'article': 'المادة الخامسة'}]",False,informal,لو طلبت إبطال حكم تحكيم وانرفض، كم تكون التكاليف؟,نظام التكاليف القضائية,المادة الخامسة,نظامالتكاليفالقضايية||المادةالخامسة,"المادة الخامسة
تُفرض على دعوى بطلان حكم التحكيم تكاليف قضائية بما نسبته )١190( من قيمة المبلغ المحكوم به على مدعي البطلان؛ إذا حكم برفض طلبه؛ وبحد أعلى مليونربال.","[('نظام التكاليف القضائية', 'المادة الخامسة'), ('اللائحة التنفيذية لنظام التكاليف القضائية', 'المادة السادسة'), ('نظام التكاليف القضائية', 'المادة الثامنة')]","['نظامالتكاليفالقضايية||المادةالخامسة', 'اللايحةالتنفيذيةلنظامالتكاليفالقضايية||المادةالسادسة', 'نظامالتكاليفالقضايية||المادةالثامنة']",True,"User Query:
لو طلبت إبطال حكم تحكيم وانرفض، كم تكون التكاليف؟

[Retrieved Article 1]
Law: نظام التكاليف القضائية
Article: المادة الخامسة
Text: المادة الخامسة
تُفرض على دعوى بطلان حكم التحكيم تكاليف قضائية بما نسبته )١190( من قيمة المبلغ المحكوم به على مدعي البطلان؛ إذا حكم برفض طلبه؛ وبحد أعلى مليونربال.

[Retrieved Article 2]
Law: اللائحة التنفيذية لنظام التكاليف القضائية
Article: المادة السادسة
Text: المادة السادسة
تُقدّر التكاليف القضائية للطلبات الواردة في المادة (السابعة) من النظام على النحوالآتي:
-١ طلب التماس إعادة النظر؛ عشرة آلافربإل.
-١ طلب النقض؛ سبعة آلافربال.
""- طلب الاستئناف؛ خمسة آلافربإل.
3 - طلب الإدخال من الخصومء» وطلب الردء وطلب تصحيح الحكم أو تفسيره» وطلب وقف تنفيذ الحكم ألفاربال.
5- الطلب العارض؛ ألفربال.
5- طلب أحد الخصوم السير في الدعوى الموقوفة اتفاقاً قبل انتهاء المدة المتفق عليها لوقف الخصومة؛ مائةربال.

[Retrieved Article 3]
Law: نظام التكاليف القضائية
Article: المادة الثامنة
Text: المادة الثامنة
١.تُقرض على الطلبات الآتية تكاليف قضائية بمبلغ لا يزيد على ألف ريال وفقاً للمعايير والضوابط وقواعد التقدير التي تحددهااللائحة:
أ- طلب ذي المصلحة تسليمه نسخة مصدقة من أوراق الدعوى أو سجلاتها -الورقية أو الإلكترونية- أو الوثائق أو الأوراق التي تحت يدالمحكمة.
ب- طلب ذي المصلحة الاطلاع على أوراق الدعوى أو سجلاتها (الورقية أوالإلكترونية).
ج- طلب نسخة بديلة للوثائقالقضائية.
؟. لا تسري أحكام الفقرة )١( من هذه المادة على الطلبات التي تقدم أثناء نظر الدعوى من أطرافها أو المدخلينفيها.",1.0,1.0,0.0,1.0,1.0,"{
  ""correctness"": 1,
  ""faithfulness"": 1,
  ""arabic_quality"": 1,
  ""hallucination"": 0,
  ""reason"": ""الإجابة متوافقة مع النص القانوني المرجعي الذهبي وواضحة ومكتوبة بشكل محترف.""
}",6.0555217779992745,1017,False,True,1.0,1.0,1.0,0,الإجابة متوافقة مع النص القانوني المرجعي الذهبي وواضحة ومكتوبة بشكل محترف.
Q013,ALLaM-7B-Instruct-preview,"{
  ""answer_ar"": ""الطلبات التي يجوز فرض تكاليف قضائية عليها بما لا يتجاوز عشرة آلاف ريال تشمل الطلبات العارضة، طلبات الرد، وطلب أحد الخصوم السير في الدعوى الموقوفة اتفاقاً قبل انتهاء المدة المتفق عليها لوقف الخصومة، وطلب تصحيح الحكم أو تفسيره، والطلبات الأخرى التي تحددها اللائحة."",
  ""citations"": [
    {""law"": ""نظام التكاليف القضائية"", ""article"": ""المادة السابعة""}
  ],
  ""insufficient_context"": false
}",9.15347051100025,601,False,True,الطلبات التي يجوز فرض تكاليف قضائية عليها بما لا يتجاوز عشرة آلاف ريال تشمل الطلبات العارضة، طلبات الرد، وطلب أحد الخصوم السير في الدعوى الموقوفة اتفاقاً قبل انتهاء المدة المتفق عليها لوقف الخصومة، وطلب تصحيح الحكم أو تفسيره، والطلبات الأخرى التي تحددها اللائحة.,"[{'law': 'نظام التكاليف القضائية', 'article': 'المادة السابعة'}]",False,formal_direct,ما الطلبات التي يجوز فرض تكاليف قضائية عليها بما لا يتجاوز عشرة آلاف ريال؟,نظام التكاليف القضائية,المادة السابعة,نظامالتكاليفالقضايية||المادةالسابعة,"المادة السابعة
ثفرض على الطلبات الآتية تكاليف قضائية بمبلغ لا يزيد على عشرة آلاف ربالء وفقاً للمعايير والضوابط وقواعد التقدير التي تحددهااللائحة:
"".الطلباتالعارضة.
:.طلباتالرد.
5.طلب أحد الخصوم السير في الدعوى الموقوفة اتفاقاً قبل انتهاء المدة المتفق عليها لوقفالخصومة.
""إطلب تصحيح الحكم أوتفسيرة.
.الطلبات الأخرى التي تحددهااللائحة.","[('نظام التكاليف القضائية', 'المادة السابعة'), ('نظام التكاليف القضائية', 'المادة الثالثة'), ('نظام التكاليف القضائية', 'المادة الثامنة')]","['نظامالتكاليفالقضايية||المادةالسابعة', 'نظامالتكاليفالقضايية||المادةالثالثة', 'نظامالتكاليفالقضايية||المادةالثامنة']",True,"User Query:
ما الطلبات التي يجوز فرض تكاليف قضائية عليها بما لا يتجاوز عشرة آلاف ريال؟

[Retrieved Article 1]
Law: نظام التكاليف القضائية
Article: المادة السابعة
Text: المادة السابعة
ثفرض على الطلبات الآتية تكاليف قضائية بمبلغ لا يزيد على عشرة آلاف ربالء وفقاً للمعايير والضوابط وقواعد التقدير التي تحددهااللائحة:
"".الطلباتالعارضة.
:.طلباتالرد.
5.طلب أحد الخصوم السير في الدعوى الموقوفة اتفاقاً قبل انتهاء المدة المتفق عليها لوقفالخصومة.
""إطلب تصحيح الحكم أوتفسيرة.
.الطلبات الأخرى التي تحددهااللائحة.

[Retrieved Article 2]
Law: نظام التكاليف القضائية
Article: المادة الثالثة
Text: المادة الثالثة
تفرض تكاليف قضائية على الدعوى بمبلغ لا يزيد على ما نسبته (590) من قيمة المطالبة» وبحد أعلى مبلغ مليون ريال. وتحدد اللائحة معايير تقدير التكاليف القضائيةوالضوابط
والقواعد المنظمةلذلك.

[Retrieved Article 3]
Law: نظام التكاليف القضائية
Article: المادة الثامنة
Text: المادة الثامنة
١.تُقرض على الطلبات الآتية تكاليف قضائية بمبلغ لا يزيد على ألف ريال وفقاً للمعايير والضوابط وقواعد التقدير التي تحددهااللائحة:
أ- طلب ذي المصلحة تسليمه نسخة مصدقة من أوراق الدعوى أو سجلاتها -الورقية أو الإلكترونية- أو الوثائق أو الأوراق التي تحت يدالمحكمة.
ب- طلب ذي المصلحة الاطلاع على أوراق الدعوى أو سجلاتها (الورقية أوالإلكترونية).
ج- طلب نسخة بديلة للوثائقالقضائية.
؟. لا تسري أحكام الفقرة )١( من هذه المادة على الطلبات التي تقدم أثناء نظر الدعوى من أطرافها أو المدخلينفيها.",1.0,1.0,0.0,1.0,1.0,"```json
{
  ""correctness"": 5,
  ""faithfulness"": 5,
  ""arabic_quality"": 5,
  ""hallucination"": 0,
  ""reason"": ""الإجابة دقيقة وموثقة من النص القانوني المرجعي الذهبي، وتم تقديم جميع أنواع الطلبات المذكورة بشكل صحيح.""
}
```",6.809903341999416,1086,False,True,5.0,5.0,5.0,0,الإجابة دقيقة وموثقة من النص القانوني المرجعي الذهبي، وتم تقديم جميع أنواع الطلبات المذكورة بشكل صحيح.
Q014,ALLaM-7B-Instruct-preview,"{
  ""answer_ar"": ""التكاليف المقررة على الطلبات العارضة وطلبات الرد وتصحيح الأحكام هي كالتالي: طلب التماس إعادة النظر: عشرة آلاف ريال، طلب النقض: سبعة آلاف ريال، طلب الاستئناف: خمسة آلاف ريال، طلب الإدخال من الخصوم، طلب الرد، طلب تصحيح الحكم أو تفسيره، طلب وقف تنفيذ الحكم: ألف ريال، الطلب العارض: ألف ريال، طلب أحد الخصوم السير في الدعوى الموقوفة اتفاقاً قبل انتهاء المدة المتفق عليها لوقف الخصومة: مائة ريال."",
  ""citations"": [
    {""law"": ""نظام التكاليف القضائية"", ""article"": ""المادة السابعة""}
  ],
  ""insufficient_context"": false
}",11.577276471999994,737,False,True,التكاليف المقررة على الطلبات العارضة وطلبات الرد وتصحيح الأحكام هي كالتالي: طلب التماس إعادة النظر: عشرة آلاف ريال، طلب النقض: سبعة آلاف ريال، طلب الاستئناف: خمسة آلاف ريال، طلب الإدخال من الخصوم، طلب الرد، طلب تصحيح الحكم أو تفسيره، طلب وقف تنفيذ الحكم: ألف ريال، الطلب العارض: ألف ريال، طلب أحد الخصوم السير في الدعوى الموقوفة اتفاقاً قبل انتهاء المدة المتفق عليها لوقف الخصومة: مائة ريال.,"[{'law': 'نظام التكاليف القضائية', 'article': 'المادة السابعة'}]",False,formal_paraphrase,ما التكاليف المقررة على الطلبات العارضة وطلبات الرد وتصحيح الأحكام؟,نظام التكاليف القضائية,المادة السابعة,نظامالتكاليفالقضايية||المادةالسابعة,"المادة السابعة
ثفرض على الطلبات الآتية تكاليف قضائية بمبلغ لا يزيد على عشرة آلاف ربالء وفقاً للمعايير والضوابط وقواعد التقدير التي تحددهااللائحة:
"".الطلباتالعارضة.
:.طلباتالرد.
5.طلب أحد الخصوم السير في الدعوى الموقوفة اتفاقاً قبل انتهاء المدة المتفق عليها لوقفالخصومة.
""إطلب تصحيح الحكم أوتفسيرة.
.الطلبات الأخرى التي تحددهااللائحة.","[('نظام التكاليف القضائية', 'المادة السابعة'), ('اللائحة التنفيذية لنظام التكاليف القضائية', 'المادة السادسة'), ('نظام التكاليف القضائية', 'المادة السادسةعشرة')]","['نظامالتكاليفالقضايية||المادةالسابعة', 'اللايحةالتنفيذيةلنظامالتكاليفالقضايية||المادةالسادسة', 'نظامالتكاليفالقضايية||المادةالسادسةعشرة']",True,"User Query:
ما التكاليف المقررة على الطلبات العارضة وطلبات الرد وتصحيح الأحكام؟

[Retrieved Article 1]
Law: نظام التكاليف القضائية
Article: المادة السابعة
Text: المادة السابعة
ثفرض على الطلبات الآتية تكاليف قضائية بمبلغ لا يزيد على عشرة آلاف ربالء وفقاً للمعايير والضوابط وقواعد التقدير التي تحددهااللائحة:
"".الطلباتالعارضة.
:.طلباتالرد.
5.طلب أحد الخصوم السير في الدعوى الموقوفة اتفاقاً قبل انتهاء المدة المتفق عليها لوقفالخصومة.
""إطلب تصحيح الحكم أوتفسيرة.
.الطلبات الأخرى التي تحددهااللائحة.

[Retrieved Article 2]
Law: اللائحة التنفيذية لنظام التكاليف القضائية
Article: المادة السادسة
Text: المادة السادسة
تُقدّر التكاليف القضائية للطلبات الواردة في المادة (السابعة) من النظام على النحوالآتي:
-١ طلب التماس إعادة النظر؛ عشرة آلافربإل.
-١ طلب النقض؛ سبعة آلافربال.
""- طلب الاستئناف؛ خمسة آلافربإل.
3 - طلب الإدخال من الخصومء» وطلب الردء وطلب تصحيح الحكم أو تفسيره» وطلب وقف تنفيذ الحكم ألفاربال.
5- الطلب العارض؛ ألفربال.
5- طلب أحد الخصوم السير في الدعوى الموقوفة اتفاقاً قبل انتهاء المدة المتفق عليها لوقف الخصومة؛ مائةربال.

[Retrieved Article 3]
Law: نظام التكاليف القضائية
Article: المادة السادسةعشرة
Text: المادة السادسةعشرة
ترد التكاليف القضائية المدفوعة متى تبين عدم وجوبها على دافعها أو استفادته من حالة من حالات الإعفاء ومن ذلكمايأتي:
١.إذا حكم لمصلحة دافع التكاليفالقضائية.
؟.طلب رد القاضي أو القضاة إذا قبل طلبالرد.
”.طلب تصحيح الحكم أو تفسيره إذا قضي بإجابةالطلب.
4.طلب الاستئناف إذا حكم بنقض الحكم المستأنف كلياً» وإذا نقض الحكم جزئياً فيعفى بقدر ذلك الجزءء وطلب النقض إذا قضي فيه بإعادة القضية إلى المحكمة مصدرةالحكم
المعترضعليه.
5.إذا ترك المدعي عليه دعواه قبل عقد الجلسة الأولى؛ وفقاً للإجراءاتالنظامية.
"".الدعاوى التي تنتهي بالصلح قبل رفع الجلسةالأولى.
.الدعاوى المتعلقة بالحقوق الخاصة التي ترفع بالتبعية للقضايا الجزائية إذا انتهت بالصلح على أي حال كانت فيهاالدعوى.
وتحدد اللائحة الإجراءات والقواعد الخاصةبذلك.",1.0,1.0,0.0,1.0,1.0,"```json
{
  ""correctness"": 4,
  ""faithfulness"": 3,
  ""arabic_quality"": 4,
  ""hallucination"": 0,
  ""reason"": ""الإجابة دقيقة فيما يتعلق بالتكاليف المذكورة في السياق المسترجع، لكنها تغفل ذكر التكاليف المحددة في المادة السابعة من نظام التكاليف القضائية.""
}
```

**سبب مختصر:**
- **correctness:** الإجابة دقيقة فيما يتعلق بالتكاليف المذكورة في السياق المسترجع، لكنها تغفل ذكر التكاليف المحددة في المادة السابعة من نظام التكاليف القضائية.
- **faithfulness:** الإجابة متسقة مع السياق المسترجع، لكنها لا تشمل جميع التفاصيل المذكورة في النص القانوني.
- **arabic_quality:** اللغة العربية واضحة ومهنية، لكن يمكن تحسين الدقة في التعبير.
-",17.43913726699975,1329,False,True,4.0,3.0,4.0,0,الإجابة دقيقة فيما يتعلق بالتكاليف المذكورة في السياق المسترجع، لكنها تغفل ذكر التكاليف المحددة في المادة السابعة من نظام التكاليف القضائية.
Q015,ALLaM-7B-Instruct-preview,"{
  ""answer_ar"": ""الطلبات التي يمكن أن تصل رسومها إلى عشرة آلاف ريال تشمل طلب النقض وطلب الإدخال من الخصوم وطلب الرد وطلب تصحيح الحكم أو تفسيره وطلب وقف تنفيذ الحكم، بالإضافة إلى الطلب العارض والطلب الذي يقدمه أحد الخصوم للسير في الدعوى الموقوفة اتفاقاً قبل انتهاء المدة المتفق عليها لوقف الخصومة."",
  ""citations"": [
    {""law"": ""اللائحة التنفيذية لنظام التكاليف القضائية"", ""article"": ""المادة السادسة""}
  ],
  ""insufficient_context"": false
}",8.866075212999931,703,False,True,الطلبات التي يمكن أن تصل رسومها إلى عشرة آلاف ريال تشمل طلب النقض وطلب الإدخال من الخصوم وطلب الرد وطلب تصحيح الحكم أو تفسيره وطلب وقف تنفيذ الحكم، بالإضافة إلى الطلب العارض والطلب الذي يقدمه أحد الخصوم للسير في الدعوى الموقوفة اتفاقاً قبل انتهاء المدة المتفق عليها لوقف الخصومة.,"[{'law': 'اللائحة التنفيذية لنظام التكاليف القضائية', 'article': 'المادة السادسة'}]",False,informal,وش الطلبات اللي ممكن رسومها توصل لعشرة آلاف؟,نظام التكاليف القضائية,المادة السابعة,نظامالتكاليفالقضايية||المادةالسابعة,"المادة السابعة
ثفرض على الطلبات الآتية تكاليف قضائية بمبلغ لا يزيد على عشرة آلاف ربالء وفقاً للمعايير والضوابط وقواعد التقدير التي تحددهااللائحة:
"".الطلباتالعارضة.
:.طلباتالرد.
5.طلب أحد الخصوم السير في الدعوى الموقوفة اتفاقاً قبل انتهاء المدة المتفق عليها لوقفالخصومة.
""إطلب تصحيح الحكم أوتفسيرة.
.الطلبات الأخرى التي تحددهااللائحة.","[('اللائحة التنفيذية لنظام التكاليف القضائية', 'المادة السادسة'), ('نظام التكاليف القضائية', 'المادة السابعة'), ('اللائحة التنفيذية لنظام المحاكم التجارية', 'المادة الثانية والخمسون')]","['اللايحةالتنفيذيةلنظامالتكاليفالقضايية||المادةالسادسة', 'نظامالتكاليفالقضايية||المادةالسابعة', 'اللايحةالتنفيذيةلنظامالمحاكمالتجارية||المادةالثانيةوالخمسون']",True,"User Query:
وش الطلبات اللي ممكن رسومها توصل لعشرة آلاف؟

[Retrieved Article 1]
Law: اللائحة التنفيذية لنظام التكاليف القضائية
Article: المادة السادسة
Text: المادة السادسة
تُقدّر التكاليف القضائية للطلبات الواردة في المادة (السابعة) من النظام على النحوالآتي:
-١ طلب التماس إعادة النظر؛ عشرة آلافربإل.
-١ طلب النقض؛ سبعة آلافربال.
""- طلب الاستئناف؛ خمسة آلافربإل.
3 - طلب الإدخال من الخصومء» وطلب الردء وطلب تصحيح الحكم أو تفسيره» وطلب وقف تنفيذ الحكم ألفاربال.
5- الطلب العارض؛ ألفربال.
5- طلب أحد الخصوم السير في الدعوى الموقوفة اتفاقاً قبل انتهاء المدة المتفق عليها لوقف الخصومة؛ مائةربال.

[Retrieved Article 2]
Law: نظام التكاليف القضائية
Article: المادة السابعة
Text: المادة السابعة
ثفرض على الطلبات الآتية تكاليف قضائية بمبلغ لا يزيد على عشرة آلاف ربالء وفقاً للمعايير والضوابط وقواعد التقدير التي تحددهااللائحة:
"".الطلباتالعارضة.
:.طلباتالرد.
5.طلب أحد الخصوم السير في الدعوى الموقوفة اتفاقاً قبل انتهاء المدة المتفق عليها لوقفالخصومة.
""إطلب تصحيح الحكم أوتفسيرة.
.الطلبات الأخرى التي تحددهااللائحة.

[Retrieved Article 3]
Law: اللائحة التنفيذية لنظام المحاكم التجارية
Article: المادة الثانية والخمسون
Text: المادة الثانية والخمسون : الدعاوى والطلبات التي ترفع منمحام
يجب أن يكون رفع طلب النقض أو التماس إعادة النظر من محام.
يجب أن يكون الترافع أمام الدوائر الابتدائية ودوائر الاستئناف من محامء في الدعاوىالآتية:
أ - الدعاوى المنصوص عليها في الفقرات )١( و(١) و(5) و(4) من المادة السادسة عشرة من النظام؛ متى كانت قيمة المطالبة الأصلية تزيد على عشرة ملايينريال.
ب - الدعاوى المنصوص عليها في الفقرات (”*) و(5) و(1) و("") من المادة السادسة عشرة من النظام؛ متى كانت قيمة المطالبة الأصلية تزيد على مليونيريإل.
ج -الدعاوى المنصوص عليها في الفقرة (5) من المادة السادسة عشرة من النظام» متى كانت الدعوى تتعلق بطلب افتتاح إجراء إعادة تنظيممالي.",1.0,1.0,0.0,0.0,1.0,"```json
{
  ""correctness"": 4,
  ""faithfulness"": 3,
  ""arabic_quality"": 4,
  ""hallucination"": 0,
  ""reason"": ""الإجابة دقيقة فيما يتعلق بالطلبات التي يمكن أن تصل رسومها إلى عشرة آلاف ريال، ولكنها لم تذكر جميع الخيارات كما في النص القانوني المرجعي الذهبي.""
}
```

**تفصيل السبب:**
- **correctness (دقة):** 4/5 - الإجابة دقيقة فيما يتعلق بالطلبات التي يمكن أن تصل رسومها إلى عشرة آلاف ريال، ولكنها لم تذكر جميع الخيارات كما في النص القانوني المرجعي الذهبي.
- **faithfulness (ولاء):** 3/5 - الإجابة لم تذكر جميع الخيارات كما في النص القانوني المرجعي الذهبي، مما يقلل من ولائها للسياق المسترجع.
- **arabic_quality (جودة اللغة العربية):** 4",16.845581673000197,1215,False,True,4.0,3.0,4.0,0,الإجابة دقيقة فيما يتعلق بالطلبات التي يمكن أن تصل رسومها إلى عشرة آلاف ريال، ولكنها لم تذكر جميع الخيارات كما في النص القانوني المرجعي الذهبي.
Q016,ALLaM-7B-Instruct-preview,"{
  ""answer_ar"": ""تكاليف الاطلاع على أوراق الدعوى أو سجلاتها - الورقية أو الإلكترونية - خمسون ريالاً، وطلب نسخة بديلة للوثائق القضائية مائة ريال."",
  ""citations"": [
    {""law"": ""اللائحة التنفيذية لنظام التكاليف القضائية"", ""article"": ""المادة السابعة""}
  ],
  ""insufficient_context"": false
}",7.490104268999858,621,False,True,تكاليف الاطلاع على أوراق الدعوى أو سجلاتها - الورقية أو الإلكترونية - خمسون ريالاً، وطلب نسخة بديلة للوثائق القضائية مائة ريال.,"[{'law': 'اللائحة التنفيذية لنظام التكاليف القضائية', 'article': 'المادة السابعة'}]",False,formal_direct,ما التكاليف القضائية المتعلقة بطلب نسخ أو الاطلاع على أوراق الدعوى؟,نظام التكاليف القضائية,المادة الثامنة,نظامالتكاليفالقضايية||المادةالثامنة,"المادة الثامنة
١.تُقرض على الطلبات الآتية تكاليف قضائية بمبلغ لا يزيد على ألف ريال وفقاً للمعايير والضوابط وقواعد التقدير التي تحددهااللائحة:
أ- طلب ذي المصلحة تسليمه نسخة مصدقة من أوراق الدعوى أو سجلاتها -الورقية أو الإلكترونية- أو الوثائق أو الأوراق التي تحت يدالمحكمة.
ب- طلب ذي المصلحة الاطلاع على أوراق الدعوى أو سجلاتها (الورقية أوالإلكترونية).
ج- طلب نسخة بديلة للوثائقالقضائية.
؟. لا تسري أحكام الفقرة )١( من هذه المادة على الطلبات التي تقدم أثناء نظر الدعوى من أطرافها أو المدخلينفيها.","[('اللائحة التنفيذية لنظام التكاليف القضائية', 'المادة السابعة'), ('نظام التكاليف القضائية', 'المادة الثامنة'), ('نظام التكاليف القضائية', 'المادة الرابعة')]","['اللايحةالتنفيذيةلنظامالتكاليفالقضايية||المادةالسابعة', 'نظامالتكاليفالقضايية||المادةالثامنة', 'نظامالتكاليفالقضايية||المادةالرابعة']",True,"User Query:
ما التكاليف القضائية المتعلقة بطلب نسخ أو الاطلاع على أوراق الدعوى؟

[Retrieved Article 1]
Law: اللائحة التنفيذية لنظام التكاليف القضائية
Article: المادة السابعة
Text: المادة السابعة
تكون التكاليف القضائية لكل طلب من الطلبات الواردة في المادة (الثامنة) من النظام على النحوالآتي:
-١ طلب ذي المصلحة الاطلاع على أوراق الدعوى أو سجلاتها - الورقية أو الإلكترونيق؛ خمسونريالاً.
- طلب نسخة بديلة للوثائق القضائية؛ مائةربإل.
3 ا الات ىل اهء 3 1 جا و اك04
الفصل الثالث: التقدير النهائي للتكاليف القضائيه»وتحصيلها

[Retrieved Article 2]
Law: نظام التكاليف القضائية
Article: المادة الثامنة
Text: المادة الثامنة
١.تُقرض على الطلبات الآتية تكاليف قضائية بمبلغ لا يزيد على ألف ريال وفقاً للمعايير والضوابط وقواعد التقدير التي تحددهااللائحة:
أ- طلب ذي المصلحة تسليمه نسخة مصدقة من أوراق الدعوى أو سجلاتها -الورقية أو الإلكترونية- أو الوثائق أو الأوراق التي تحت يدالمحكمة.
ب- طلب ذي المصلحة الاطلاع على أوراق الدعوى أو سجلاتها (الورقية أوالإلكترونية).
ج- طلب نسخة بديلة للوثائقالقضائية.
؟. لا تسري أحكام الفقرة )١( من هذه المادة على الطلبات التي تقدم أثناء نظر الدعوى من أطرافها أو المدخلينفيها.

[Retrieved Article 3]
Law: نظام التكاليف القضائية
Article: المادة الرابعة
Text: المادة الرابعة
إذا قررت المحكمة شطب الدعوىء أو حكمت باعتبارها كأن لم تكن» أو بعدم قبولها لعدم تحريرها؛ فتفرض تكاليف قضائية إضافية في حال نظرها مجدداً بما يعادل نسبة(/59؟)
من تكاليف نظر الدعوى في المرة الأولى» ويتحمل المدعي التكاليف الإضافية لنظرها ولو حكم لصالحه في موضوعالدعوى.",1.0,1.0,0.0,0.0,1.0,"```json
{
  ""correctness"": 1,
  ""faithfulness"": 1,
  ""arabic_quality"": 1,
  ""hallucination"": 0,
  ""reason"": ""الإجابة متوافقة مع النص القانوني المرجعي الذهبي والمعلومات المسترجعة، وهي دقيقة ومهنية.""
}
```

**تفصيل السبب:**
1. **الدقة (Correctness):** الإجابة متوافقة تماماً مع النص القانوني المرجعي الذهبي، حيث ذكرت التكاليف المحددة لطلب الاطلاع على أوراق الدعوى أو سجلاتها بـ 50 ريالاً، وطلب نسخة بديلة للوثائق القضائية بـ 100 ريال.
2. **الولاء (Faithfulness):** السياق المسترجع يدعم الإجابة، حيث وردت المعلومات الدقيقة حول التكاليف المرتبطة بطلبات الاطلا",16.93703659199946,1184,False,True,1.0,1.0,1.0,0,الإجابة متوافقة مع النص القانوني المرجعي الذهبي والمعلومات المسترجعة، وهي دقيقة ومهنية.
Q017,ALLaM-7B-Instruct-preview,"{
  ""answer_ar"": ""نعم، تُفرض تكاليف على الحصول على نسخة مصدقة من مستندات القضية وفقاً للمادة الثامنة من نظام التكاليف القضائية، حيث لا يزيد المبلغ على ألف ريال وفقاً للمعايير والضوابط التي تحددها اللائحة التنفيذية للنظام."",
  ""citations"": [
    {""law"": ""نظام التكاليف القضائية"", ""article"": ""المادة الثامنة""},
    {""law"": ""اللائحة التنفيذية لنظام التكاليف القضائية"", ""article"": ""المادة السابعة""}
  ],
  ""insufficient_context"": false
}",9.967457562000163,623,False,True,نعم، تُفرض تكاليف على الحصول على نسخة مصدقة من مستندات القضية وفقاً للمادة الثامنة من نظام التكاليف القضائية، حيث لا يزيد المبلغ على ألف ريال وفقاً للمعايير والضوابط التي تحددها اللائحة التنفيذية للنظام.,"[{'law': 'نظام التكاليف القضائية', 'article': 'المادة الثامنة'}, {'law': 'اللائحة التنفيذية لنظام التكاليف القضائية', 'article': 'المادة السابعة'}]",False,formal_paraphrase,هل تفرض تكاليف على الحصول على نسخة مصدقة من مستندات القضية؟,نظام التكاليف القضائية,المادة الثامنة,نظامالتكاليفالقضايية||المادةالثامنة,"المادة الثامنة
١.تُقرض على الطلبات الآتية تكاليف قضائية بمبلغ لا يزيد على ألف ريال وفقاً للمعايير والضوابط وقواعد التقدير التي تحددهااللائحة:
أ- طلب ذي المصلحة تسليمه نسخة مصدقة من أوراق الدعوى أو سجلاتها -الورقية أو الإلكترونية- أو الوثائق أو الأوراق التي تحت يدالمحكمة.
ب- طلب ذي المصلحة الاطلاع على أوراق الدعوى أو سجلاتها (الورقية أوالإلكترونية).
ج- طلب نسخة بديلة للوثائقالقضائية.
؟. لا تسري أحكام الفقرة )١( من هذه المادة على الطلبات التي تقدم أثناء نظر الدعوى من أطرافها أو المدخلينفيها.","[('نظام التكاليف القضائية', 'المادة الثامنة'), ('اللائحة التنفيذية لنظام التكاليف القضائية', 'المادة السابعة'), ('نظام التكاليف القضائية', 'المادة الرابعة')]","['نظامالتكاليفالقضايية||المادةالثامنة', 'اللايحةالتنفيذيةلنظامالتكاليفالقضايية||المادةالسابعة', 'نظامالتكاليفالقضايية||المادةالرابعة']",True,"User Query:
هل تفرض تكاليف على الحصول على نسخة مصدقة من مستندات القضية؟

[Retrieved Article 1]
Law: نظام التكاليف القضائية
Article: المادة الثامنة
Text: المادة الثامنة
١.تُقرض على الطلبات الآتية تكاليف قضائية بمبلغ لا يزيد على ألف ريال وفقاً للمعايير والضوابط وقواعد التقدير التي تحددهااللائحة:
أ- طلب ذي المصلحة تسليمه نسخة مصدقة من أوراق الدعوى أو سجلاتها -الورقية أو الإلكترونية- أو الوثائق أو الأوراق التي تحت يدالمحكمة.
ب- طلب ذي المصلحة الاطلاع على أوراق الدعوى أو سجلاتها (الورقية أوالإلكترونية).
ج- طلب نسخة بديلة للوثائقالقضائية.
؟. لا تسري أحكام الفقرة )١( من هذه المادة على الطلبات التي تقدم أثناء نظر الدعوى من أطرافها أو المدخلينفيها.

[Retrieved Article 2]
Law: اللائحة التنفيذية لنظام التكاليف القضائية
Article: المادة السابعة
Text: المادة السابعة
تكون التكاليف القضائية لكل طلب من الطلبات الواردة في المادة (الثامنة) من النظام على النحوالآتي:
-١ طلب ذي المصلحة الاطلاع على أوراق الدعوى أو سجلاتها - الورقية أو الإلكترونيق؛ خمسونريالاً.
- طلب نسخة بديلة للوثائق القضائية؛ مائةربإل.
3 ا الات ىل اهء 3 1 جا و اك04
الفصل الثالث: التقدير النهائي للتكاليف القضائيه»وتحصيلها

[Retrieved Article 3]
Law: نظام التكاليف القضائية
Article: المادة الرابعة
Text: المادة الرابعة
إذا قررت المحكمة شطب الدعوىء أو حكمت باعتبارها كأن لم تكن» أو بعدم قبولها لعدم تحريرها؛ فتفرض تكاليف قضائية إضافية في حال نظرها مجدداً بما يعادل نسبة(/59؟)
من تكاليف نظر الدعوى في المرة الأولى» ويتحمل المدعي التكاليف الإضافية لنظرها ولو حكم لصالحه في موضوعالدعوى.",1.0,1.0,0.0,1.0,2.0,"```json
{
  ""correctness"": 4,
  ""faithfulness"": 4,
  ""arabic_quality"": 5,
  ""hallucination"": 0,
  ""reason"": ""الإجابة دقيقة وموثقة من النص القانوني المرجعي الذهبي، وواضحة ومكتوبة بشكل محترف.""
}
```

**تفصيل السبب:**
- **correctness (دقة):** 4/5 - الإجابة دقيقة وموثقة من النص القانوني المرجعي الذهبي، ولكن يمكن تحسين الدقة من خلال الإشارة إلى المبلغ المحدد (ألف ريال) بدلاً من استخدام كلمة ""لا يزيد على"".
- **faithfulness (ولاء):** 4/5 - الإجابة متوافقة مع السياق المسترجع، ولكن يمكن تحسين الدقة من خلال الإشارة إلى المبلغ المحدد بدلاً من استخدام ""ألف ريال"".
- **arabic_quality (جودة اللغة العربية",17.367224978000195,1204,False,True,4.0,4.0,5.0,0,الإجابة دقيقة وموثقة من النص القانوني المرجعي الذهبي، وواضحة ومكتوبة بشكل محترف.
Q018,ALLaM-7B-Instruct-preview,"{
  ""answer_ar"": ""نعم، هناك رسوم للحصول على نسخة من أوراق القضية أو الاطلاع عليها، وفقاً للمادة الثامنة من نظام التكاليف القضائية."",
  ""citations"": [
    {""law"": ""نظام التكاليف القضائية"", ""article"": ""المادة الثامنة""}
  ],
  ""insufficient_context"": false
}",6.183591089999936,673,False,True,نعم، هناك رسوم للحصول على نسخة من أوراق القضية أو الاطلاع عليها، وفقاً للمادة الثامنة من نظام التكاليف القضائية.,"[{'law': 'نظام التكاليف القضائية', 'article': 'المادة الثامنة'}]",False,informal,إذا أبي نسخة من أوراق القضية أو أطلع عليها، فيه رسوم؟,نظام التكاليف القضائية,المادة الثامنة,نظامالتكاليفالقضايية||المادةالثامنة,"المادة الثامنة
١.تُقرض على الطلبات الآتية تكاليف قضائية بمبلغ لا يزيد على ألف ريال وفقاً للمعايير والضوابط وقواعد التقدير التي تحددهااللائحة:
أ- طلب ذي المصلحة تسليمه نسخة مصدقة من أوراق الدعوى أو سجلاتها -الورقية أو الإلكترونية- أو الوثائق أو الأوراق التي تحت يدالمحكمة.
ب- طلب ذي المصلحة الاطلاع على أوراق الدعوى أو سجلاتها (الورقية أوالإلكترونية).
ج- طلب نسخة بديلة للوثائقالقضائية.
؟. لا تسري أحكام الفقرة )١( من هذه المادة على الطلبات التي تقدم أثناء نظر الدعوى من أطرافها أو المدخلينفيها.","[('نظام التكاليف القضائية', 'المادة الثامنة'), ('نظام التوثيق', 'المادة الرابعةوالخمسون'), ('اللائحة التنفيذية لنظام التكاليف القضائية', 'المادة السابعة')]","['نظامالتكاليفالقضايية||المادةالثامنة', 'نظامالتوثيق||المادةالرابعةوالخمسون', 'اللايحةالتنفيذيةلنظامالتكاليفالقضايية||المادةالسابعة']",True,"User Query:
إذا أبي نسخة من أوراق القضية أو أطلع عليها، فيه رسوم؟

[Retrieved Article 1]
Law: نظام التكاليف القضائية
Article: المادة الثامنة
Text: المادة الثامنة
١.تُقرض على الطلبات الآتية تكاليف قضائية بمبلغ لا يزيد على ألف ريال وفقاً للمعايير والضوابط وقواعد التقدير التي تحددهااللائحة:
أ- طلب ذي المصلحة تسليمه نسخة مصدقة من أوراق الدعوى أو سجلاتها -الورقية أو الإلكترونية- أو الوثائق أو الأوراق التي تحت يدالمحكمة.
ب- طلب ذي المصلحة الاطلاع على أوراق الدعوى أو سجلاتها (الورقية أوالإلكترونية).
ج- طلب نسخة بديلة للوثائقالقضائية.
؟. لا تسري أحكام الفقرة )١( من هذه المادة على الطلبات التي تقدم أثناء نظر الدعوى من أطرافها أو المدخلينفيها.

[Retrieved Article 2]
Law: نظام التوثيق
Article: المادة الرابعةوالخمسون
Text: المادة الرابعةوالخمسون
١.يجوز تحصيل رسوم عن أي من أعمال التوثيق التي يقوم بها كاتب العدل» ويحدد -بقرار من مجلس الوزراء بناء على اقتراح من الوزير- مقدار هذه الرسوم» وحالاتتأجيل
تحصيلهاء أو إيقافهاء أو عدمتطبيقها.
"".تحدد اللائحة مقابلاً مالياً لا يقل عن مائة ربال ولا يزيد على خمسة آلاف ربال عن أي من أعمال التوثيق التي يقوم بها المرخصله.
"".لمجلس الوزراء تعديل الحد الأعلى للمقابل المالي المشار إليه في الفقرة )١( من هذهالمادة .

[Retrieved Article 3]
Law: اللائحة التنفيذية لنظام التكاليف القضائية
Article: المادة السابعة
Text: المادة السابعة
تكون التكاليف القضائية لكل طلب من الطلبات الواردة في المادة (الثامنة) من النظام على النحوالآتي:
-١ طلب ذي المصلحة الاطلاع على أوراق الدعوى أو سجلاتها - الورقية أو الإلكترونيق؛ خمسونريالاً.
- طلب نسخة بديلة للوثائق القضائية؛ مائةربإل.
3 ا الات ىل اهء 3 1 جا و اك04
الفصل الثالث: التقدير النهائي للتكاليف القضائيه»وتحصيلها",1.0,1.0,0.0,1.0,1.0,"```json
{
  ""correctness"": 4,
  ""faithfulness"": 3,
  ""arabic_quality"": 4,
  ""hallucination"": 0,
  ""reason"": ""الإجابة صحيحة بشكل عام، لكنها لم تذكر المبلغ الدقيق للرسوم كما هو محدد في اللائحة التنفيذية.""
}
```

**تفصيل السبب:**
- **correctness (دقة):** 4/5 - الإجابة صحيحة لأن الرسوم موجودة حسب النص القانوني.
- **faithfulness (ولوجية):** 3/5 - الإجابة لم تذكر المبلغ الدقيق للرسوم (خمسون ريالاً)، مما يجعلها أقل ولوجية.
- **arabic_quality (جودة اللغة العربية):** 4/5 - اللغة واضحة ومهنية، لكن يمكن تحسينها من خلال تصحيح بعض الأخطاء الإملائية.
- **hallucination (تخيل):** 0",17.042067641999893,1201,False,True,4.0,3.0,4.0,0,الإجابة صحيحة بشكل عام، لكنها لم تذكر المبلغ الدقيق للرسوم كما هو محدد في اللائحة التنفيذية.
Q019,ALLaM-7B-Instruct-preview,"{
  ""answer_ar"": ""عند تغير قيمة الدعوى بالزيادة أو النقص، تُحسب التكاليف القضائية للدعوى بناءً على تقدير القيمة الجديدة لها، مع مراعاة التكاليف القضائية المحددة للطلب ذاته."",
  ""citations"": [
    {""law"": ""نظام التكاليف القضائية"", ""article"": ""المادة التاسعة""}
  ],
  ""insufficient_context"": false
}",7.7813893979996465,698,False,True,عند تغير قيمة الدعوى بالزيادة أو النقص، تُحسب التكاليف القضائية للدعوى بناءً على تقدير القيمة الجديدة لها، مع مراعاة التكاليف القضائية المحددة للطلب ذاته.,"[{'law': 'نظام التكاليف القضائية', 'article': 'المادة التاسعة'}]",False,formal_direct,كيف تتأثر التكاليف القضائية عند تغير قيمة الدعوى؟,نظام التكاليف القضائية,المادة التاسعة,نظامالتكاليفالقضايية||المادةالتاسعة,"المادة التاسعة
إذا ترتب على الطلب تغير في تقدير قيمة الدعوى سواء بالزيادة أو النقص» فتُحسب التكاليف القضائية للدعوى بناء على تقدير القيمة الجديدة لهاء وذلك مع عدم الإخلالبالتكاليف
القضائية المحددة للطلبذاته.","[('نظام التكاليف القضائية', 'المادة التاسعة'), ('اللائحة التنفيذية لنظام التكاليف القضائية', 'المادة الثانية'), ('نظام التكاليف القضائية', 'المادة الثالثة')]","['نظامالتكاليفالقضايية||المادةالتاسعة', 'اللايحةالتنفيذيةلنظامالتكاليفالقضايية||المادةالثانية', 'نظامالتكاليفالقضايية||المادةالثالثة']",True,"User Query:
كيف تتأثر التكاليف القضائية عند تغير قيمة الدعوى؟

[Retrieved Article 1]
Law: نظام التكاليف القضائية
Article: المادة التاسعة
Text: المادة التاسعة
إذا ترتب على الطلب تغير في تقدير قيمة الدعوى سواء بالزيادة أو النقص» فتُحسب التكاليف القضائية للدعوى بناء على تقدير القيمة الجديدة لهاء وذلك مع عدم الإخلالبالتكاليف
القضائية المحددة للطلبذاته.

[Retrieved Article 2]
Law: اللائحة التنفيذية لنظام التكاليف القضائية
Article: المادة الثانية
Text: المادة الثانية
-١ مع مراعاة ما تقضي به المادة (الثالثة) من النظامء تُقدّر التكاليف القضائية للدعوى المحددة القيمة؛ على أساس نسبة من قيمة المطالبة فيهاء وذلك على النحوالآتي:
3 نسبة (9/05) إذا كانت قيمة المطالبة أقل من مائة ألفربال.
ب- نسبة (905) إذا كانت قيمة المطالبة مائة ألف ربإل فأكثرء وتقل عن خمسمائة ألفربال.
ج- نسبة (907) إذا كانت قيمة المطالبة خمسمائة ألف ريال فأكثرء وتقل عن مليونربال.
د- نسبة (907) إذا كانت قيمة المطالبة مليون ربإلفأعلى.
؟- تُحدد قيمة المطالبة على النحوالآتي:
أ- فيما يتعلق بالدعاوى المالية» تحدد على أساس المبلغ الذي يطلب المدعي الحكمبه.
اب- في الدعاوى المتعلقة بإثنبات صحة عقد أو فسخه أو إبطاله أو الإلزام بتنفيذه» تُحدد على أساس قيمة الشسيء المتنازع عليه وفقاً لقيمته المحددة فيالعقد.
ج- في الدعاوى المتعلقة بمنازعات ملكية عقار؛ تُحدد على أساس قيمة العقار عند رفع الدعوىء وتُحدد قيمة العقار بناء على البيانات التاريخية - الموثقة لدى وزارة العدل -لقيمة
مبايعات هذا العقار والعقارات المجاورة له» ونحو ذلك من الوسائل الأخرى التي ثُمكن الوزارة من تحليلقيمته.

[Retrieved Article 3]
Law: نظام التكاليف القضائية
Article: المادة الثالثة
Text: المادة الثالثة
تفرض تكاليف قضائية على الدعوى بمبلغ لا يزيد على ما نسبته (590) من قيمة المطالبة» وبحد أعلى مبلغ مليون ريال. وتحدد اللائحة معايير تقدير التكاليف القضائيةوالضوابط
والقواعد المنظمةلذلك.",1.0,1.0,0.0,1.0,1.0,"```json
{
  ""correctness"": 4,
  ""faithfulness"": 3,
  ""arabic_quality"": 4,
  ""hallucination"": 0,
  ""reason"": ""الإجابة دقيقة فيما يتعلق بتغير قيمة الدعوى وحساب التكاليف القضائية بناءً على القيمة الجديدة، ولكنها لم تذكر التكاليف القضائية المحددة للطلب ذاته كما هو مذكور في النص القانوني.""
}
```",8.227044003000628,1090,False,True,4.0,3.0,4.0,0,الإجابة دقيقة فيما يتعلق بتغير قيمة الدعوى وحساب التكاليف القضائية بناءً على القيمة الجديدة، ولكنها لم تذكر التكاليف القضائية المحددة للطلب ذاته كما هو مذكور في النص القانوني.
Q020,ALLaM-7B-Instruct-preview,"{
  ""answer_ar"": ""تُحسب التكاليف القضائية للدعوى بناءً على تقدير القيمة الجديدة لها، سواءً بالزيادة أو النقص، وذلك مع عدم الإخلال بالتكاليف القضائية المحددة للطلب ذاته."",
  ""citations"": [
    {""law"": ""نظام التكاليف القضائية"", ""article"": ""المادة التاسعة""}
  ],
  ""insufficient_context"": false
}",6.968098401000134,720,False,True,تُحسب التكاليف القضائية للدعوى بناءً على تقدير القيمة الجديدة لها، سواءً بالزيادة أو النقص، وذلك مع عدم الإخلال بالتكاليف القضائية المحددة للطلب ذاته.,"[{'law': 'نظام التكاليف القضائية', 'article': 'المادة التاسعة'}]",False,formal_paraphrase,كيف يعاد احتساب التكاليف عند زيادة أو نقصان قيمة المطالبة؟,نظام التكاليف القضائية,المادة التاسعة,نظامالتكاليفالقضايية||المادةالتاسعة,"المادة التاسعة
إذا ترتب على الطلب تغير في تقدير قيمة الدعوى سواء بالزيادة أو النقص» فتُحسب التكاليف القضائية للدعوى بناء على تقدير القيمة الجديدة لهاء وذلك مع عدم الإخلالبالتكاليف
القضائية المحددة للطلبذاته.","[('نظام التكاليف القضائية', 'المادة التاسعة'), ('اللائحة التنفيذية لنظام التكاليف القضائية', 'المادة الثانية'), ('اللائحة التنفيذية لنظام التكاليف القضائية', 'المادة التاسعة')]","['نظامالتكاليفالقضايية||المادةالتاسعة', 'اللايحةالتنفيذيةلنظامالتكاليفالقضايية||المادةالثانية', 'اللايحةالتنفيذيةلنظامالتكاليفالقضايية||المادةالتاسعة']",True,"User Query:
كيف يعاد احتساب التكاليف عند زيادة أو نقصان قيمة المطالبة؟

[Retrieved Article 1]
Law: نظام التكاليف القضائية
Article: المادة التاسعة
Text: المادة التاسعة
إذا ترتب على الطلب تغير في تقدير قيمة الدعوى سواء بالزيادة أو النقص» فتُحسب التكاليف القضائية للدعوى بناء على تقدير القيمة الجديدة لهاء وذلك مع عدم الإخلالبالتكاليف
القضائية المحددة للطلبذاته.

[Retrieved Article 2]
Law: اللائحة التنفيذية لنظام التكاليف القضائية
Article: المادة الثانية
Text: المادة الثانية
-١ مع مراعاة ما تقضي به المادة (الثالثة) من النظامء تُقدّر التكاليف القضائية للدعوى المحددة القيمة؛ على أساس نسبة من قيمة المطالبة فيهاء وذلك على النحوالآتي:
3 نسبة (9/05) إذا كانت قيمة المطالبة أقل من مائة ألفربال.
ب- نسبة (905) إذا كانت قيمة المطالبة مائة ألف ربإل فأكثرء وتقل عن خمسمائة ألفربال.
ج- نسبة (907) إذا كانت قيمة المطالبة خمسمائة ألف ريال فأكثرء وتقل عن مليونربال.
د- نسبة (907) إذا كانت قيمة المطالبة مليون ربإلفأعلى.
؟- تُحدد قيمة المطالبة على النحوالآتي:
أ- فيما يتعلق بالدعاوى المالية» تحدد على أساس المبلغ الذي يطلب المدعي الحكمبه.
اب- في الدعاوى المتعلقة بإثنبات صحة عقد أو فسخه أو إبطاله أو الإلزام بتنفيذه» تُحدد على أساس قيمة الشسيء المتنازع عليه وفقاً لقيمته المحددة فيالعقد.
ج- في الدعاوى المتعلقة بمنازعات ملكية عقار؛ تُحدد على أساس قيمة العقار عند رفع الدعوىء وتُحدد قيمة العقار بناء على البيانات التاريخية - الموثقة لدى وزارة العدل -لقيمة
مبايعات هذا العقار والعقارات المجاورة له» ونحو ذلك من الوسائل الأخرى التي ثُمكن الوزارة من تحليلقيمته.

[Retrieved Article 3]
Law: اللائحة التنفيذية لنظام التكاليف القضائية
Article: المادة التاسعة
Text: المادة التاسعة
فيما عدا طلب النقض وطلب التماس إعادة النظرء تصدر الإدارة المختصة -التي يحددها وزير العدل- التقدير النهائي لمبلغ التكاليف القضائية للطلب بعد البت فيه ويبلغ المكلفبأداء
هذه التكاليف؛ ولا يُحصل مبلغ التكاليف من المكلف إلا بعد انتهاء مدة الاعتراض على التقدير أو صدور قرار في شأناعتراضه.",1.0,1.0,0.0,1.0,1.0,"```json
{
  ""correctness"": 5,
  ""faithfulness"": 5,
  ""arabic_quality"": 5,
  ""hallucination"": 0,
  ""reason"": ""الإجابة دقيقة وموثقة من النص القانوني المرجعي الذهبي، وواضحة ومكتوبة بشكل محترف باللغة العربية.""
}
```",7.380593470000349,1129,False,True,5.0,5.0,5.0,0,الإجابة دقيقة وموثقة من النص القانوني المرجعي الذهبي، وواضحة ومكتوبة بشكل محترف باللغة العربية.
Q021,ALLaM-7B-Instruct-preview,"{
  ""answer_ar"": ""نعم، إذا ترتب على الطلب تغير في تقدير قيمة الدعوى سواء بالزيادة أو النقص، فتُحسب التكاليف القضائية للدعوى بناءً على تقدير القيمة الجديدة لها، وذلك مع عدم الإخلال بالتكاليف القضائية المحددة للطلب ذاته."",
  ""citations"": [
    {""law"": ""نظام التكاليف القضائية"", ""article"": ""المادة التاسعة""}
  ],
  ""insufficient_context"": false
}",9.304588478999904,1142,False,True,نعم، إذا ترتب على الطلب تغير في تقدير قيمة الدعوى سواء بالزيادة أو النقص، فتُحسب التكاليف القضائية للدعوى بناءً على تقدير القيمة الجديدة لها، وذلك مع عدم الإخلال بالتكاليف القضائية المحددة للطلب ذاته.,"[{'law': 'نظام التكاليف القضائية', 'article': 'المادة التاسعة'}]",False,informal,إذا تغير مبلغ المطالبة تتغير الرسوم بعد؟,نظام التكاليف القضائية,المادة التاسعة,نظامالتكاليفالقضايية||المادةالتاسعة,"المادة التاسعة
إذا ترتب على الطلب تغير في تقدير قيمة الدعوى سواء بالزيادة أو النقص» فتُحسب التكاليف القضائية للدعوى بناء على تقدير القيمة الجديدة لهاء وذلك مع عدم الإخلالبالتكاليف
القضائية المحددة للطلبذاته.","[('نظام التكاليف القضائية', 'المادة التاسعة'), ('نظام المعاملات المدنية', 'المادة الثالثة والعشرون بعدالثلاثمائة'), ('نظام المعاملات المدنية', 'المادة الحادية والسبعون بعدالأربعمائة')]","['نظامالتكاليفالقضايية||المادةالتاسعة', 'نظامالمعاملاتالمدنية||المادةالثالثةوالعشرونبعدالثلاثماية', 'نظامالمعاملاتالمدنية||المادةالحاديةوالسبعونبعدالاربعماية']",True,"User Query:
إذا تغير مبلغ المطالبة تتغير الرسوم بعد؟

[Retrieved Article 1]
Law: نظام التكاليف القضائية
Article: المادة التاسعة
Text: المادة التاسعة
إذا ترتب على الطلب تغير في تقدير قيمة الدعوى سواء بالزيادة أو النقص» فتُحسب التكاليف القضائية للدعوى بناء على تقدير القيمة الجديدة لهاء وذلك مع عدم الإخلالبالتكاليف
القضائية المحددة للطلبذاته.

[Retrieved Article 2]
Law: نظام المعاملات المدنية
Article: المادة الثالثة والعشرون بعدالثلاثمائة
Text: المادة الثالثة والعشرون بعدالثلاثمائة
-١ إذا عين مقدار المبيع عند العقد فبان فيه نقصٌ أو زيادةٌ ولم يوجد اتفاقٌ؛ وجب اتباعالآني:
أ- إذا كان المبيع مما تضره التجزئة والثمن المسمى لمجموعه وليس بالوحدة القياسية فالزيادة للمشتري والنقص لا يقابله شيء من الثمن» وفيما عداذلك
يكون النقص من حساب البائع والزيادة له يستردها عيناً إن كان المبيع لا تضره التجزئة أو يستحق ثمنها إن كان المبيع تضرهالتجزئة.
ب- إذا كانت الزيادة ُلزم المشتري أكثر مما اشترى به بمقدار جسيم أو كان النقص يُخل بغرضه بحيث لو علم به لما أتم العقد كان له طلب فسخالبيع.
-١ لا تسمع الدعوى بالفسخ أو إنقاص الثمن أو إكماله إذا انقضت (سنة) من تاريخ تسليمالمبيع.
-١ إذا عي
ا اشترى به بمقدار جسيم أو كان النقص يُخل بغرضه بحيث لو علم به لما أتم العقد كان له طلب فسخالبيع.
-١ لا تسمع الدعوى بالفسخ أو إنقاص الثمن أو إكماله إذا انقضت (سنة) من تاريخ تسليمالمبيع.
-١ إذا عين مقدار المبيع عند العقد فبان فيه نقصصٌ أو زيادةٌ ولم يوجد اتفاقٌ؛ وجب اتباعالآتي:
أ- إذا كان المبيع مما تضره التجزئة والثمن المسمى لمجموعه وليس بالوحدة القياسية فالزيادة للمشتري والنقص لا يقابله شيء من الثمن» وفيما عدا ذلك يكون النقص منحساب
البائع والزيادة له يستردها عيناً إن كان المبيع لا تضره التجزئة أو يستحق ثمنها إن كان المبيع تضرهالتجزئة.
ب- إذا كانت الزيادة ثلزم المشتري أكثر مما اشترى به بمقدار جسيم أو كان النقص يُخل بغرضه بحيث لو علم به لما أتم العقد كان له طلب فسخالبيع.
؟- لا تسمع الدعوى بالفسخ أو إنقاص الثمن أو إكماله إذا انقضت (سنة) من تاريخ تسليمالمبيع.

[Retrieved Article 3]
Law: نظام المعاملات المدنية
Article: المادة الحادية والسبعون بعدالأربعمائة
Text: المادة الحادية والسبعون بعدالأربعمائة
-١ إذا تم عقد المقاولة بموجب تصميم متفق عليه مقابل أجِرٍ إجماليّ فليس للمقاول أن يطالب بأيّ زيادةٍ في الأجر ولو ارتفعت أسعار المواد المستخدمةفي
؟- ليس للمقاول إذا حدث في التصميم تعديل أو إضافة أن يطالب بأي زيادة في الأجر إلا إذا كان ذلك راجعاً إلى خطأ صاحب العمل أو كان بإذنه واتفقمع
المقاول على الزيادة فيالأجر.
""- إذا انهار التوازن العقدي بين التزامات كل من صاحب العمل والمقاول بسبب ظروف استثنائية عامّةٍ لم يكن في الوسع توقعها وقت التعاقد وتداعىبذلك
الأساس الذي قام عليه التقدير المالي لعقد المقاولة» فللمحكمة تبعاً للظروف بعد الموازنة بين مصلحة الطرفين أن تقضي بإعادة التوازن العقديء بما فيذلك
تمديد مدة التنفيذ أو زيادة الأجر أو إنقاصه؛ أو أن تقضي بفسخالعقد.
-١ إذا تم عقد المقاولة بموجب تصميم متفق عليه مقابل أجرٍ إجماليّ فليس للمقاول أن يطالب بأيّ زيادةٍ في الأجر ولو ارتفعت أسعار المواد المستخدمة في العمل أو ارتفعتأجور
العمال أو غيرها منالنفقات.
""- ليس للمقاول إذا حدث في التصميم تعديل أو إضافة أن يطالب بأي زيادة في الأجر إلا إذا كان ذلك راجعاً إلى خطأ صاحب العمل أو كان بإذنه واتفق مع المقاول على الزيادةفي
الأجر.
""- إذا انهار التوازن العقدي بين التزامات كل من صاحب العمل والمقاول بسبب ظروف استثنائيةٍ عامَّةٍ لم يكن في الوسع توقعها وقت التعاقد وتداعى بذلك الأساس الذي قامعليه
التقدير المالي لعقد المقاولة» فللمحكمة تبعاً للظلروف بعد الموازنة بين مصلحة الطرفين أن تقضي بإعادة التوازن العقديء؛ بما في ذلك تمديد مدة التنفيذ أو زيادة الأجر أو إنقاصه؛أو
أن تقضي بفسخالعقد.",1.0,1.0,0.0,1.0,1.0,"```json
{
  ""correctness"": 4,
  ""faithfulness"": 3,
  ""arabic_quality"": 4,
  ""hallucination"": 0,
  ""reason"": ""الإجابة دقيقة وموثقة من النص القانوني المرجعي الذهبي، ولكنها لم تستخدم السياق المسترجع بشكل كامل.""
}
```

**تفصيل السبب:**
- **correctness (دقة):** 4/5 - الإجابة دقيقة وموثقة من النص القانوني المرجعي الذهبي.
- **faithfulness (ولوجية):** 3/5 - الإجابة لم تستخدم السياق المسترجع بشكل كامل، حيث أن السياق المسترجع يحتوي على مواد أخرى غير مرتبطة بالرسوم القضائية.
- **arabic_quality (جودة اللغة العربية):** 4/5 - الإجابة واضحة ومكتوبة بشكل محترف، ولكن يمكن تحسينها من حيث التعبير.
- **hall",19.0352957970008,1783,False,True,4.0,3.0,4.0,0,الإجابة دقيقة وموثقة من النص القانوني المرجعي الذهبي، ولكنها لم تستخدم السياق المسترجع بشكل كامل.
Q022,ALLaM-7B-Instruct-preview,"{
  ""answer_ar"": ""الدعاوى التي يجب فيها اللجوء إلى المصالحة أو الوساطة قبل قيد الدعوى تشمل: الدعاوى المنصوص عليها في الفقرة (أ) من المادة الثامنة والخمسين من اللائحة التنفيذية لنظام المحاكم التجارية، والدعاوى المنصوص عليها في الفقرة (1) من المادة الحادية عشرة من اللائحة، والدعاوى التي يكون أطرافها زوجين أو تربطهم صلة قرابة إلى الدرجة الرابعة، والدعاوى المتعلقة بالعقود التي تتضمن الاتفاق - كتابة - على اللجوء إلى المصالحة والوساطة والتسوية الودية قبل اللجوء إلى القضاء، والدعاوى اليسيرة التي يجب أن تسبق نظرها المصالحة والوساطة على ألا تزيد مدة تلك الإجراءات على خمسة عشر يوماً."",
  ""citations"": [
    {""law"": ""اللائحة التنفيذية لنظام المحاكم التجارية"", ""article"": ""المادة الثامنة والخمسين""}
  ],
  ""insufficient_context"": false
}",14.364536692,608,False,True,الدعاوى التي يجب فيها اللجوء إلى المصالحة أو الوساطة قبل قيد الدعوى تشمل: الدعاوى المنصوص عليها في الفقرة (أ) من المادة الثامنة والخمسين من اللائحة التنفيذية لنظام المحاكم التجارية، والدعاوى المنصوص عليها في الفقرة (1) من المادة الحادية عشرة من اللائحة، والدعاوى التي يكون أطرافها زوجين أو تربطهم صلة قرابة إلى الدرجة الرابعة، والدعاوى المتعلقة بالعقود التي تتضمن الاتفاق - كتابة - على اللجوء إلى المصالحة والوساطة والتسوية الودية قبل اللجوء إلى القضاء، والدعاوى اليسيرة التي يجب أن تسبق نظرها المصالحة والوساطة على ألا تزيد مدة تلك الإجراءات على خمسة عشر يوماً.,"[{'law': 'اللائحة التنفيذية لنظام المحاكم التجارية', 'article': 'المادة الثامنة والخمسين'}]",False,formal_direct,ما الدعاوى التي يجب فيها اللجوء إلى المصالحة أو الوساطة قبل قيد الدعوى؟,اللائحة التنفيذية لنظام المحاكم التجارية,المادة الثامنة والخمسون,اللايحةالتنفيذيةلنظامالمحاكمالتجارية||المادةالثامنةوالخمسون,"المادة الثامنة والخمسون : الدعاوى التي يجب فيها سبق اللجوء للمصالحةوالوساطة
يجب اللجوء إلى المصالحة والوساطة قبل قيد أي من الدعاوىالآتية:
أ- الدعاوى المنصوص عليها في الفقرة (؟) من المادة السادسة عشرة منالنظام.
ب - الدعاوى المنصوص عليها في الفقرة )١( من المادة الحادية عشرة مناللائحة.
ج - الدعاوى التي يكون أطرافها زوجين» أو تربطهم صلة قرابة إلى الدرجةالرابعة.
د - الدعاوى المتعلقة بالعقود التي تتضمن الاتفاق - كتابة - على اللجوء إلى المصالحة والوساطة والتسوية الودية قبل اللجوء إلىالقضاء.","[('اللائحة التنفيذية لنظام المحاكم التجارية', 'المادة الثامنة والخمسون'), ('اللائحة التنفيذية لنظام المحاكم التجارية', 'المادة التاسعة والخمسون'), ('اللائحة التنفيذية لنظام المحاكم التجارية', 'المادة الأربعون بعد المائتين')]","['اللايحةالتنفيذيةلنظامالمحاكمالتجارية||المادةالثامنةوالخمسون', 'اللايحةالتنفيذيةلنظامالمحاكمالتجارية||المادةالتاسعةوالخمسون', 'اللايحةالتنفيذيةلنظامالمحاكمالتجارية||المادةالاربعونبعدالمايتين']",True,"User Query:
ما الدعاوى التي يجب فيها اللجوء إلى المصالحة أو الوساطة قبل قيد الدعوى؟

[Retrieved Article 1]
Law: اللائحة التنفيذية لنظام المحاكم التجارية
Article: المادة الثامنة والخمسون
Text: المادة الثامنة والخمسون : الدعاوى التي يجب فيها سبق اللجوء للمصالحةوالوساطة
يجب اللجوء إلى المصالحة والوساطة قبل قيد أي من الدعاوىالآتية:
أ- الدعاوى المنصوص عليها في الفقرة (؟) من المادة السادسة عشرة منالنظام.
ب - الدعاوى المنصوص عليها في الفقرة )١( من المادة الحادية عشرة مناللائحة.
ج - الدعاوى التي يكون أطرافها زوجين» أو تربطهم صلة قرابة إلى الدرجةالرابعة.
د - الدعاوى المتعلقة بالعقود التي تتضمن الاتفاق - كتابة - على اللجوء إلى المصالحة والوساطة والتسوية الودية قبل اللجوء إلىالقضاء.

[Retrieved Article 2]
Law: اللائحة التنفيذية لنظام المحاكم التجارية
Article: المادة التاسعة والخمسون
Text: المادة التاسعة والخمسون : الدعاوى التي يجب فيها سبق اللجوء للمصالحةوالوساطة
-١ يتحقق سبق اللجوء إلى المصالحة بتقديم وثيقة بانتهاء المصالحة بغير صلح أو بصلح في بعض المنازعة:» أو تقديم ما يثبت البدء في إجراءات المصالحة ومضي المدة المحددةفي
الفقرة )١( من المادة الثامنة من النظام» ولا يحول قيد الدعوى دون استمرار عملية المصالحةوالوساطة.
-١ تطبق أحكام المادة الحادية والعشرين من النظام في حال عدم تقديم المدعي ما نصت عليه الفقرة )١( من هذهالمادة .

[Retrieved Article 3]
Law: اللائحة التنفيذية لنظام المحاكم التجارية
Article: المادة الأربعون بعد المائتين
Text: المادة الأربعون بعد المائتين: إجراءات نظر الدعاوىاليسيرة
يجب أن يسبق نظر الدعاوى اليسيرة اللجوْ إلى المصالحة والوساطة:؛ على ألا تزيد مدة تلك الإجراءات على (خمسة عشر)يوماً.",1.0,0.0,1.0,0.0,1.0,"```json
{
  ""correctness"": 4,
  ""faithfulness"": 4,
  ""arabic_quality"": 4,
  ""hallucination"": 0,
  ""reason"": ""الإجابة تشمل جميع النقاط المذكورة في النص القانوني المرجعي الذهبي، مع إضافة نقطة إضافية عن الدعاوى اليسيرة التي يجب أن تسبق نظرها المصالحة والوساطة، مما يجعلها أكثر شمولية.""
}
```",9.484108304999609,1274,False,True,4.0,4.0,4.0,0,الإجابة تشمل جميع النقاط المذكورة في النص القانوني المرجعي الذهبي، مع إضافة نقطة إضافية عن الدعاوى اليسيرة التي يجب أن تسبق نظرها المصالحة والوساطة، مما يجعلها أكثر شمولية.
Q023,ALLaM-7B-Instruct-preview,"{
  ""answer_ar"": ""الدعاوى التي يكون أطرافها زوجين، أو تربطهم صلة قرابة إلى الدرجة الرابعة، والدعاوى المتعلقة بالعقود التي تتضمن الاتفاق - كتابة - على اللجوء إلى المصالحة والوساطة والتسوية الودية قبل اللجوء إلى القضاء، والدعاوى اليسيرة التي لا تزيد مدة إجراءات المصالحة فيها على خمسة عشر يوماً."",
  ""citations"": [
    {""law"": ""اللائحة التنفيذية لنظام المحاكم التجارية"", ""article"": ""المادة الثامنة والخمسون""}
  ],
  ""insufficient_context"": false
}",10.128604152999742,608,False,True,الدعاوى التي يكون أطرافها زوجين، أو تربطهم صلة قرابة إلى الدرجة الرابعة، والدعاوى المتعلقة بالعقود التي تتضمن الاتفاق - كتابة - على اللجوء إلى المصالحة والوساطة والتسوية الودية قبل اللجوء إلى القضاء، والدعاوى اليسيرة التي لا تزيد مدة إجراءات المصالحة فيها على خمسة عشر يوماً.,"[{'law': 'اللائحة التنفيذية لنظام المحاكم التجارية', 'article': 'المادة الثامنة والخمسون'}]",False,formal_paraphrase,متى يكون سبق المصالحة أو الوساطة شرطًا قبل رفع الدعوى التجارية؟,اللائحة التنفيذية لنظام المحاكم التجارية,المادة الثامنة والخمسون,اللايحةالتنفيذيةلنظامالمحاكمالتجارية||المادةالثامنةوالخمسون,"المادة الثامنة والخمسون : الدعاوى التي يجب فيها سبق اللجوء للمصالحةوالوساطة
يجب اللجوء إلى المصالحة والوساطة قبل قيد أي من الدعاوىالآتية:
أ- الدعاوى المنصوص عليها في الفقرة (؟) من المادة السادسة عشرة منالنظام.
ب - الدعاوى المنصوص عليها في الفقرة )١( من المادة الحادية عشرة مناللائحة.
ج - الدعاوى التي يكون أطرافها زوجين» أو تربطهم صلة قرابة إلى الدرجةالرابعة.
د - الدعاوى المتعلقة بالعقود التي تتضمن الاتفاق - كتابة - على اللجوء إلى المصالحة والوساطة والتسوية الودية قبل اللجوء إلىالقضاء.","[('اللائحة التنفيذية لنظام المحاكم التجارية', 'المادة الثامنة والخمسون'), ('اللائحة التنفيذية لنظام المحاكم التجارية', 'المادة التاسعة والخمسون'), ('اللائحة التنفيذية لنظام المحاكم التجارية', 'المادة الأربعون بعد المائتين')]","['اللايحةالتنفيذيةلنظامالمحاكمالتجارية||المادةالثامنةوالخمسون', 'اللايحةالتنفيذيةلنظامالمحاكمالتجارية||المادةالتاسعةوالخمسون', 'اللايحةالتنفيذيةلنظامالمحاكمالتجارية||المادةالاربعونبعدالمايتين']",True,"User Query:
متى يكون سبق المصالحة أو الوساطة شرطًا قبل رفع الدعوى التجارية؟

[Retrieved Article 1]
Law: اللائحة التنفيذية لنظام المحاكم التجارية
Article: المادة الثامنة والخمسون
Text: المادة الثامنة والخمسون : الدعاوى التي يجب فيها سبق اللجوء للمصالحةوالوساطة
يجب اللجوء إلى المصالحة والوساطة قبل قيد أي من الدعاوىالآتية:
أ- الدعاوى المنصوص عليها في الفقرة (؟) من المادة السادسة عشرة منالنظام.
ب - الدعاوى المنصوص عليها في الفقرة )١( من المادة الحادية عشرة مناللائحة.
ج - الدعاوى التي يكون أطرافها زوجين» أو تربطهم صلة قرابة إلى الدرجةالرابعة.
د - الدعاوى المتعلقة بالعقود التي تتضمن الاتفاق - كتابة - على اللجوء إلى المصالحة والوساطة والتسوية الودية قبل اللجوء إلىالقضاء.

[Retrieved Article 2]
Law: اللائحة التنفيذية لنظام المحاكم التجارية
Article: المادة التاسعة والخمسون
Text: المادة التاسعة والخمسون : الدعاوى التي يجب فيها سبق اللجوء للمصالحةوالوساطة
-١ يتحقق سبق اللجوء إلى المصالحة بتقديم وثيقة بانتهاء المصالحة بغير صلح أو بصلح في بعض المنازعة:» أو تقديم ما يثبت البدء في إجراءات المصالحة ومضي المدة المحددةفي
الفقرة )١( من المادة الثامنة من النظام» ولا يحول قيد الدعوى دون استمرار عملية المصالحةوالوساطة.
-١ تطبق أحكام المادة الحادية والعشرين من النظام في حال عدم تقديم المدعي ما نصت عليه الفقرة )١( من هذهالمادة .

[Retrieved Article 3]
Law: اللائحة التنفيذية لنظام المحاكم التجارية
Article: المادة الأربعون بعد المائتين
Text: المادة الأربعون بعد المائتين: إجراءات نظر الدعاوىاليسيرة
يجب أن يسبق نظر الدعاوى اليسيرة اللجوْ إلى المصالحة والوساطة:؛ على ألا تزيد مدة تلك الإجراءات على (خمسة عشر)يوماً.",1.0,1.0,0.0,1.0,1.0,"```json
{
  ""correctness"": 4,
  ""faithfulness"": 3,
  ""arabic_quality"": 4,
  ""hallucination"": 0,
  ""reason"": ""الإجابة تشمل جميع الحالات المذكورة في النص القانوني الذهبي، لكنها لم تذكر الدعاوى المنصوص عليها في الفقرة (؟) من المادة السادسة عشرة من النظام، مما يقلل من درجة الدقة. بالإضافة إلى ذلك، فإن الصياغة اللغوية دقيقة ومهنية.""
}
```

**تفصيل الأسباب:**
- **الدقة (Correctness):** 4/5 - الإجابة تشمل جميع الحالات المذكورة في النص القانوني الذهبي، لكنها لم تذكر الدعاوى المنصوص عليها في الفقرة (؟) من المادة السادسة عشرة من النظام، مما يقلل من درجة الدقة.
- **الوفاء بال Faithfulness:** 3/5 - السياق",17.012789657999747,1173,False,True,4.0,3.0,4.0,0,الإجابة تشمل جميع الحالات المذكورة في النص القانوني الذهبي، لكنها لم تذكر الدعاوى المنصوص عليها في الفقرة (؟) من المادة السادسة عشرة من النظام، مما يقلل من درجة الدقة. بالإضافة إلى ذلك، فإن الصياغة اللغوية دقيقة ومهنية.
Q024,ALLaM-7B-Instruct-preview,"{
  ""answer_ar"": ""يجب اللجوء إلى المصالحة والوساطة قبل قيد أي من الدعاوى المنصوص عليها في الفقرة (أ) من المادة الثامنة والخمسين من اللائحة التنفيذية لنظام المحاكم التجارية، وكذلك الدعاوى المنصوص عليها في الفقرة (1) من المادة الحادية عشرة من اللائحة، والدعاوى التي يكون أطرافها زوجين أو تربطهم صلة قرابة إلى الدرجة الرابعة، والدعاوى المتعلقة بالعقود التي تتضمن الاتفاق - كتابة - على اللجوء إلى المصالحة والوساطة والتسوية الودية قبل اللجوء إلى القضاء."",
  ""citations"": [
    {""law"": ""اللائحة التنفيذية لنظام المحاكم التجارية"", ""article"": ""المادة الثامنة والخمسين""}
  ],
  ""insufficient_context"": false
}",11.918580352999925,658,False,True,يجب اللجوء إلى المصالحة والوساطة قبل قيد أي من الدعاوى المنصوص عليها في الفقرة (أ) من المادة الثامنة والخمسين من اللائحة التنفيذية لنظام المحاكم التجارية، وكذلك الدعاوى المنصوص عليها في الفقرة (1) من المادة الحادية عشرة من اللائحة، والدعاوى التي يكون أطرافها زوجين أو تربطهم صلة قرابة إلى الدرجة الرابعة، والدعاوى المتعلقة بالعقود التي تتضمن الاتفاق - كتابة - على اللجوء إلى المصالحة والوساطة والتسوية الودية قبل اللجوء إلى القضاء.,"[{'law': 'اللائحة التنفيذية لنظام المحاكم التجارية', 'article': 'المادة الثامنة والخمسين'}]",False,informal,متى لازم أحاول أصلح أو أتوسط قبل ما أرفع القضية؟,اللائحة التنفيذية لنظام المحاكم التجارية,المادة الثامنة والخمسون,اللايحةالتنفيذيةلنظامالمحاكمالتجارية||المادةالثامنةوالخمسون,"المادة الثامنة والخمسون : الدعاوى التي يجب فيها سبق اللجوء للمصالحةوالوساطة
يجب اللجوء إلى المصالحة والوساطة قبل قيد أي من الدعاوىالآتية:
أ- الدعاوى المنصوص عليها في الفقرة (؟) من المادة السادسة عشرة منالنظام.
ب - الدعاوى المنصوص عليها في الفقرة )١( من المادة الحادية عشرة مناللائحة.
ج - الدعاوى التي يكون أطرافها زوجين» أو تربطهم صلة قرابة إلى الدرجةالرابعة.
د - الدعاوى المتعلقة بالعقود التي تتضمن الاتفاق - كتابة - على اللجوء إلى المصالحة والوساطة والتسوية الودية قبل اللجوء إلىالقضاء.","[('اللائحة التنفيذية لنظام المحاكم التجارية', 'المادة الثامنة والخمسون'), ('اللائحة التنفيذية لنظام المحاكم التجارية', 'المادة السبعون بعد المائتين'), ('اللائحة التنفيذية لنظام المحاكم التجارية', 'المادة التاسعة والخمسون')]","['اللايحةالتنفيذيةلنظامالمحاكمالتجارية||المادةالثامنةوالخمسون', 'اللايحةالتنفيذيةلنظامالمحاكمالتجارية||المادةالسبعونبعدالمايتين', 'اللايحةالتنفيذيةلنظامالمحاكمالتجارية||المادةالتاسعةوالخمسون']",True,"User Query:
متى لازم أحاول أصلح أو أتوسط قبل ما أرفع القضية؟

[Retrieved Article 1]
Law: اللائحة التنفيذية لنظام المحاكم التجارية
Article: المادة الثامنة والخمسون
Text: المادة الثامنة والخمسون : الدعاوى التي يجب فيها سبق اللجوء للمصالحةوالوساطة
يجب اللجوء إلى المصالحة والوساطة قبل قيد أي من الدعاوىالآتية:
أ- الدعاوى المنصوص عليها في الفقرة (؟) من المادة السادسة عشرة منالنظام.
ب - الدعاوى المنصوص عليها في الفقرة )١( من المادة الحادية عشرة مناللائحة.
ج - الدعاوى التي يكون أطرافها زوجين» أو تربطهم صلة قرابة إلى الدرجةالرابعة.
د - الدعاوى المتعلقة بالعقود التي تتضمن الاتفاق - كتابة - على اللجوء إلى المصالحة والوساطة والتسوية الودية قبل اللجوء إلىالقضاء.

[Retrieved Article 2]
Law: اللائحة التنفيذية لنظام المحاكم التجارية
Article: المادة السبعون بعد المائتين
Text: المادة السبعون بعد المائتين: عرض التسوية في الدعوىالجماعية
يجب قبل نظر الدعوى الجماعية عرض التسوية على الأطرافء وفي حال توصل ممثل المدعين إلى تسوية مع المدعى عليه» فيجب على ممثل المدعين عرضها علىالمدعين
بالوسيلة المناسبة مع تحديد ميعاد لإبداء الموافقة على العرض من عدمه خلال مدة لا تتجاوز ثلاثين يومأ؛ وفي حال قبلها أغلبية المدعين» فتثبت التسوية بحق من قبل بهاوتنهي
المحكمة الدعوى الجماعيةبذلك.

[Retrieved Article 3]
Law: اللائحة التنفيذية لنظام المحاكم التجارية
Article: المادة التاسعة والخمسون
Text: المادة التاسعة والخمسون : الدعاوى التي يجب فيها سبق اللجوء للمصالحةوالوساطة
-١ يتحقق سبق اللجوء إلى المصالحة بتقديم وثيقة بانتهاء المصالحة بغير صلح أو بصلح في بعض المنازعة:» أو تقديم ما يثبت البدء في إجراءات المصالحة ومضي المدة المحددةفي
الفقرة )١( من المادة الثامنة من النظام» ولا يحول قيد الدعوى دون استمرار عملية المصالحةوالوساطة.
-١ تطبق أحكام المادة الحادية والعشرين من النظام في حال عدم تقديم المدعي ما نصت عليه الفقرة )١( من هذهالمادة .",1.0,0.0,1.0,0.0,1.0,"{
  ""correctness"": 4,
  ""faithfulness"": 3,
  ""arabic_quality"": 4,
  ""hallucination"": 0,
  ""reason"": ""الإجابة دقيقة فيما يتعلق بالدعاوى التي يجب فيها اللجوء للمصالحة والوساطة، ولكنها لم تذكر الدعاوى الجماعية كما هو موجود في السياق المسترجع.""
}",8.37104805600029,1295,False,True,4.0,3.0,4.0,0,الإجابة دقيقة فيما يتعلق بالدعاوى التي يجب فيها اللجوء للمصالحة والوساطة، ولكنها لم تذكر الدعاوى الجماعية كما هو موجود في السياق المسترجع.
Q025,ALLaM-7B-Instruct-preview,"{
  ""answer_ar"": ""يجب أن يتضمن الإخطار بيانات الأطراف، موضوع النزاع، الطلبات، ومستند المطالبة""،
  ""citations"": [
    {""law"": ""اللائحة التنفيذية لنظام المحاكم التجارية"", ""article"": ""المادة السبعون""}
  ],
  ""insufficient_context"": false
}",6.092043913999987,533,False,False,"{
  ""answer_ar"": ""يجب أن يتضمن الإخطار بيانات الأطراف، موضوع النزاع، الطلبات، ومستند المطالبة""،
  ""citations"": [
    {""law"": ""اللائحة التنفيذية لنظام المحاكم التجارية"", ""article"": ""المادة السبعون""}
  ],
  ""insufficient_context"": false
}",[],,formal_direct,ما البيانات التي يجب أن يتضمنها الإخطار قبل رفع الدعوى؟,اللائحة التنفيذية لنظام المحاكم التجارية,المادة السبعون,اللايحةالتنفيذيةلنظامالمحاكمالتجارية||المادةالسبعون,"المادة السبعون:
يجب أن يتضمن الإخطار بيانات الأطراف؛ وموضوع النزاع؛ والطلبات» ومستندالمطالبة.","[('اللائحة التنفيذية لنظام المحاكم التجارية', 'المادة السبعون'), ('اللائحة التنفيذية لنظام المحاكم التجارية', 'المادة السادسة والسبعون'), ('اللائحة التنفيذية لنظام المحاكم التجارية', 'المادة الثانيةوالسبعون')]","['اللايحةالتنفيذيةلنظامالمحاكمالتجارية||المادةالسبعون', 'اللايحةالتنفيذيةلنظامالمحاكمالتجارية||المادةالسادسةوالسبعون', 'اللايحةالتنفيذيةلنظامالمحاكمالتجارية||المادةالثانيةوالسبعون']",True,"User Query:
ما البيانات التي يجب أن يتضمنها الإخطار قبل رفع الدعوى؟

[Retrieved Article 1]
Law: اللائحة التنفيذية لنظام المحاكم التجارية
Article: المادة السبعون
Text: المادة السبعون:
يجب أن يتضمن الإخطار بيانات الأطراف؛ وموضوع النزاع؛ والطلبات» ومستندالمطالبة.

[Retrieved Article 2]
Law: اللائحة التنفيذية لنظام المحاكم التجارية
Article: المادة السادسة والسبعون
Text: المادة السادسة والسبعون : بيانات صحيفةالدعوى
يجب أن تتضمن صحيفة الدعوى - إضافة إلى البيانات المنصوص عليها في النظام ونظام المرافعات الشرعية -الآتي:
أ- الاسم الكامل للشخص الطبيعي للمدعي والمدعىعليه.
ب - رقم الهوية للشخص الطبيعيء ورقم السجل التجاري للشخص الاعتباري» وترخيص الاستثمار للمستثمر الأجنبي -بحسب الأحوال- للمدعي والمدعىعليه.
د - تاريخ الإخطار في الدعاوى التي يجب فيهاالإخطار.
ه - ما يتوافر من معلومات عن نشاط الطرف إذا كانتاجراً.
و - رقم رخصة المحاماة إذا كانت الدعوى يجب رفعها منمحام.
ز - بيانات الدعاوى المرتبطة - إن وجدت-.

[Retrieved Article 3]
Law: اللائحة التنفيذية لنظام المحاكم التجارية
Article: المادة الثانيةوالسبعون
Text: المادة الثانيةوالسبعون :
يجب أن يرافق صحيفة الدعوى ما يثبت الإخطارء وفي حال عدم إرفاق ما يثبت الإخطار فتطبق أحكام المادة الحادية والعشرين منالنظام.",0.0,0.0,0.0,0.0,0.0,"{
  ""correctness"": 5,
  ""faithfulness"": 5,
  ""arabic_quality"": 5,
  ""hallucination"": 0,
  ""reason"": ""الإجابة دقيقة وموثقة من النص القانوني الذهبي، وواضحة ومهنية باللغة العربية.""
}",5.668377230999795,856,False,True,5.0,5.0,5.0,0,الإجابة دقيقة وموثقة من النص القانوني الذهبي، وواضحة ومهنية باللغة العربية.
Q026,ALLaM-7B-Instruct-preview,"{
  ""answer_ar"": ""يجب أن يتضمن الإخطار بيانات الأطراف، موضوع النزاع، الطلبات، ومستند المطالبة""،
  ""citations"": [
    {""law"": ""اللائحة التنفيذية لنظام المحاكم التجارية"", ""article"": ""المادة السبعون""}
  ],
  ""insufficient_context"": false
}",6.748706933999984,837,False,False,"{
  ""answer_ar"": ""يجب أن يتضمن الإخطار بيانات الأطراف، موضوع النزاع، الطلبات، ومستند المطالبة""،
  ""citations"": [
    {""law"": ""اللائحة التنفيذية لنظام المحاكم التجارية"", ""article"": ""المادة السبعون""}
  ],
  ""insufficient_context"": false
}",[],,formal_paraphrase,ما المعلومات الواجب تضمينها في إخطار الطرف الآخر بالنزاع؟,اللائحة التنفيذية لنظام المحاكم التجارية,المادة السبعون,اللايحةالتنفيذيةلنظامالمحاكمالتجارية||المادةالسبعون,"المادة السبعون:
يجب أن يتضمن الإخطار بيانات الأطراف؛ وموضوع النزاع؛ والطلبات» ومستندالمطالبة.","[('اللائحة التنفيذية لنظام المحاكم التجارية', 'المادة السبعون'), ('نظام التحكيم', 'المادة السادسةوالثلاثون'), ('نظام التحكيم', 'المادة الثلاثون')]","['اللايحةالتنفيذيةلنظامالمحاكمالتجارية||المادةالسبعون', 'نظامالتحكيم||المادةالسادسةوالثلاثون', 'نظامالتحكيم||المادةالثلاثون']",True,"User Query:
ما المعلومات الواجب تضمينها في إخطار الطرف الآخر بالنزاع؟

[Retrieved Article 1]
Law: اللائحة التنفيذية لنظام المحاكم التجارية
Article: المادة السبعون
Text: المادة السبعون:
يجب أن يتضمن الإخطار بيانات الأطراف؛ وموضوع النزاع؛ والطلبات» ومستندالمطالبة.

[Retrieved Article 2]
Law: نظام التحكيم
Article: المادة السادسةوالثلاثون
Text: المادة السادسةوالثلاثون
-١ لهيئة التحكيم تعيين خبير أو أكثرء لتقديم تقرير مكتوب أو شفهي يثبت في محضر الجلسة في شأن مسائل معينة تحددها بقرار منهاء وتبلغ به كلاً من الطرفين ما لم يتفقا علىغير
""- على كل من الطرفين أن يقدم إلى الخبير المعلومات المتعلقة بالنزاع» وأن يمكنه من معاينة وفحص ما يطلبه من وثائق أو سلع أو أموال أخرى متعلقة بالنزاع. وتفصلهيئة
التحكيم في كل نزاع يقوم بين الخبير وأحد الطرفين في هذا الشأن بقرار غير قابل للطعن بأي طريق من طرقالطعن.
'- ترسل هيئة التحكيم صورة من تقرير الخبير بمجرد إيداعه لديها إلى كل من الطرفين؛ مع إتاحة الفرصة له لإبداء رأيه فيه. ولكليهما الحق في الاطلاع على الوثائق التياستند
إليها الخبير في تقريره وفحصها. ويصدر الخبير تقريره النهائي بعد الاطلاع على ما أبداه طرفا التحكيمحوله.
5- لهيئة التحكيم بعد تقديم تقرير الخبير أن تقرر من تلقاء نفسهاء أو بناءً على طلب أحد طرفي التحكيم» عقد جلسة لسماع أقوال الخبيرء مع إتاحة الفرصة للطرفين لسماعهومناقشته
في شأن ما ورد فيتقريره.

[Retrieved Article 3]
Law: نظام التحكيم
Article: المادة الثلاثون
Text: المادة الثلاثون
-١ يرسل المدعي خلال الميعاد المتفق عليه بين الطرفين» أو الذي تعينه هيئة التحكيم إلى المدعى عليه وإلى كل واحد من المحكمين ؛ بياناً مكتوباً بدعواه» يشتمل على اسمه؛وعنوانه»
واسم المدعى عليه» وعنوانه» وشرح لوقائع الدعوى؛ وطلباته» وأسانيده» وكل أمر آخر يوجب اتفاق الطرفين ذكره في هذا البيان. 11
؟- يرسل المدعى عليه خلال الميعاد المتفق عليه بين الطرفين أو الذي تعينه هيئة التحكيم إلى المدعي وإلى كل واحد من المحكمين ؛ جواباً مكتوباً بدفاعه رداً على ما جاء فيبيان
الدعوى. وله أن يضمن جوابه أي طلب متصل بموضوع النزاع. أو أن يتمسك بحق ناشئ منه بقصد الدفع بالمقاصة» وله ذلك ولو في مرحلة لاحقة من الإجراءات إذا رأتهيئة
التحكيم أن الظروف تسوغ التأخير. ٠
""- يجوز لكل واحد من الطرفين أن يرفق ببيان الدعوى أو بجوابه عليها على حسب الأحوال صوراً من الوثائق التي يستند إليهاء وأن يشير إلى كل الوثائق أو بعضهاءوأدلة
الإثبات التي يعتزم تقديمها. ولا يُخل هذا بحق هيئة التحكيم في أي مرحلة كانت عليها الدعوى في طلب تقديم أصول المستندات أو الوثائق التي يستند إليها أي من طرفي الدعوىءأو
صورمنها.",0.0,0.0,0.0,0.0,0.0,"{
  ""correctness"": 5,
  ""faithfulness"": 5,
  ""arabic_quality"": 5,
  ""hallucination"": 0,
  ""reason"": ""الإجابة دقيقة وموثقة من النص القانوني المرجعي الذهبي، وواضحة ومهنية باللغة العربية.""
}",7.370895224999913,1340,False,True,5.0,5.0,5.0,0,الإجابة دقيقة وموثقة من النص القانوني المرجعي الذهبي، وواضحة ومهنية باللغة العربية.
Q027,ALLaM-7B-Instruct-preview,"{
  ""answer_ar"": ""يجب أن يتضمن الإخطار بيانات الأطراف، موضوع النزاع، الطلبات، ومستند المطالبة""،
  ""citations"": [
    {""law"": ""اللائحة التنفيذية لنظام المحاكم التجارية"", ""article"": ""المادة السبعون""}
  ],
  ""insufficient_context"": false
}",6.516263983000044,692,False,False,"{
  ""answer_ar"": ""يجب أن يتضمن الإخطار بيانات الأطراف، موضوع النزاع، الطلبات، ومستند المطالبة""،
  ""citations"": [
    {""law"": ""اللائحة التنفيذية لنظام المحاكم التجارية"", ""article"": ""المادة السبعون""}
  ],
  ""insufficient_context"": false
}",[],,informal,وش لازم أكتب في الإخطار اللي أرسله للطرف الثاني؟,اللائحة التنفيذية لنظام المحاكم التجارية,المادة السبعون,اللايحةالتنفيذيةلنظامالمحاكمالتجارية||المادةالسبعون,"المادة السبعون:
يجب أن يتضمن الإخطار بيانات الأطراف؛ وموضوع النزاع؛ والطلبات» ومستندالمطالبة.","[('اللائحة التنفيذية لنظام المحاكم التجارية', 'المادة السبعون'), ('اللائحة التنفيذية لنظام المحاكم التجارية', 'المادة الحاديةوالسبعون'), ('نظام التحكيم', 'المادة الثلاثون')]","['اللايحةالتنفيذيةلنظامالمحاكمالتجارية||المادةالسبعون', 'اللايحةالتنفيذيةلنظامالمحاكمالتجارية||المادةالحاديةوالسبعون', 'نظامالتحكيم||المادةالثلاثون']",True,"User Query:
وش لازم أكتب في الإخطار اللي أرسله للطرف الثاني؟

[Retrieved Article 1]
Law: اللائحة التنفيذية لنظام المحاكم التجارية
Article: المادة السبعون
Text: المادة السبعون:
يجب أن يتضمن الإخطار بيانات الأطراف؛ وموضوع النزاع؛ والطلبات» ومستندالمطالبة.

[Retrieved Article 2]
Law: اللائحة التنفيذية لنظام المحاكم التجارية
Article: المادة الحاديةوالسبعون
Text: المادة الحاديةوالسبعون :
-١ يتحقق الإخطار بقيام المدعي بإرسال البيانات الواردة في المادة السبعين من اللائحة إلى أي من عناوين المدعى عليه بأي وسيلةكانت.
-١ يعد في حكم الإخطار تقديم ما يثبت اللجوء إلى التسوية الودية أو المصالحة أو الوساطة قبل قيد الدعوى» بشرط مضي المدة المنصوص عليها في الفقرة )١( من المادة التاسعة
عشرة منالنظام.

[Retrieved Article 3]
Law: نظام التحكيم
Article: المادة الثلاثون
Text: المادة الثلاثون
-١ يرسل المدعي خلال الميعاد المتفق عليه بين الطرفين» أو الذي تعينه هيئة التحكيم إلى المدعى عليه وإلى كل واحد من المحكمين ؛ بياناً مكتوباً بدعواه» يشتمل على اسمه؛وعنوانه»
واسم المدعى عليه» وعنوانه» وشرح لوقائع الدعوى؛ وطلباته» وأسانيده» وكل أمر آخر يوجب اتفاق الطرفين ذكره في هذا البيان. 11
؟- يرسل المدعى عليه خلال الميعاد المتفق عليه بين الطرفين أو الذي تعينه هيئة التحكيم إلى المدعي وإلى كل واحد من المحكمين ؛ جواباً مكتوباً بدفاعه رداً على ما جاء فيبيان
الدعوى. وله أن يضمن جوابه أي طلب متصل بموضوع النزاع. أو أن يتمسك بحق ناشئ منه بقصد الدفع بالمقاصة» وله ذلك ولو في مرحلة لاحقة من الإجراءات إذا رأتهيئة
التحكيم أن الظروف تسوغ التأخير. ٠
""- يجوز لكل واحد من الطرفين أن يرفق ببيان الدعوى أو بجوابه عليها على حسب الأحوال صوراً من الوثائق التي يستند إليهاء وأن يشير إلى كل الوثائق أو بعضهاءوأدلة
الإثبات التي يعتزم تقديمها. ولا يُخل هذا بحق هيئة التحكيم في أي مرحلة كانت عليها الدعوى في طلب تقديم أصول المستندات أو الوثائق التي يستند إليها أي من طرفي الدعوىءأو
صورمنها.",0.0,0.0,0.0,0.0,0.0,"{
  ""correctness"": 5,
  ""faithfulness"": 5,
  ""arabic_quality"": 5,
  ""hallucination"": 0,
  ""reason"": ""الإجابة مطابقة للمادة القانونية المرجعية ودقيقة في تضمينها المعلومات اللازمة في الإخطار، ولغتها واضحة ومهنية.""
}",6.805064397000024,1115,False,True,5.0,5.0,5.0,0,الإجابة مطابقة للمادة القانونية المرجعية ودقيقة في تضمينها المعلومات اللازمة في الإخطار، ولغتها واضحة ومهنية.
Q028,ALLaM-7B-Instruct-preview,"{
  ""answer_ar"": ""يجب أن تتضمن صحيفة الدعوى - إضافة إلى البيانات المنصوص عليها في النظام ونظام المرافعات الشرعية - الاسم الكامل للشخص الطبيعي للمدعي والمدعى عليه، رقم الهوية للشخص الطبيعي، رقم السجل التجاري للشخص الاعتباري، وترخيص الاستثمار للمستثمر الأجنبي، تاريخ الإخطار في الدعاوى التي يجب فيها الإخطار، ما يتوافر من معلومات عن نشاط الطرف إذا كان تاجراً، رقم رخصة المحاماة إذا كانت الدعوى يجب رفعها من محام، وبيانات الدعاوى المرتبطة إن وجدت."",
  ""citations"": [
    {""law"": ""اللائحة التنفيذية لنظام المحاكم التجارية"", ""article"": ""المادة السادسة والسبعون""}
  ],
  ""insufficient_context"": false
}",12.002777172000153,619,False,True,يجب أن تتضمن صحيفة الدعوى - إضافة إلى البيانات المنصوص عليها في النظام ونظام المرافعات الشرعية - الاسم الكامل للشخص الطبيعي للمدعي والمدعى عليه، رقم الهوية للشخص الطبيعي، رقم السجل التجاري للشخص الاعتباري، وترخيص الاستثمار للمستثمر الأجنبي، تاريخ الإخطار في الدعاوى التي يجب فيها الإخطار، ما يتوافر من معلومات عن نشاط الطرف إذا كان تاجراً، رقم رخصة المحاماة إذا كانت الدعوى يجب رفعها من محام، وبيانات الدعاوى المرتبطة إن وجدت.,"[{'law': 'اللائحة التنفيذية لنظام المحاكم التجارية', 'article': 'المادة السادسة والسبعون'}]",False,formal_direct,ما البيانات الواجب تضمينها في صحيفة الدعوى التجارية؟,اللائحة التنفيذية لنظام المحاكم التجارية,المادة السادسة والسبعون,اللايحةالتنفيذيةلنظامالمحاكمالتجارية||المادةالسادسةوالسبعون,"المادة السادسة والسبعون : بيانات صحيفةالدعوى
يجب أن تتضمن صحيفة الدعوى - إضافة إلى البيانات المنصوص عليها في النظام ونظام المرافعات الشرعية -الآتي:
أ- الاسم الكامل للشخص الطبيعي للمدعي والمدعىعليه.
ب - رقم الهوية للشخص الطبيعيء ورقم السجل التجاري للشخص الاعتباري» وترخيص الاستثمار للمستثمر الأجنبي -بحسب الأحوال- للمدعي والمدعىعليه.
د - تاريخ الإخطار في الدعاوى التي يجب فيهاالإخطار.
ه - ما يتوافر من معلومات عن نشاط الطرف إذا كانتاجراً.
و - رقم رخصة المحاماة إذا كانت الدعوى يجب رفعها منمحام.
ز - بيانات الدعاوى المرتبطة - إن وجدت-.","[('اللائحة التنفيذية لنظام المحاكم التجارية', 'المادة السادسة والسبعون'), ('اللائحة التنفيذية لنظام المحاكم التجارية', 'المادة السابعة والسبعون'), ('نظام المحاكم التجارية', 'المادة العشرون')]","['اللايحةالتنفيذيةلنظامالمحاكمالتجارية||المادةالسادسةوالسبعون', 'اللايحةالتنفيذيةلنظامالمحاكمالتجارية||المادةالسابعةوالسبعون', 'نظامالمحاكمالتجارية||المادةالعشرون']",True,"User Query:
ما البيانات الواجب تضمينها في صحيفة الدعوى التجارية؟

[Retrieved Article 1]
Law: اللائحة التنفيذية لنظام المحاكم التجارية
Article: المادة السادسة والسبعون
Text: المادة السادسة والسبعون : بيانات صحيفةالدعوى
يجب أن تتضمن صحيفة الدعوى - إضافة إلى البيانات المنصوص عليها في النظام ونظام المرافعات الشرعية -الآتي:
أ- الاسم الكامل للشخص الطبيعي للمدعي والمدعىعليه.
ب - رقم الهوية للشخص الطبيعيء ورقم السجل التجاري للشخص الاعتباري» وترخيص الاستثمار للمستثمر الأجنبي -بحسب الأحوال- للمدعي والمدعىعليه.
د - تاريخ الإخطار في الدعاوى التي يجب فيهاالإخطار.
ه - ما يتوافر من معلومات عن نشاط الطرف إذا كانتاجراً.
و - رقم رخصة المحاماة إذا كانت الدعوى يجب رفعها منمحام.
ز - بيانات الدعاوى المرتبطة - إن وجدت-.

[Retrieved Article 2]
Law: اللائحة التنفيذية لنظام المحاكم التجارية
Article: المادة السابعة والسبعون
Text: المادة السابعة والسبعون : بيانات صحيفةالدعوى
-١ يجب أن تتضمن صحيفة الدعوى بيان الارتباط بين الطلبات حالتعددها.
؟- دون إخلال بما نصت عليه المادة الحادية والعشرون من النظام» تحكم المحكمة بعدم قبول الدعوى عند تضمنها طلبات لا رابط بينهاء ما لم يحصر المدعي دعواه فيأحدها.

[Retrieved Article 3]
Law: نظام المحاكم التجارية
Article: المادة العشرون
Text: المادة العشرون
١.ترفع الدعوى بصحيفة تودع لدى المحكمة؛ وتحدد اللائحة الدعاوى التي يجب رفعها منمحام.
"".يجب أن تتضمن صحيفة الدعوىالآتي:
أ-بيانات الأطراف وممثليهم وصفاتهم وعناوينهم» والبيانات والوثائق التي تحددهااللائحة.
ب-حصر الطلبات» وتحديد جميع أسانيدالدعوى.
"".لا يجمع في صحيفة الدعوى بين عدة طلبات لا رابطبينها.",1.0,1.0,0.0,1.0,1.0,"{
  ""correctness"": 5,
  ""faithfulness"": 5,
  ""arabic_quality"": 5,
  ""hallucination"": 0,
  ""reason"": ""الإجابة متماشية تماماً مع النص القانوني المرجعي الذهبي وتحتوي على جميع البيانات المطلوبة كما وردت في المادة السادسة والسبعون من اللائحة التنفيذية لنظام المحاكم التجارية.""
}",8.593945053000425,1209,False,True,5.0,5.0,5.0,0,الإجابة متماشية تماماً مع النص القانوني المرجعي الذهبي وتحتوي على جميع البيانات المطلوبة كما وردت في المادة السادسة والسبعون من اللائحة التنفيذية لنظام المحاكم التجارية.
Q029,ALLaM-7B-Instruct-preview,"{
  ""answer_ar"": ""يجب أن تتضمن صحيفة الدعوى بيانات الأطراف وممثليهم وصفاتهم وعناوينهم، وحصر الطلبات وتحديد جميع أسانيد الدعوى، مع بيان الارتباط بين الطلبات في حال تعددها، دون إخلال بما نصت عليه المادة الحادية والعشرون من النظام، التي تحكم بعدم قبول الدعوى عند تضمنها طلبات لا رابط بينها."",
  ""citations"": [
    {""law"": ""اللائحة التنفيذية لنظام المحاكم التجارية"", ""article"": ""المادة السابعة والسبعون""}
  ],
  ""insufficient_context"": false
}",9.570817264999732,619,False,True,يجب أن تتضمن صحيفة الدعوى بيانات الأطراف وممثليهم وصفاتهم وعناوينهم، وحصر الطلبات وتحديد جميع أسانيد الدعوى، مع بيان الارتباط بين الطلبات في حال تعددها، دون إخلال بما نصت عليه المادة الحادية والعشرون من النظام، التي تحكم بعدم قبول الدعوى عند تضمنها طلبات لا رابط بينها.,"[{'law': 'اللائحة التنفيذية لنظام المحاكم التجارية', 'article': 'المادة السابعة والسبعون'}]",False,formal_paraphrase,ما متطلبات بيانات أطراف الدعوى عند تقديم صحيفة الدعوى؟,اللائحة التنفيذية لنظام المحاكم التجارية,المادة السادسة والسبعون,اللايحةالتنفيذيةلنظامالمحاكمالتجارية||المادةالسادسةوالسبعون,"المادة السادسة والسبعون : بيانات صحيفةالدعوى
يجب أن تتضمن صحيفة الدعوى - إضافة إلى البيانات المنصوص عليها في النظام ونظام المرافعات الشرعية -الآتي:
أ- الاسم الكامل للشخص الطبيعي للمدعي والمدعىعليه.
ب - رقم الهوية للشخص الطبيعيء ورقم السجل التجاري للشخص الاعتباري» وترخيص الاستثمار للمستثمر الأجنبي -بحسب الأحوال- للمدعي والمدعىعليه.
د - تاريخ الإخطار في الدعاوى التي يجب فيهاالإخطار.
ه - ما يتوافر من معلومات عن نشاط الطرف إذا كانتاجراً.
و - رقم رخصة المحاماة إذا كانت الدعوى يجب رفعها منمحام.
ز - بيانات الدعاوى المرتبطة - إن وجدت-.","[('اللائحة التنفيذية لنظام المحاكم التجارية', 'المادة السادسة والسبعون'), ('نظام المحاكم التجارية', 'المادة العشرون'), ('اللائحة التنفيذية لنظام المحاكم التجارية', 'المادة السابعة والسبعون')]","['اللايحةالتنفيذيةلنظامالمحاكمالتجارية||المادةالسادسةوالسبعون', 'نظامالمحاكمالتجارية||المادةالعشرون', 'اللايحةالتنفيذيةلنظامالمحاكمالتجارية||المادةالسابعةوالسبعون']",True,"User Query:
ما متطلبات بيانات أطراف الدعوى عند تقديم صحيفة الدعوى؟

[Retrieved Article 1]
Law: اللائحة التنفيذية لنظام المحاكم التجارية
Article: المادة السادسة والسبعون
Text: المادة السادسة والسبعون : بيانات صحيفةالدعوى
يجب أن تتضمن صحيفة الدعوى - إضافة إلى البيانات المنصوص عليها في النظام ونظام المرافعات الشرعية -الآتي:
أ- الاسم الكامل للشخص الطبيعي للمدعي والمدعىعليه.
ب - رقم الهوية للشخص الطبيعيء ورقم السجل التجاري للشخص الاعتباري» وترخيص الاستثمار للمستثمر الأجنبي -بحسب الأحوال- للمدعي والمدعىعليه.
د - تاريخ الإخطار في الدعاوى التي يجب فيهاالإخطار.
ه - ما يتوافر من معلومات عن نشاط الطرف إذا كانتاجراً.
و - رقم رخصة المحاماة إذا كانت الدعوى يجب رفعها منمحام.
ز - بيانات الدعاوى المرتبطة - إن وجدت-.

[Retrieved Article 2]
Law: نظام المحاكم التجارية
Article: المادة العشرون
Text: المادة العشرون
١.ترفع الدعوى بصحيفة تودع لدى المحكمة؛ وتحدد اللائحة الدعاوى التي يجب رفعها منمحام.
"".يجب أن تتضمن صحيفة الدعوىالآتي:
أ-بيانات الأطراف وممثليهم وصفاتهم وعناوينهم» والبيانات والوثائق التي تحددهااللائحة.
ب-حصر الطلبات» وتحديد جميع أسانيدالدعوى.
"".لا يجمع في صحيفة الدعوى بين عدة طلبات لا رابطبينها.

[Retrieved Article 3]
Law: اللائحة التنفيذية لنظام المحاكم التجارية
Article: المادة السابعة والسبعون
Text: المادة السابعة والسبعون : بيانات صحيفةالدعوى
-١ يجب أن تتضمن صحيفة الدعوى بيان الارتباط بين الطلبات حالتعددها.
؟- دون إخلال بما نصت عليه المادة الحادية والعشرون من النظام» تحكم المحكمة بعدم قبول الدعوى عند تضمنها طلبات لا رابط بينهاء ما لم يحصر المدعي دعواه فيأحدها.",1.0,1.0,0.0,0.0,1.0,"```json
{
  ""correctness"": 2,
  ""faithfulness"": 1,
  ""arabic_quality"": 4,
  ""hallucination"": 1,
  ""reason"": ""الإجابة تحتوي على معلومات غير متعلقة بالسؤال المطروح، حيث ذكرت معلومات من المادة الحادية والعشرين من النظام والتي ليست متعلقة بموضوع السؤال.""
}
```

**سبب مختصر:**
الإجابة تحتوي على معلومات غير متعلقة بالسؤال المطروح، حيث ذكرت معلومات من المادة الحادية والعشرين من النظام والتي ليست متعلقة بموضوع السؤال. بالإضافة إلى ذلك، الإجابة غير دقيقة لأنها لم تذكر جميع البيانات المطلوبة للأطراف كما هو محدد في النص القانوني المرجعي الذهبي.",14.392504546000055,1167,False,True,2.0,1.0,4.0,1,الإجابة تحتوي على معلومات غير متعلقة بالسؤال المطروح، حيث ذكرت معلومات من المادة الحادية والعشرين من النظام والتي ليست متعلقة بموضوع السؤال.
Q030,ALLaM-7B-Instruct-preview,"{
  ""answer_ar"": ""يجب أن تتضمن صحيفة الدعوى بيانات مثل الاسم الكامل للشخص الطبيعي للمدعي والمدعى عليه، رقم الهوية للشخص الطبيعي، رقم السجل التجاري للشخص الاعتباري، ترخيص الاستثمار للمستثمر الأجنبي، تاريخ الإخطار في الدعاوى التي يجب فيها الإخطار، ما يتوافر من معلومات عن نشاط الطرف إذا كان تجارياً، رقم رخصة المحاماة إذا كانت الدعوى يجب رفعها من محام، وبيانات الدعاوى المرتبطة إن وجدت."",
  ""citations"": [
    {""law"": ""اللائحة التنفيذية لنظام المحاكم التجارية"", ""article"": ""المادة السادسة والسبعون""}
  ],
  ""insufficient_context"": false
}",10.272760262000247,669,False,True,يجب أن تتضمن صحيفة الدعوى بيانات مثل الاسم الكامل للشخص الطبيعي للمدعي والمدعى عليه، رقم الهوية للشخص الطبيعي، رقم السجل التجاري للشخص الاعتباري، ترخيص الاستثمار للمستثمر الأجنبي، تاريخ الإخطار في الدعاوى التي يجب فيها الإخطار، ما يتوافر من معلومات عن نشاط الطرف إذا كان تجارياً، رقم رخصة المحاماة إذا كانت الدعوى يجب رفعها من محام، وبيانات الدعاوى المرتبطة إن وجدت.,"[{'law': 'اللائحة التنفيذية لنظام المحاكم التجارية', 'article': 'المادة السادسة والسبعون'}]",False,informal,إذا برفع دعوى تجارية، وش المعلومات اللي لازم أحطها؟,اللائحة التنفيذية لنظام المحاكم التجارية,المادة السادسة والسبعون,اللايحةالتنفيذيةلنظامالمحاكمالتجارية||المادةالسادسةوالسبعون,"المادة السادسة والسبعون : بيانات صحيفةالدعوى
يجب أن تتضمن صحيفة الدعوى - إضافة إلى البيانات المنصوص عليها في النظام ونظام المرافعات الشرعية -الآتي:
أ- الاسم الكامل للشخص الطبيعي للمدعي والمدعىعليه.
ب - رقم الهوية للشخص الطبيعيء ورقم السجل التجاري للشخص الاعتباري» وترخيص الاستثمار للمستثمر الأجنبي -بحسب الأحوال- للمدعي والمدعىعليه.
د - تاريخ الإخطار في الدعاوى التي يجب فيهاالإخطار.
ه - ما يتوافر من معلومات عن نشاط الطرف إذا كانتاجراً.
و - رقم رخصة المحاماة إذا كانت الدعوى يجب رفعها منمحام.
ز - بيانات الدعاوى المرتبطة - إن وجدت-.","[('اللائحة التنفيذية لنظام المحاكم التجارية', 'المادة الخمسون'), ('اللائحة التنفيذية لنظام المحاكم التجارية', 'المادة السادسة والسبعون'), ('اللائحة التنفيذية لنظام المحاكم التجارية', 'المادة الثامنة والأربعون')]","['اللايحةالتنفيذيةلنظامالمحاكمالتجارية||المادةالخمسون', 'اللايحةالتنفيذيةلنظامالمحاكمالتجارية||المادةالسادسةوالسبعون', 'اللايحةالتنفيذيةلنظامالمحاكمالتجارية||المادةالثامنةوالاربعون']",True,"User Query:
إذا برفع دعوى تجارية، وش المعلومات اللي لازم أحطها؟

[Retrieved Article 1]
Law: اللائحة التنفيذية لنظام المحاكم التجارية
Article: المادة الخمسون
Text: المادة الخمسون: إتاحة اطلاع العموم على بيانات الدعاوىالتجارية
-١ يكون تقرير سرية بعض أوراق الدعوى التجارية أو مستنداتها وفق أحكام الفقرة (؟) من المادة الثالثة عشرة من النظام بناءً على طلب يقدم من أي من الأطراف أو ذيمصلحة
متضمناً أسباب الطلب؛ وللمحكمة - عند الاقتضاء - تقرير سرية الأوراق أو المستندات مؤقتاً إلى حين الفصل فيالطلب.
؟- تفصل المحكمة في طلب السرية بقرار غير قابل للطعن بأي طريقء ولها في ذلكالآتي:
أ- تقرير سرية الأوراق أو المستندات لغير المحكمةوالأطراف.
ب - تقرير الاطلاع دون تداول الأوراق أوالمستندات.
ج - تقرير سرية الأوراق أو المستنداتمؤقتاً.

[Retrieved Article 2]
Law: اللائحة التنفيذية لنظام المحاكم التجارية
Article: المادة السادسة والسبعون
Text: المادة السادسة والسبعون : بيانات صحيفةالدعوى
يجب أن تتضمن صحيفة الدعوى - إضافة إلى البيانات المنصوص عليها في النظام ونظام المرافعات الشرعية -الآتي:
أ- الاسم الكامل للشخص الطبيعي للمدعي والمدعىعليه.
ب - رقم الهوية للشخص الطبيعيء ورقم السجل التجاري للشخص الاعتباري» وترخيص الاستثمار للمستثمر الأجنبي -بحسب الأحوال- للمدعي والمدعىعليه.
د - تاريخ الإخطار في الدعاوى التي يجب فيهاالإخطار.
ه - ما يتوافر من معلومات عن نشاط الطرف إذا كانتاجراً.
و - رقم رخصة المحاماة إذا كانت الدعوى يجب رفعها منمحام.
ز - بيانات الدعاوى المرتبطة - إن وجدت-.

[Retrieved Article 3]
Law: اللائحة التنفيذية لنظام المحاكم التجارية
Article: المادة الثامنة والأربعون
Text: المادة الثامنة والأربعون : إتاحة اطلاع العموم على بيانات الدعاوىالتجارية
يكون طلب الاطلاع وفق أحكام الفقرة )١( من المادة الثالثة عشرة من النظام إلكترونياً؛ ولا يجوز نشر أو تداول أي بيانات أو وثائق في القضية إلا وفق الأحكام المننصوصعليها
في الأنظمة والقرارات ذاتالصلة",1.0,1.0,0.0,1.0,1.0,"{
  ""correctness"": 5,
  ""faithfulness"": 5,
  ""arabic_quality"": 5,
  ""hallucination"": 0,
  ""reason"": ""الإجابة متماشية مع النص القانوني المرجعي الذهبي وتحتوي على جميع المعلومات المطلوبة حسب السياق المسترجع.""
}",7.52348402699954,1303,False,True,5.0,5.0,5.0,0,الإجابة متماشية مع النص القانوني المرجعي الذهبي وتحتوي على جميع المعلومات المطلوبة حسب السياق المسترجع.
Q031,ALLaM-7B-Instruct-preview,"{
  ""answer_ar"": ""الإجراءات التي تتم في الجلسة التحضيرية تشمل التحقق من الاختصاص القضائي وشروط قبول الدعوى، عرض الصلح على الأطراف، تحديد نطاق الأدلة وقائمة الشهود، واعتماد خطة إدارة الدعوى."",
  ""citations"": [
    {""law"": ""اللائحة التنفيذية لنظام المحاكم التجارية"", ""article"": ""المادة التسعون""}
  ],
  ""insufficient_context"": false
}",8.117982505999862,673,False,True,الإجراءات التي تتم في الجلسة التحضيرية تشمل التحقق من الاختصاص القضائي وشروط قبول الدعوى، عرض الصلح على الأطراف، تحديد نطاق الأدلة وقائمة الشهود، واعتماد خطة إدارة الدعوى.,"[{'law': 'اللائحة التنفيذية لنظام المحاكم التجارية', 'article': 'المادة التسعون'}]",False,formal_direct,ما الإجراءات التي تتم في الجلسة التحضيرية قبل المرافعة؟,اللائحة التنفيذية لنظام المحاكم التجارية,المادة التسعون,اللايحةالتنفيذيةلنظامالمحاكمالتجارية||المادةالتسعون,"المادة التسعون: تنظيم الجلساتوإدارتها
تعقد المحكمة جلسة تحضيرية قبل المرافعة» على أن يجري فيهاالآتي:
أ- التحقق من الاختصاص القضائيء» وشروط قبولالدعوى.
ب - عرض الصلح علىالأطراف.
د - تحديد نطاق الأدلة وقائمةالشهود.
ه - اعتماد خطة إدارةالدعوى.","[('اللائحة التنفيذية لنظام المحاكم التجارية', 'المادة التسعون'), ('اللائحة التنفيذية لإجراءات الاستئناف', 'المادة السادسةعشرة'), ('اللائحة التنفيذية لطرق الاعتراض على الأحكام', 'المادة التاسعةوالعشرون')]","['اللايحةالتنفيذيةلنظامالمحاكمالتجارية||المادةالتسعون', 'اللايحةالتنفيذيةلاجراءاتالاستيناف||المادةالسادسةعشرة', 'اللايحةالتنفيذيةلطرقالاعتراضعليالاحكام||المادةالتاسعةوالعشرون']",True,"User Query:
ما الإجراءات التي تتم في الجلسة التحضيرية قبل المرافعة؟

[Retrieved Article 1]
Law: اللائحة التنفيذية لنظام المحاكم التجارية
Article: المادة التسعون
Text: المادة التسعون: تنظيم الجلساتوإدارتها
تعقد المحكمة جلسة تحضيرية قبل المرافعة» على أن يجري فيهاالآتي:
أ- التحقق من الاختصاص القضائيء» وشروط قبولالدعوى.
ب - عرض الصلح علىالأطراف.
د - تحديد نطاق الأدلة وقائمةالشهود.
ه - اعتماد خطة إدارةالدعوى.

[Retrieved Article 2]
Law: اللائحة التنفيذية لإجراءات الاستئناف
Article: المادة السادسةعشرة
Text: المادة السادسةعشرة
للدائرة في سبيل نظر القضية مرافعة الآتي:
-١ أن تعهد إلى أحد قضاتها بتحضير القضية للمرافعة» ومن ذلك دراسة القضية؛ وما يقدم من مذكرات ومستندات» وإعداد مشروع مسودة الحكم» دون سماع أقوالالخصوم.
-١ أن تمكن الخصوم بمحضر الجلسة من تبادل المذكرات والمستندات لدى إدارة المحكمة خلال مدة لا تتجاوز عشرين يوماًء على أن تحدد عدد المذكرات؛ وموعد إيداع كلمنهاء

[Retrieved Article 3]
Law: اللائحة التنفيذية لطرق الاعتراض على الأحكام
Article: المادة التاسعةوالعشرون
Text: المادة التاسعةوالعشرون
-١ للمحكمة أن تعهد إلى أحد قضاتها تحضير القضية وتهيئتها للمرافعة» بما في ذلك دراستها وتحديد نطاق الاستئناف؛ وعقد جلسة تحضيرية» واستكمال المستندات» واستدعاءذوي
الشأن لسؤالهم عن الوقائع التي يرى لزوم تحقيقهاء وإعداد مشروع مسودة الحكم؛ كما يجوز أن تعهد المحكمة بدراسة القضية والوقائع إلى الإدارةالمختصة.
؟- للمحكمة» وللقاضي الذي عهد إليه تحضير القضية أن يمكّن الخصوم من تبادل المذكرات والمستندات لدى الإدارة المختصة خلال مدة لا تتجاوز (عشرين) يومّاء على أنتُحتَدَ
عدد المذكرات؛ وموعد إيداع كل منهاء وموعد الجلسةالتالية.
-'٠"" يترتب على عدم تقديم المذكرة أو المستند في مرحلة تحضير القضية الأثر ذاته الذي يترتب على عدم تقديمه أمامالمحكمة.",1.0,1.0,0.0,1.0,1.0,"{
  ""correctness"": 5,
  ""faithfulness"": 5,
  ""arabic_quality"": 5,
  ""hallucination"": 0,
  ""reason"": ""الإجابة دقيقة وموثقة من النص القانوني المرجعي الذهبي، وواضحة ومكتوبة بشكل محترف باللغة العربية.""
}",6.571519760999763,1113,False,True,5.0,5.0,5.0,0,الإجابة دقيقة وموثقة من النص القانوني المرجعي الذهبي، وواضحة ومكتوبة بشكل محترف باللغة العربية.
Q032,ALLaM-7B-Instruct-preview,"{
  ""answer_ar"": ""الموضوعات التي تنظر فيها المحكمة خلال الجلسة التحضيرية تشمل التحقق من الاختصاص القضائي وشروط قبول الدعوى، عرض الصلح على الأطراف، تحديد نطاق الأدلة وقائمة الشهود، واعتماد خطة إدارة الدعوى."",
  ""citations"": [
    {""law"": ""اللائحة التنفيذية لنظام المحاكم التجارية"", ""article"": ""المادة التسعون""}
  ],
  ""insufficient_context"": false
}",7.444707520000065,618,False,True,الموضوعات التي تنظر فيها المحكمة خلال الجلسة التحضيرية تشمل التحقق من الاختصاص القضائي وشروط قبول الدعوى، عرض الصلح على الأطراف، تحديد نطاق الأدلة وقائمة الشهود، واعتماد خطة إدارة الدعوى.,"[{'law': 'اللائحة التنفيذية لنظام المحاكم التجارية', 'article': 'المادة التسعون'}]",False,formal_paraphrase,ما الموضوعات التي تنظر فيها المحكمة خلال الجلسة التحضيرية؟,اللائحة التنفيذية لنظام المحاكم التجارية,المادة التسعون,اللايحةالتنفيذيةلنظامالمحاكمالتجارية||المادةالتسعون,"المادة التسعون: تنظيم الجلساتوإدارتها
تعقد المحكمة جلسة تحضيرية قبل المرافعة» على أن يجري فيهاالآتي:
أ- التحقق من الاختصاص القضائيء» وشروط قبولالدعوى.
ب - عرض الصلح علىالأطراف.
د - تحديد نطاق الأدلة وقائمةالشهود.
ه - اعتماد خطة إدارةالدعوى.","[('اللائحة التنفيذية لنظام المحاكم التجارية', 'المادة التسعون'), ('اللائحة التنفيذية لنظام المحاكم التجارية', 'المادة الحادية والتسعون'), ('اللائحة التنفيذية لطرق الاعتراض على الأحكام', 'المادة التاسعةوالعشرون')]","['اللايحةالتنفيذيةلنظامالمحاكمالتجارية||المادةالتسعون', 'اللايحةالتنفيذيةلنظامالمحاكمالتجارية||المادةالحاديةوالتسعون', 'اللايحةالتنفيذيةلطرقالاعتراضعليالاحكام||المادةالتاسعةوالعشرون']",True,"User Query:
ما الموضوعات التي تنظر فيها المحكمة خلال الجلسة التحضيرية؟

[Retrieved Article 1]
Law: اللائحة التنفيذية لنظام المحاكم التجارية
Article: المادة التسعون
Text: المادة التسعون: تنظيم الجلساتوإدارتها
تعقد المحكمة جلسة تحضيرية قبل المرافعة» على أن يجري فيهاالآتي:
أ- التحقق من الاختصاص القضائيء» وشروط قبولالدعوى.
ب - عرض الصلح علىالأطراف.
د - تحديد نطاق الأدلة وقائمةالشهود.
ه - اعتماد خطة إدارةالدعوى.

[Retrieved Article 2]
Law: اللائحة التنفيذية لنظام المحاكم التجارية
Article: المادة الحادية والتسعون
Text: المادة الحادية والتسعون : تنظيم الجلساتوإدارتها
تُعقد الجلسة التحضيرية بحضور أطراف الدعوىء ويُعد -بناءً عليها- تقريرٌ يتضمن ما انتهت إليه الجلسة» ويعتمد من رئيسالدائرة.

[Retrieved Article 3]
Law: اللائحة التنفيذية لطرق الاعتراض على الأحكام
Article: المادة التاسعةوالعشرون
Text: المادة التاسعةوالعشرون
-١ للمحكمة أن تعهد إلى أحد قضاتها تحضير القضية وتهيئتها للمرافعة» بما في ذلك دراستها وتحديد نطاق الاستئناف؛ وعقد جلسة تحضيرية» واستكمال المستندات» واستدعاءذوي
الشأن لسؤالهم عن الوقائع التي يرى لزوم تحقيقهاء وإعداد مشروع مسودة الحكم؛ كما يجوز أن تعهد المحكمة بدراسة القضية والوقائع إلى الإدارةالمختصة.
؟- للمحكمة» وللقاضي الذي عهد إليه تحضير القضية أن يمكّن الخصوم من تبادل المذكرات والمستندات لدى الإدارة المختصة خلال مدة لا تتجاوز (عشرين) يومّاء على أنتُحتَدَ
عدد المذكرات؛ وموعد إيداع كل منهاء وموعد الجلسةالتالية.
-'٠"" يترتب على عدم تقديم المذكرة أو المستند في مرحلة تحضير القضية الأثر ذاته الذي يترتب على عدم تقديمه أمامالمحكمة.",1.0,1.0,0.0,1.0,1.0,"{
  ""correctness"": 5,
  ""faithfulness"": 5,
  ""arabic_quality"": 5,
  ""hallucination"": 0,
  ""reason"": ""الإجابة دقيقة وموثقة من النص القانوني المرجعي الذهبي، وتحتوي على جميع النقاط المذكورة في المادة التسعون من اللائحة التنفيذية لنظام المحاكم التجارية.""
}",8.17630939799983,1046,False,True,5.0,5.0,5.0,0,الإجابة دقيقة وموثقة من النص القانوني المرجعي الذهبي، وتحتوي على جميع النقاط المذكورة في المادة التسعون من اللائحة التنفيذية لنظام المحاكم التجارية.
Q033,ALLaM-7B-Instruct-preview,"{
  ""answer_ar"": ""تعقد المحكمة جلسة تحضيرية قبل المرافعة، حيث يتم فيها التحقق من الاختصاص القضائي وشروط قبول الدعوى، وعرض الصلح على الأطراف، وتحديد نطاق الأدلة وقائمة الشهود، واعتماد خطة إدارة الدعوى."",
  ""citations"": [
    {""law"": ""اللائحة التنفيذية لنظام المحاكم التجارية"", ""article"": ""المادة التسعون""}
  ],
  ""insufficient_context"": false
}",8.176961439000024,721,False,True,تعقد المحكمة جلسة تحضيرية قبل المرافعة، حيث يتم فيها التحقق من الاختصاص القضائي وشروط قبول الدعوى، وعرض الصلح على الأطراف، وتحديد نطاق الأدلة وقائمة الشهود، واعتماد خطة إدارة الدعوى.,"[{'law': 'اللائحة التنفيذية لنظام المحاكم التجارية', 'article': 'المادة التسعون'}]",False,informal,وش يصير بالجلسة التحضيرية قبل تبدأ المرافعة؟,اللائحة التنفيذية لنظام المحاكم التجارية,المادة التسعون,اللايحةالتنفيذيةلنظامالمحاكمالتجارية||المادةالتسعون,"المادة التسعون: تنظيم الجلساتوإدارتها
تعقد المحكمة جلسة تحضيرية قبل المرافعة» على أن يجري فيهاالآتي:
أ- التحقق من الاختصاص القضائيء» وشروط قبولالدعوى.
ب - عرض الصلح علىالأطراف.
د - تحديد نطاق الأدلة وقائمةالشهود.
ه - اعتماد خطة إدارةالدعوى.","[('اللائحة التنفيذية لنظام المحاكم التجارية', 'المادة التسعون'), ('اللائحة التنفيذية لطرق الاعتراض على الأحكام', 'المادة التاسعةوالعشرون'), ('اللائحة التنفيذية لنظام المحاكم التجارية', 'المادة الثالثة والتسعون')]","['اللايحةالتنفيذيةلنظامالمحاكمالتجارية||المادةالتسعون', 'اللايحةالتنفيذيةلطرقالاعتراضعليالاحكام||المادةالتاسعةوالعشرون', 'اللايحةالتنفيذيةلنظامالمحاكمالتجارية||المادةالثالثةوالتسعون']",True,"User Query:
وش يصير بالجلسة التحضيرية قبل تبدأ المرافعة؟

[Retrieved Article 1]
Law: اللائحة التنفيذية لنظام المحاكم التجارية
Article: المادة التسعون
Text: المادة التسعون: تنظيم الجلساتوإدارتها
تعقد المحكمة جلسة تحضيرية قبل المرافعة» على أن يجري فيهاالآتي:
أ- التحقق من الاختصاص القضائيء» وشروط قبولالدعوى.
ب - عرض الصلح علىالأطراف.
د - تحديد نطاق الأدلة وقائمةالشهود.
ه - اعتماد خطة إدارةالدعوى.

[Retrieved Article 2]
Law: اللائحة التنفيذية لطرق الاعتراض على الأحكام
Article: المادة التاسعةوالعشرون
Text: المادة التاسعةوالعشرون
-١ للمحكمة أن تعهد إلى أحد قضاتها تحضير القضية وتهيئتها للمرافعة» بما في ذلك دراستها وتحديد نطاق الاستئناف؛ وعقد جلسة تحضيرية» واستكمال المستندات» واستدعاءذوي
الشأن لسؤالهم عن الوقائع التي يرى لزوم تحقيقهاء وإعداد مشروع مسودة الحكم؛ كما يجوز أن تعهد المحكمة بدراسة القضية والوقائع إلى الإدارةالمختصة.
؟- للمحكمة» وللقاضي الذي عهد إليه تحضير القضية أن يمكّن الخصوم من تبادل المذكرات والمستندات لدى الإدارة المختصة خلال مدة لا تتجاوز (عشرين) يومّاء على أنتُحتَدَ
عدد المذكرات؛ وموعد إيداع كل منهاء وموعد الجلسةالتالية.
-'٠"" يترتب على عدم تقديم المذكرة أو المستند في مرحلة تحضير القضية الأثر ذاته الذي يترتب على عدم تقديمه أمامالمحكمة.

[Retrieved Article 3]
Law: اللائحة التنفيذية لنظام المحاكم التجارية
Article: المادة الثالثة والتسعون
Text: المادة الثالثة والتسعون : تنظيم الجلساتوإدارتها
-١ للمحكمة - بعد التحقق من المسائل الأولية في الجلسة التحضيرية - أن تؤجل الجلسة بما لا يتجاوز ستين يومأًء وإذا اقتضى الأمر التأجيل للمرة الثانية فلا يتجاوز التأجيلثلاثين
يومأء وعلى المحكمة أن تبين سبب التأجيل في محضرالقضية.
""- يكون الحد الأقصى للجلسات جلستي مرافعة بعد تبليغ المدعى عليه ولا يجوز التأجيل فيما زاد عليها إلا في الحالات والظروف الاستثنائية» ومن ذلك: إذا تبين للمحكمة أنأسباباً
خارجة عن إرادة الخصم حالت دون اتخاذ الإجراء المطلوب» كالمرض الطارئ لأحد أطراف الدعوى أو ممثليهم؛ أو عدم تمكن أحد الشهود من الحضور لظرفطارئ.",1.0,1.0,0.0,1.0,1.0,"{
  ""correctness"": 5,
  ""faithfulness"": 5,
  ""arabic_quality"": 5,
  ""hallucination"": 0,
  ""reason"": ""الإجابة دقيقة وموثقة من النص القانوني المرجعي الذهبي، وواضحة ومتماسكة باللغة العربية.""
}",6.520044013000188,1192,False,True,5.0,5.0,5.0,0,الإجابة دقيقة وموثقة من النص القانوني المرجعي الذهبي، وواضحة ومتماسكة باللغة العربية.
Q034,ALLaM-7B-Instruct-preview,"{
  ""answer_ar"": ""نعم، يجوز استخدام تقنيات الذكاء الاصطناعي في الإجراءات الإلكترونية وفقاً للوائح والأنظمة المذكورة في السياق."",
  ""citations"": [
    {""law"": ""اللائحة التنفيذية لنظام المحاكم التجارية"", ""article"": ""المادة الرابعة والعشرون""},
    {""law"": ""الأدلة الإجرائية لنظام الإثبات"", ""article"": ""المادة الثالثةوالعشرون""},
    {""law"": ""اللائحة التنفيذية لنظام التوثيق"", ""article"": ""المادة العشرون""}
  ],
  ""insufficient_context"": false
}",10.326663499999997,477,False,True,نعم، يجوز استخدام تقنيات الذكاء الاصطناعي في الإجراءات الإلكترونية وفقاً للوائح والأنظمة المذكورة في السياق.,"[{'law': 'اللائحة التنفيذية لنظام المحاكم التجارية', 'article': 'المادة الرابعة والعشرون'}, {'law': 'الأدلة الإجرائية لنظام الإثبات', 'article': 'المادة الثالثةوالعشرون'}, {'law': 'اللائحة التنفيذية لنظام التوثيق', 'article': 'المادة العشرون'}]",False,formal_direct,هل يجوز استخدام تقنيات الذكاء الاصطناعي في الإجراءات الإلكترونية؟,اللائحة التنفيذية لنظام المحاكم التجارية,المادة الرابعة والعشرون,اللايحةالتنفيذيةلنظامالمحاكمالتجارية||المادةالرابعةوالعشرون,"المادة الرابعة والعشرون : أحكامعامة
يجوز الاستفادة من تقنيات الذكاء الاصطناعي في الإجراءات الإلكترونية, ويستغنى عن أي إجراء تحققت غايته باستخدام تلكالتقنية.","[('اللائحة التنفيذية لنظام المحاكم التجارية', 'المادة الرابعة والعشرون'), ('الأدلة الإجرائية لنظام الإثبات', 'المادة الثالثةوالعشرون'), ('اللائحة التنفيذية لنظام التوثيق', 'المادة العشرون')]","['اللايحةالتنفيذيةلنظامالمحاكمالتجارية||المادةالرابعةوالعشرون', 'الادلةالاجراييةلنظامالاثبات||المادةالثالثةوالعشرون', 'اللايحةالتنفيذيةلنظامالتوثيق||المادةالعشرون']",True,"User Query:
هل يجوز استخدام تقنيات الذكاء الاصطناعي في الإجراءات الإلكترونية؟

[Retrieved Article 1]
Law: اللائحة التنفيذية لنظام المحاكم التجارية
Article: المادة الرابعة والعشرون
Text: المادة الرابعة والعشرون : أحكامعامة
يجوز الاستفادة من تقنيات الذكاء الاصطناعي في الإجراءات الإلكترونية, ويستغنى عن أي إجراء تحققت غايته باستخدام تلكالتقنية.

[Retrieved Article 2]
Law: الأدلة الإجرائية لنظام الإثبات
Article: المادة الثالثةوالعشرون
Text: المادة الثالثةوالعشرون
يجوز الاستعانة بالتقنيات الحديثة في إجراءات الإثبات» بما في ذلك الذكاء الاصطناعيء ويُستغنى عن أي إجراء تحققت غايته باستخدام هذهالتقنيات.

[Retrieved Article 3]
Law: اللائحة التنفيذية لنظام التوثيق
Article: المادة العشرون
Text: المادة العشرون
-١ تعد وسائل التحقق الإلكترونية المعتمدة من الوزارة توقيعاًمعتمداً.
؟- يكون إجراء التوثيق وإصدار وثائقه عبر الوسائل الإلكترونية المعتمدة منالوزارة.
-'٠ يستفاد من التقنيات الحديثة والذكاء الاصطناعي في إجراءات التوثيق» ويستغنى عن أي إجراء تحققت غايته باستخدام تلكالتقنيات.
الفصل الثالث أوعية التوثيقوحفظها",1.0,1.0,0.0,1.0,3.0,"{
  ""correctness"": 5,
  ""faithfulness"": 5,
  ""arabic_quality"": 5,
  ""hallucination"": 0,
  ""reason"": ""الإجابة متوافقة مع النص القانوني المرجعي الذهبي وسياق المسترجع، وهي دقيقة ومهنية.""
}",6.683512870999948,804,False,True,5.0,5.0,5.0,0,الإجابة متوافقة مع النص القانوني المرجعي الذهبي وسياق المسترجع، وهي دقيقة ومهنية.
Q035,ALLaM-7B-Instruct-preview,"{
  ""answer_ar"": ""يجوز الاستفادة من تقنيات الذكاء الاصطناعي في الإجراءات القضائية الإلكترونية، ويستغنى عن أي إجراء تحققت غايته باستخدام تلك التقنيات."",
  ""citations"": [
    {""law"": ""اللائحة التنفيذية لنظام المحاكم التجارية"", ""article"": ""المادة الرابعة والعشرون""},
    {""law"": ""الأدلة الإجرائية لنظام الإثبات"", ""article"": ""المادة الثالثةوالعشرون""},
    {""law"": ""نظام المحاكم التجارية"", ""article"": ""المادة السابعة""}
  ],
  ""insufficient_context"": false
}",10.270029954000163,468,False,True,يجوز الاستفادة من تقنيات الذكاء الاصطناعي في الإجراءات القضائية الإلكترونية، ويستغنى عن أي إجراء تحققت غايته باستخدام تلك التقنيات.,"[{'law': 'اللائحة التنفيذية لنظام المحاكم التجارية', 'article': 'المادة الرابعة والعشرون'}, {'law': 'الأدلة الإجرائية لنظام الإثبات', 'article': 'المادة الثالثةوالعشرون'}, {'law': 'نظام المحاكم التجارية', 'article': 'المادة السابعة'}]",False,formal_paraphrase,ما حكم الاستفادة من الذكاء الاصطناعي في الإجراءات القضائية الإلكترونية؟,اللائحة التنفيذية لنظام المحاكم التجارية,المادة الرابعة والعشرون,اللايحةالتنفيذيةلنظامالمحاكمالتجارية||المادةالرابعةوالعشرون,"المادة الرابعة والعشرون : أحكامعامة
يجوز الاستفادة من تقنيات الذكاء الاصطناعي في الإجراءات الإلكترونية, ويستغنى عن أي إجراء تحققت غايته باستخدام تلكالتقنية.","[('اللائحة التنفيذية لنظام المحاكم التجارية', 'المادة الرابعة والعشرون'), ('الأدلة الإجرائية لنظام الإثبات', 'المادة الثالثةوالعشرون'), ('نظام المحاكم التجارية', 'المادة السابعة')]","['اللايحةالتنفيذيةلنظامالمحاكمالتجارية||المادةالرابعةوالعشرون', 'الادلةالاجراييةلنظامالاثبات||المادةالثالثةوالعشرون', 'نظامالمحاكمالتجارية||المادةالسابعة']",True,"User Query:
ما حكم الاستفادة من الذكاء الاصطناعي في الإجراءات القضائية الإلكترونية؟

[Retrieved Article 1]
Law: اللائحة التنفيذية لنظام المحاكم التجارية
Article: المادة الرابعة والعشرون
Text: المادة الرابعة والعشرون : أحكامعامة
يجوز الاستفادة من تقنيات الذكاء الاصطناعي في الإجراءات الإلكترونية, ويستغنى عن أي إجراء تحققت غايته باستخدام تلكالتقنية.

[Retrieved Article 2]
Law: الأدلة الإجرائية لنظام الإثبات
Article: المادة الثالثةوالعشرون
Text: المادة الثالثةوالعشرون
يجوز الاستعانة بالتقنيات الحديثة في إجراءات الإثبات» بما في ذلك الذكاء الاصطناعيء ويُستغنى عن أي إجراء تحققت غايته باستخدام هذهالتقنيات.

[Retrieved Article 3]
Law: نظام المحاكم التجارية
Article: المادة السابعة
Text: المادة السابعة
يجوز أن يكون أي من الإجراءات المنصوص عليها في النظام إلكترونيّاء بما في ذلك تقديم الدعاوى والطلبات وقيدهاء ونظرهاء والترافع عن بُعدء وتبادل المذكرات»؛والحكم»
والاعتراض. وتحدد اللائحة إجراءات إنفاذ أحكام هذه المادة بما في ذلك الأحكام المتعلقة بوقت اتخاذالإجراء.",1.0,1.0,0.0,1.0,3.0,"{
  ""correctness"": 5,
  ""faithfulness"": 5,
  ""arabic_quality"": 5,
  ""hallucination"": 0,
  ""reason"": ""الإجابة مطابقة للنص القانوني المرجعي الذهبي والسياق المسترجع، وهي دقيقة ومهنية.""
}",5.659108818999812,787,False,True,5.0,5.0,5.0,0,الإجابة مطابقة للنص القانوني المرجعي الذهبي والسياق المسترجع، وهي دقيقة ومهنية.
Q036,ALLaM-7B-Instruct-preview,"{
  ""answer_ar"": ""نعم، يجوز الاستفادة من تقنيات الذكاء الاصطناعي في الإجراءات الإلكترونية، ويستغنى عن أي إجراء تحققت غايته باستخدام تلك التقنية وفقاً للمادة الرابعة والعشرين من اللائحة التنفيذية لنظام المحاكم التجارية والمادة الثالثة والعشرين من الأدلة الإجرائية لنظام الإثبات."",
  ""citations"": [
    {""law"": ""اللائحة التنفيذية لنظام المحاكم التجارية"", ""article"": ""المادة الرابعة والعشرون""},
    {""law"": ""الأدلة الإجرائية لنظام الإثبات"", ""article"": ""المادة الثالثةوالعشرون""}
  ],
  ""insufficient_context"": false
}",9.512935264000134,425,False,True,نعم، يجوز الاستفادة من تقنيات الذكاء الاصطناعي في الإجراءات الإلكترونية، ويستغنى عن أي إجراء تحققت غايته باستخدام تلك التقنية وفقاً للمادة الرابعة والعشرين من اللائحة التنفيذية لنظام المحاكم التجارية والمادة الثالثة والعشرين من الأدلة الإجرائية لنظام الإثبات.,"[{'law': 'اللائحة التنفيذية لنظام المحاكم التجارية', 'article': 'المادة الرابعة والعشرون'}, {'law': 'الأدلة الإجرائية لنظام الإثبات', 'article': 'المادة الثالثةوالعشرون'}]",False,informal,المحكمة تقدر تستخدم AI في الإجراءات الإلكترونية؟,اللائحة التنفيذية لنظام المحاكم التجارية,المادة الرابعة والعشرون,اللايحةالتنفيذيةلنظامالمحاكمالتجارية||المادةالرابعةوالعشرون,"المادة الرابعة والعشرون : أحكامعامة
يجوز الاستفادة من تقنيات الذكاء الاصطناعي في الإجراءات الإلكترونية, ويستغنى عن أي إجراء تحققت غايته باستخدام تلكالتقنية.","[('اللائحة التنفيذية لنظام المحاكم التجارية', 'المادة الرابعة والعشرون'), ('الأدلة الإجرائية لنظام الإثبات', 'المادة الثالثةوالعشرون'), ('اللائحة التنفيذية لنظام المحاكم التجارية', 'المادة الثالثئة والعشرون')]","['اللايحةالتنفيذيةلنظامالمحاكمالتجارية||المادةالرابعةوالعشرون', 'الادلةالاجراييةلنظامالاثبات||المادةالثالثةوالعشرون', 'اللايحةالتنفيذيةلنظامالمحاكمالتجارية||المادةالثالثيةوالعشرون']",True,"User Query:
المحكمة تقدر تستخدم AI في الإجراءات الإلكترونية؟

[Retrieved Article 1]
Law: اللائحة التنفيذية لنظام المحاكم التجارية
Article: المادة الرابعة والعشرون
Text: المادة الرابعة والعشرون : أحكامعامة
يجوز الاستفادة من تقنيات الذكاء الاصطناعي في الإجراءات الإلكترونية, ويستغنى عن أي إجراء تحققت غايته باستخدام تلكالتقنية.

[Retrieved Article 2]
Law: الأدلة الإجرائية لنظام الإثبات
Article: المادة الثالثةوالعشرون
Text: المادة الثالثةوالعشرون
يجوز الاستعانة بالتقنيات الحديثة في إجراءات الإثبات» بما في ذلك الذكاء الاصطناعيء ويُستغنى عن أي إجراء تحققت غايته باستخدام هذهالتقنيات.

[Retrieved Article 3]
Law: اللائحة التنفيذية لنظام المحاكم التجارية
Article: المادة الثالثئة والعشرون
Text: المادة الثالثئة والعشرون : أحكامعامة
تكون إجراءات التقاضي الإلكتروني عبر الأنظمة الإلكترونية المعتمدة منالوزارة.",1.0,1.0,0.0,1.0,2.0,"```json
{
  ""correctness"": 4,
  ""faithfulness"": 4,
  ""arabic_quality"": 5,
  ""hallucination"": 0,
  ""reason"": ""الإجابة دقيقة وموثقة من النص القانوني المرجعي الذهبي، وواضحة ومهنية باللغة العربية.""
}
```

**تفصيل السبب:**
- **correctness (دقة):** 4/5 - الإجابة دقيقة وموثقة من النص القانوني المرجعي الذهبي، ولكن يمكن تحسين الدقة من خلال التأكيد على المادة الرابعة والعشرين فقط من اللائحة التنفيذية لنظام المحاكم التجارية، حيث أن المادة الثالثة والعشرين من الأدلة الإجرائية لنظام الإثبات لا تتعلق مباشرة بالاستفادة من تقنيات الذكاء الاصطناعي في الإجراءات الإلكترونية.
- **faithfulness (ولاء):** 4/5 - الإجابة",15.918186597000386,753,False,True,4.0,4.0,5.0,0,الإجابة دقيقة وموثقة من النص القانوني المرجعي الذهبي، وواضحة ومهنية باللغة العربية.
Q037,ALLaM-7B-Instruct-preview,"{
  ""answer_ar"": ""يتحقق تبليغ الشخص الاعتباري بتبليغ الشخص المفوض بتلقي التبليغات في السجل التجاري وفقًا للمادة الأربعون من اللائحة التنفيذية لنظام المحاكم التجارية."",
  ""citations"": [
    {""law"": ""اللائحة التنفيذية لنظام المحاكم التجارية"", ""article"": ""المادة الأربعون""}
  ],
  ""insufficient_context"": false
}",7.665660124000169,542,False,True,يتحقق تبليغ الشخص الاعتباري بتبليغ الشخص المفوض بتلقي التبليغات في السجل التجاري وفقًا للمادة الأربعون من اللائحة التنفيذية لنظام المحاكم التجارية.,"[{'law': 'اللائحة التنفيذية لنظام المحاكم التجارية', 'article': 'المادة الأربعون'}]",False,formal_direct,كيف يتحقق تبليغ الشخص الاعتباري؟,اللائحة التنفيذية لنظام المحاكم التجارية,المادة الأربعون,اللايحةالتنفيذيةلنظامالمحاكمالتجارية||المادةالاربعون,"المادة الأربعون: عنوانالتبليغ
يتحقق تبليغ الشخص الاعتباري بتبليغ الشخص المفوض بتلقي التبليغات في السجلالتجاري.","[('اللائحة التنفيذية لنظام المحاكم التجارية', 'المادة الأربعون'), ('اللائحة التنفيذية لنظام المحاكم التجارية', 'المادة الخامسة والأربعون'), ('نظام المحاكم التجارية', 'المادة الثلاثون')]","['اللايحةالتنفيذيةلنظامالمحاكمالتجارية||المادةالاربعون', 'اللايحةالتنفيذيةلنظامالمحاكمالتجارية||المادةالخامسةوالاربعون', 'نظامالمحاكمالتجارية||المادةالثلاثون']",True,"User Query:
كيف يتحقق تبليغ الشخص الاعتباري؟

[Retrieved Article 1]
Law: اللائحة التنفيذية لنظام المحاكم التجارية
Article: المادة الأربعون
Text: المادة الأربعون: عنوانالتبليغ
يتحقق تبليغ الشخص الاعتباري بتبليغ الشخص المفوض بتلقي التبليغات في السجلالتجاري.

[Retrieved Article 2]
Law: اللائحة التنفيذية لنظام المحاكم التجارية
Article: المادة الخامسة والأربعون
Text: المادة الخامسة والأربعون : إجراءاتالتبليغ
يعد تبليغ الشخص ذي الصفة الطبيعية تبليغاً لغير شخصه إذا تبلغ أحد الساكنين معه في مقر سكن من وجه إليهالتبليغ.
الفصل التاسع: حقالاطلاع

[Retrieved Article 3]
Law: نظام المحاكم التجارية
Article: المادة الثلاثون
Text: المادة الثلاثون
١.إذا تبلغ المدعى عليه لشخصه أو وكليه» أو حضر أي منهما في أي جلسة أمام المحكمة؛ أو قدم مذكرة بدفاعه؛ عدت الخصومة حضورية» ولو تخلف بعدذلك.
"".إذا لم يحضر المدعى عليه أو وكيله وكان قد تبلغ لغير شخصهه فعلى المحكمة تأجيل نظر الدعوى إلى جلسة تالية يبلغ بهاء فإن لم يحضر وكان قد تبلغ لغير شخصه -للمرةالثانيق
فصلت في الدعوىء ويعد الحكم في حق المدعى عليهحضوريًا.
"".في جميع الأحوال» يعد تبليغ الشخصية الاعتبارية -بموجب أحكام النظام- تبليغاًالشخصها.
5 .تحدد اللائحة الحالات التي يعد فيها التبليغ تبليغاً لغير شخص المطلوبإبلاغه.",1.0,1.0,0.0,1.0,1.0,"{
  ""correctness"": 5,
  ""faithfulness"": 5,
  ""arabic_quality"": 5,
  ""hallucination"": 0,
  ""reason"": ""الإجابة دقيقة وموثقة من النص القانوني المرجعي الذهبي، وواضحة ومتماسكة باللغة العربية.""
}",6.781954488999872,862,False,True,5.0,5.0,5.0,0,الإجابة دقيقة وموثقة من النص القانوني المرجعي الذهبي، وواضحة ومتماسكة باللغة العربية.
Q038,ALLaM-7B-Instruct-preview,"{
  ""answer_ar"": ""يعد تبليغ الشركة أو الشخص الاعتباري صحيحًا إذا بُلغ عن طريق عنوانه المعتمد من الجهة المختصة أو ما يقوم مقامه نظامًا، وذلك فيما لم يرد به نص خاص."",
  ""citations"": [
    {""law"": ""نظام المحاكم التجارية"", ""article"": ""المادة الثلاثون""}
  ],
  ""insufficient_context"": false
}",7.0412810129996615,569,False,True,يعد تبليغ الشركة أو الشخص الاعتباري صحيحًا إذا بُلغ عن طريق عنوانه المعتمد من الجهة المختصة أو ما يقوم مقامه نظامًا، وذلك فيما لم يرد به نص خاص.,"[{'law': 'نظام المحاكم التجارية', 'article': 'المادة الثلاثون'}]",False,formal_paraphrase,متى يعد تبليغ الشركة أو الشخص الاعتباري صحيحًا؟,اللائحة التنفيذية لنظام المحاكم التجارية,المادة الأربعون,اللايحةالتنفيذيةلنظامالمحاكمالتجارية||المادةالاربعون,"المادة الأربعون: عنوانالتبليغ
يتحقق تبليغ الشخص الاعتباري بتبليغ الشخص المفوض بتلقي التبليغات في السجلالتجاري.","[('اللائحة التنفيذية لنظام الإجراءات الجزائية', 'المادة الثامنة والسبعون بعدالمائة'), ('اللائحة التنفيذية لنظام المحاكم التجارية', 'المادة الخامسة والأربعون'), ('نظام المحاكم التجارية', 'المادة الثلاثون')]","['اللايحةالتنفيذيةلنظامالاجراءاتالجزايية||المادةالثامنةوالسبعونبعدالماية', 'اللايحةالتنفيذيةلنظامالمحاكمالتجارية||المادةالخامسةوالاربعون', 'نظامالمحاكمالتجارية||المادةالثلاثون']",False,"User Query:
متى يعد تبليغ الشركة أو الشخص الاعتباري صحيحًا؟

[Retrieved Article 1]
Law: اللائحة التنفيذية لنظام الإجراءات الجزائية
Article: المادة الثامنة والسبعون بعدالمائة
Text: المادة الثامنة والسبعون بعدالمائة
يكون إجراء التبليغ صحيحاً متى بُلغ الشخص المطلوب عن طريق عنوانه المعتمد من الجهة المختصة أو ما يقوم مقامه نظاماًء وذلك فيما لم يرد به نصخاص.

[Retrieved Article 2]
Law: اللائحة التنفيذية لنظام المحاكم التجارية
Article: المادة الخامسة والأربعون
Text: المادة الخامسة والأربعون : إجراءاتالتبليغ
يعد تبليغ الشخص ذي الصفة الطبيعية تبليغاً لغير شخصه إذا تبلغ أحد الساكنين معه في مقر سكن من وجه إليهالتبليغ.
الفصل التاسع: حقالاطلاع

[Retrieved Article 3]
Law: نظام المحاكم التجارية
Article: المادة الثلاثون
Text: المادة الثلاثون
١.إذا تبلغ المدعى عليه لشخصه أو وكليه» أو حضر أي منهما في أي جلسة أمام المحكمة؛ أو قدم مذكرة بدفاعه؛ عدت الخصومة حضورية» ولو تخلف بعدذلك.
"".إذا لم يحضر المدعى عليه أو وكيله وكان قد تبلغ لغير شخصهه فعلى المحكمة تأجيل نظر الدعوى إلى جلسة تالية يبلغ بهاء فإن لم يحضر وكان قد تبلغ لغير شخصه -للمرةالثانيق
فصلت في الدعوىء ويعد الحكم في حق المدعى عليهحضوريًا.
"".في جميع الأحوال» يعد تبليغ الشخصية الاعتبارية -بموجب أحكام النظام- تبليغاًالشخصها.
5 .تحدد اللائحة الحالات التي يعد فيها التبليغ تبليغاً لغير شخص المطلوبإبلاغه.",1.0,1.0,0.0,0.0,1.0,"```json
{
  ""correctness"": 4,
  ""faithfulness"": 3,
  ""arabic_quality"": 4,
  ""hallucination"": 0,
  ""reason"": ""الإجابة صحيحة بشكل عام لكنها غير كاملة وغير دقيقة نسبياً في السياق المسترجع. فالسياق المسترجع يشير إلى اللائحة التنفيذية لنظام الإجراءات الجزائية وليس إلى النص القانوني المرجعي الذهبي.""
}
```

**تفصيل الأسباب:**
- **correctness (دقة):** 4/5 - الإجابة صحيحة بشكل عام، لكنها لا تلخص تمامًا المادة القانونية المرجعية.
- **faithfulness (ولوجية):** 3/5 - الإجابة غير كاملة وغير دقيقة نسبياً في السياق المسترجع، حيث أن السياق المسترجع يشير إلى اللائحة التنفيذية لنظام الإجراءات الجزائية وليس إلى الن",16.090308165999886,905,False,True,4.0,3.0,4.0,0,الإجابة صحيحة بشكل عام لكنها غير كاملة وغير دقيقة نسبياً في السياق المسترجع. فالسياق المسترجع يشير إلى اللائحة التنفيذية لنظام الإجراءات الجزائية وليس إلى النص القانوني المرجعي الذهبي.
Q039,ALLaM-7B-Instruct-preview,"{
  ""answer_ar"": ""وفقًا للمادة الحادية عشرة من نظام المحاكم التجارية، يتم توجيه التبليغ إلى ممثل الشركة النظامي أو أحد الشركاء المتضامنين أو المدير أو من ينوب عنه أو للإدارات القانونية في الشركة أو أحد أقسامها المخصصة لاستقبال المراسلات الموجهة إليها، وإذا تعلقت الدعوى بفرع الشركة، فيجوز توجيه التبليغ إلى مدير ذلك الفرع أو من ينوب عنه."",
  ""citations"": [
    {""law"": ""نظام المحاكم التجارية"", ""article"": ""المادة الحادية عشرة""}
  ],
  ""insufficient_context"": false
}",10.668231385000126,806,False,True,وفقًا للمادة الحادية عشرة من نظام المحاكم التجارية، يتم توجيه التبليغ إلى ممثل الشركة النظامي أو أحد الشركاء المتضامنين أو المدير أو من ينوب عنه أو للإدارات القانونية في الشركة أو أحد أقسامها المخصصة لاستقبال المراسلات الموجهة إليها، وإذا تعلقت الدعوى بفرع الشركة، فيجوز توجيه التبليغ إلى مدير ذلك الفرع أو من ينوب عنه.,"[{'law': 'نظام المحاكم التجارية', 'article': 'المادة الحادية عشرة'}]",False,informal,إذا الدعوى على شركة، مين لازم يستلم التبليغ؟,اللائحة التنفيذية لنظام المحاكم التجارية,المادة الأربعون,اللايحةالتنفيذيةلنظامالمحاكمالتجارية||المادةالاربعون,"المادة الأربعون: عنوانالتبليغ
يتحقق تبليغ الشخص الاعتباري بتبليغ الشخص المفوض بتلقي التبليغات في السجلالتجاري.","[('نظام المحاكم التجارية', 'المادة الحاديةعشرة'), ('اللائحة التنفيذية لنظام المحاكم التجارية', 'المادة الثالثة والأربعون'), ('نظام المحاكم التجارية', 'المادة التاسعة')]","['نظامالمحاكمالتجارية||المادةالحاديةعشرة', 'اللايحةالتنفيذيةلنظامالمحاكمالتجارية||المادةالثالثةوالاربعون', 'نظامالمحاكمالتجارية||المادةالتاسعة']",False,"User Query:
إذا الدعوى على شركة، مين لازم يستلم التبليغ؟

[Retrieved Article 1]
Law: نظام المحاكم التجارية
Article: المادة الحاديةعشرة
Text: المادة الحاديةعشرة
فيما لم يرد فيه نص خاص؛ يوجه التبليغ وفقالآتي:
١.الشخص ذي الصفة الطبيعية: في محل إقامته أو مسكنه أو محل عمله أو في أي مكان آخر يكون فيه أو لوكيله أو لأحد العاملين معه في مقر العمل ذي الصلة بالتعامل التجاريمحل
الدعوى.
”.الشركات: لممثلها النظامي أو لأحد الشركاء المتضامنين أو للمدير أو من ينوب عنه أو للإدارات القانونية في الشركة أو أحد أقسامها المخصصة لاستقبال المراسلاتالموجهة
إليهاء وإذا تعلقت الدعوى بفرع الشركة» فيجوز توجيه التبليغ إلى مدير ذلك الفرع أو من ينوبعنه.
”.الشركات الأجنبية التي لها فرع أو ممثل تجاري في المملكة: لمدير ذلك الفرع أو ممثلها التجاري أو من ينوبعنهما.
5.الأشخاص ذوو الصفة الاعتبارية (الآخرون): للممثل النظامي أو من ينوبعنه.
5.الجهات الإدارية: للوزير المختص أو لرئيس المؤسسة أو الهيئة أو لمن يقوممقامهم.
5.السفينة التجارية: لمالك السفينة التجارية أو لمستأجرها أو لربانها أو وكلائهم متى كانت الدعوى متعلقةبالسفينة.

[Retrieved Article 2]
Law: اللائحة التنفيذية لنظام المحاكم التجارية
Article: المادة الثالثة والأربعون
Text: المادة الثالثة والأربعون : إجراءاتالتبليغ
يجب أن يتضمن إشعار حصول التبليغ بيان صفة الموجه إليهالتبليغ.

[Retrieved Article 3]
Law: نظام المحاكم التجارية
Article: المادة التاسعة
Text: المادة التاسعة
١.يعد عنواناً للتبليغ وفقاً لأحكام النظام الآتي:ْ
أ-العنوان الإلكتروني الموثق أو المختار منالأطراف.
ب-عنوان إقامة الشخص ذي الصفة الطبيعية أو الاعتبارية» ما لم يختر عنواناًآخر.
ج-العنوان المعتمد لدى الجهة البريديةالمختصة.
د-العنوان المدون في السجل التجاري فيما يتعلق بالنشاط المرتبط بذلكالسجل.
هالعنوان الذي يثبته الشخص في بيانات الدعوى أو الطلب أو المذكرة المقدمة للمحكمة في الدعوىذاتها.
و-العنوان المدون في العقد محل التعامل في المنازعات الناشئة عن ذلكالعقد.
ز-العنوان الذي يختاره الأجنبي فيالمملكة.
؟.للشخص ذي الصفة الطبيعية أو الاعتبارية أن يختار عنوان محاه لتلقي التبليغات عليه» وتسري عليه أحكام عنوان ذلكالشخص.
"".على الطرف حال تغييره العنوان المنصوص عليه في الفقرة (ه) من هذه المادة أن يبلغ المحكمة خلال (ثمانٍ وأربعين) ساعة من تاريخ التغييرء وإلا عد التبليغ على ذلكالعنوان
لدى المحكمة منتجاًلآثاره.",1.0,1.0,0.0,0.0,1.0,"```json
{
  ""correctness"": 4,
  ""faithfulness"": 4,
  ""arabic_quality"": 4,
  ""hallucination"": 0,
  ""reason"": ""الإجابة دقيقة وموثقة من النص القانوني المسترجع، وهي متماشية مع السؤال المطروح.""
}
```

**تفصيل السبب:**
- **correctness (دقة):** 4/5 - الإجابة دقيقة وموثقة من النص القانوني المسترجع، ولكن يمكن تحسين الدقة من خلال الإشارة إلى المادة الأصلية (المادة الحادية عشرة من نظام المحاكم التجارية).
- **faithfulness (ولائية):** 4/5 - الإجابة متوافقة مع السياق المسترجع، ولكن يمكن تحسين الدقة من خلال الإشارة إلى المادة الأصلية.
- **arabic_quality (جودة اللغة العربية):** 4/5 - الإجابة واضحة ومكتوبة بشكل جيد،",17.184313486000065,1277,False,True,4.0,4.0,4.0,0,الإجابة دقيقة وموثقة من النص القانوني المسترجع، وهي متماشية مع السؤال المطروح.
Q040,ALLaM-7B-Instruct-preview,"{
  ""answer_ar"": ""يعد تبليغ الشخص الطبيعي قد تم لغير شخصه إذا تبلغ أحد الساكنين معه في مقر سكن من وجه إليه التبليغ وفقاً للمادة الخامسة والأربعين من اللائحة التنفيذية لنظام المحاكم التجارية."",
  ""citations"": [
    {""law"": ""اللائحة التنفيذية لنظام المحاكم التجارية"", ""article"": ""المادة الخامسة والأربعون""}
  ],
  ""insufficient_context"": false
}",8.268582266000067,569,False,True,يعد تبليغ الشخص الطبيعي قد تم لغير شخصه إذا تبلغ أحد الساكنين معه في مقر سكن من وجه إليه التبليغ وفقاً للمادة الخامسة والأربعين من اللائحة التنفيذية لنظام المحاكم التجارية.,"[{'law': 'اللائحة التنفيذية لنظام المحاكم التجارية', 'article': 'المادة الخامسة والأربعون'}]",False,formal_direct,متى يعد تبليغ الشخص الطبيعي قد تم لغير شخصه؟,اللائحة التنفيذية لنظام المحاكم التجارية,المادة الخامسة والأربعون,اللايحةالتنفيذيةلنظامالمحاكمالتجارية||المادةالخامسةوالاربعون,"المادة الخامسة والأربعون : إجراءاتالتبليغ
يعد تبليغ الشخص ذي الصفة الطبيعية تبليغاً لغير شخصه إذا تبلغ أحد الساكنين معه في مقر سكن من وجه إليهالتبليغ.
الفصل التاسع: حقالاطلاع","[('اللائحة التنفيذية لنظام المحاكم التجارية', 'المادة الخامسة والأربعون'), ('اللائحة التنفيذية لنظام الإجراءات الجزائية', 'المادة الثامنة والسبعون بعدالمائة'), ('نظام المحاكم التجارية', 'المادة الثلاثون')]","['اللايحةالتنفيذيةلنظامالمحاكمالتجارية||المادةالخامسةوالاربعون', 'اللايحةالتنفيذيةلنظامالاجراءاتالجزايية||المادةالثامنةوالسبعونبعدالماية', 'نظامالمحاكمالتجارية||المادةالثلاثون']",True,"User Query:
متى يعد تبليغ الشخص الطبيعي قد تم لغير شخصه؟

[Retrieved Article 1]
Law: اللائحة التنفيذية لنظام المحاكم التجارية
Article: المادة الخامسة والأربعون
Text: المادة الخامسة والأربعون : إجراءاتالتبليغ
يعد تبليغ الشخص ذي الصفة الطبيعية تبليغاً لغير شخصه إذا تبلغ أحد الساكنين معه في مقر سكن من وجه إليهالتبليغ.
الفصل التاسع: حقالاطلاع

[Retrieved Article 2]
Law: اللائحة التنفيذية لنظام الإجراءات الجزائية
Article: المادة الثامنة والسبعون بعدالمائة
Text: المادة الثامنة والسبعون بعدالمائة
يكون إجراء التبليغ صحيحاً متى بُلغ الشخص المطلوب عن طريق عنوانه المعتمد من الجهة المختصة أو ما يقوم مقامه نظاماًء وذلك فيما لم يرد به نصخاص.

[Retrieved Article 3]
Law: نظام المحاكم التجارية
Article: المادة الثلاثون
Text: المادة الثلاثون
١.إذا تبلغ المدعى عليه لشخصه أو وكليه» أو حضر أي منهما في أي جلسة أمام المحكمة؛ أو قدم مذكرة بدفاعه؛ عدت الخصومة حضورية» ولو تخلف بعدذلك.
"".إذا لم يحضر المدعى عليه أو وكيله وكان قد تبلغ لغير شخصهه فعلى المحكمة تأجيل نظر الدعوى إلى جلسة تالية يبلغ بهاء فإن لم يحضر وكان قد تبلغ لغير شخصه -للمرةالثانيق
فصلت في الدعوىء ويعد الحكم في حق المدعى عليهحضوريًا.
"".في جميع الأحوال» يعد تبليغ الشخصية الاعتبارية -بموجب أحكام النظام- تبليغاًالشخصها.
5 .تحدد اللائحة الحالات التي يعد فيها التبليغ تبليغاً لغير شخص المطلوبإبلاغه.",1.0,1.0,0.0,1.0,1.0,"{
  ""correctness"": 5,
  ""faithfulness"": 5,
  ""arabic_quality"": 5,
  ""hallucination"": 0,
  ""reason"": ""الإجابة مطابقة للنص القانوني المرجعي الذهبي ودقيقة في السياق المسترجع.""
}",6.468121404000158,941,False,True,5.0,5.0,5.0,0,الإجابة مطابقة للنص القانوني المرجعي الذهبي ودقيقة في السياق المسترجع.
Q041,ALLaM-7B-Instruct-preview,"{
  ""answer_ar"": ""نعم، يعد تبليغ الشخص ذي الصفة الطبيعية تبليغاً لغير شخصه إذا تبلغ أحد الساكنين معه في مقر سكن من وجه إليه التبليغ، وفقاً للمادة الخامسة والأربعين من اللائحة التنفيذية لنظام المحاكم التجارية."",
  ""citations"": [
    {""law"": ""اللائحة التنفيذية لنظام المحاكم التجارية"", ""article"": ""المادة الخامسة والأربعون""}
  ],
  ""insufficient_context"": false
}",7.472816385999977,615,False,True,نعم، يعد تبليغ الشخص ذي الصفة الطبيعية تبليغاً لغير شخصه إذا تبلغ أحد الساكنين معه في مقر سكن من وجه إليه التبليغ، وفقاً للمادة الخامسة والأربعين من اللائحة التنفيذية لنظام المحاكم التجارية.,"[{'law': 'اللائحة التنفيذية لنظام المحاكم التجارية', 'article': 'المادة الخامسة والأربعون'}]",False,formal_paraphrase,هل يعد استلام أحد الساكنين مع الشخص تبليغًا صحيحًا؟,اللائحة التنفيذية لنظام المحاكم التجارية,المادة الخامسة والأربعون,اللايحةالتنفيذيةلنظامالمحاكمالتجارية||المادةالخامسةوالاربعون,"المادة الخامسة والأربعون : إجراءاتالتبليغ
يعد تبليغ الشخص ذي الصفة الطبيعية تبليغاً لغير شخصه إذا تبلغ أحد الساكنين معه في مقر سكن من وجه إليهالتبليغ.
الفصل التاسع: حقالاطلاع","[('اللائحة التنفيذية لنظام المحاكم التجارية', 'المادة الخامسة والأربعون'), ('نظام المرافعات الشرعية', 'المادة الرابعةعشرة'), ('نظام الأحداث', 'المادة السادسة')]","['اللايحةالتنفيذيةلنظامالمحاكمالتجارية||المادةالخامسةوالاربعون', 'نظامالمرافعاتالشرعية||المادةالرابعةعشرة', 'نظامالاحداث||المادةالسادسة']",True,"User Query:
هل يعد استلام أحد الساكنين مع الشخص تبليغًا صحيحًا؟

[Retrieved Article 1]
Law: اللائحة التنفيذية لنظام المحاكم التجارية
Article: المادة الخامسة والأربعون
Text: المادة الخامسة والأربعون : إجراءاتالتبليغ
يعد تبليغ الشخص ذي الصفة الطبيعية تبليغاً لغير شخصه إذا تبلغ أحد الساكنين معه في مقر سكن من وجه إليهالتبليغ.
الفصل التاسع: حقالاطلاع

[Retrieved Article 2]
Law: نظام المرافعات الشرعية
Article: المادة الرابعةعشرة
Text: المادة الرابعةعشرة
يسلم المحضر صورة التبليغ ومرافقاتها إلى من وجهت إليه في مكان إقامته أو عمله إن وجدء وإلا فيسلمها إلى مَنْ يقرر أنه وكيله أو أنه يعمل في خدمته أو أنه من الساكنين معهمن
أهله وأقاربه وأصهاره: فإذا لم يوجد منهم أحد أو امتنع من وجد عن التسلّم أو كان قاصراً فيسلم الصورة ومرافقاتها بحسب الأحوال إلى عمدة الحي أو مركز الشرطة أورئيس
المركز أو معرف القبيلة الذين يقع مكان إقامة الموجه إليه التبليغ في نطاق اختصاصهم حسب الترتيب السابق» مع أخذ توقيعهم على الأصلبالتسلم.
وعلى المحضر خلال أربع وعشرين ساعة من تسليم الصورة إلى أي من الجهات المذكورة في هذه المادة أن يرسل إلى الموجه إليه التبليغ في مكان إقامته أو عمله خطاباً -مسجلاًمع
إشعار بالتسلّم- يخبره فيه بأن الصورة سلمت إلى تلك الجهة» وعلى المحضر كذلك أن يبين ذلك في حينه بالتفصيل في أصل التبليغ؛ ويعد التبليغ منتجاً لآثاره من وقتتسليم
الصورة وفقاً للأحوالالسابقة.

[Retrieved Article 3]
Law: نظام الأحداث
Article: المادة السادسة
Text: المادة السادسة
في جميع الأحوال لا يكون إجراء تبليغ الحدث صحيحاً إلا إذا بُلْغْ ولي أمره أو من يقوممقامه.",1.0,1.0,0.0,1.0,1.0,"```json
{
  ""correctness"": 4,
  ""faithfulness"": 3,
  ""arabic_quality"": 4,
  ""hallucination"": 0,
  ""reason"": ""الإجابة صحيحة نسبياً وفقاً للنص القانوني المرجعي الذهبي، لكنها غير دقيقة تماماً لأن النص القانوني هو من لائحة التبليغ وليس من اللائحة التنفيذية لنظام المحاكم التجارية.""
}
```",8.109601121000196,1018,False,True,4.0,3.0,4.0,0,الإجابة صحيحة نسبياً وفقاً للنص القانوني المرجعي الذهبي، لكنها غير دقيقة تماماً لأن النص القانوني هو من لائحة التبليغ وليس من اللائحة التنفيذية لنظام المحاكم التجارية.
Q042,ALLaM-7B-Instruct-preview,"{
  ""answer_ar"": ""إذا استلم التبليغ عنك أحد الساكنين معك في مقر سكنك، فيُعد ذلك تبليغاً لغير شخصك، وفقاً للمادة الخامسة والأربعين من اللائحة التنفيذية لنظام المحاكم التجارية."",
  ""citations"": [
    {""law"": ""اللائحة التنفيذية لنظام المحاكم التجارية"", ""article"": ""المادة الخامسة والأربعين""}
  ],
  ""insufficient_context"": false
}",8.213367698999718,560,False,True,إذا استلم التبليغ عنك أحد الساكنين معك في مقر سكنك، فيُعد ذلك تبليغاً لغير شخصك، وفقاً للمادة الخامسة والأربعين من اللائحة التنفيذية لنظام المحاكم التجارية.,"[{'law': 'اللائحة التنفيذية لنظام المحاكم التجارية', 'article': 'المادة الخامسة والأربعين'}]",False,informal,إذا واحد ساكن معي استلم التبليغ عني يعتبر تبلغت؟,اللائحة التنفيذية لنظام المحاكم التجارية,المادة الخامسة والأربعون,اللايحةالتنفيذيةلنظامالمحاكمالتجارية||المادةالخامسةوالاربعون,"المادة الخامسة والأربعون : إجراءاتالتبليغ
يعد تبليغ الشخص ذي الصفة الطبيعية تبليغاً لغير شخصه إذا تبلغ أحد الساكنين معه في مقر سكن من وجه إليهالتبليغ.
الفصل التاسع: حقالاطلاع","[('اللائحة التنفيذية لنظام المحاكم التجارية', 'المادة الخامسة والأربعون'), ('اللائحة التنفيذية لنظام الأحداث', 'المادة الخامسة'), ('نظام المحاكم التجارية', 'المادة الثلاثون')]","['اللايحةالتنفيذيةلنظامالمحاكمالتجارية||المادةالخامسةوالاربعون', 'اللايحةالتنفيذيةلنظامالاحداث||المادةالخامسة', 'نظامالمحاكمالتجارية||المادةالثلاثون']",True,"User Query:
إذا واحد ساكن معي استلم التبليغ عني يعتبر تبلغت؟

[Retrieved Article 1]
Law: اللائحة التنفيذية لنظام المحاكم التجارية
Article: المادة الخامسة والأربعون
Text: المادة الخامسة والأربعون : إجراءاتالتبليغ
يعد تبليغ الشخص ذي الصفة الطبيعية تبليغاً لغير شخصه إذا تبلغ أحد الساكنين معه في مقر سكن من وجه إليهالتبليغ.
الفصل التاسع: حقالاطلاع

[Retrieved Article 2]
Law: اللائحة التنفيذية لنظام الأحداث
Article: المادة الخامسة
Text: المادة الخامسة
وفقاً للحكم الوارد في المادة (السادسة) من النظام؛ إذا كان الحدث المودع في الدار مجهول الهوية فيكون التبليغ صحيحاً إذا بلغت الدارء وتشعر وزارة الداخليةبذلك.

[Retrieved Article 3]
Law: نظام المحاكم التجارية
Article: المادة الثلاثون
Text: المادة الثلاثون
١.إذا تبلغ المدعى عليه لشخصه أو وكليه» أو حضر أي منهما في أي جلسة أمام المحكمة؛ أو قدم مذكرة بدفاعه؛ عدت الخصومة حضورية» ولو تخلف بعدذلك.
"".إذا لم يحضر المدعى عليه أو وكيله وكان قد تبلغ لغير شخصهه فعلى المحكمة تأجيل نظر الدعوى إلى جلسة تالية يبلغ بهاء فإن لم يحضر وكان قد تبلغ لغير شخصه -للمرةالثانيق
فصلت في الدعوىء ويعد الحكم في حق المدعى عليهحضوريًا.
"".في جميع الأحوال» يعد تبليغ الشخصية الاعتبارية -بموجب أحكام النظام- تبليغاًالشخصها.
5 .تحدد اللائحة الحالات التي يعد فيها التبليغ تبليغاً لغير شخص المطلوبإبلاغه.",1.0,0.0,1.0,0.0,1.0,"```json
{
  ""correctness"": 4,
  ""faithfulness"": 3,
  ""arabic_quality"": 4,
  ""hallucination"": 0,
  ""reason"": ""الإجابة صحيحة بشكل عام، ولكنها ليست دقيقة تماماً لأن النص القانوني المرجعي الذهبي هو من قانون إجراءات التبليغ وليس اللائحة التنفيذية لنظام المحاكم التجارية. بالإضافة إلى ذلك، يمكن تحسين الدقة اللغوية.""
}
```

**تفصيل الأسباب:**
- **correctness (دقة):** 4/5 - الإجابة صحيحة بشكل عام، لكنها ليست دقيقة تماماً لأن النص القانوني المرجعي الذهبي هو من قانون إجراءات التبليغ وليس اللائحة التنفيذية لنظام المحاكم التجارية.
- **faithfulness (موثوقية):** 3/5 - الإجابة تعتمد على السياق المسترجع، لكنها ليست دقيقة",16.63669500600008,936,False,True,4.0,3.0,4.0,0,الإجابة صحيحة بشكل عام، ولكنها ليست دقيقة تماماً لأن النص القانوني المرجعي الذهبي هو من قانون إجراءات التبليغ وليس اللائحة التنفيذية لنظام المحاكم التجارية. بالإضافة إلى ذلك، يمكن تحسين الدقة اللغوية.
Q043,ALLaM-7B-Instruct-preview,"{
  ""answer_ar"": ""نعم، يشترط الترافع بواسطة محام أمام الدائرة التجارية في المحكمة العليا وفقاً للمادة الرابعة والخمسين من اللائحة التنفيذية لنظام المحاكم التجارية."",
  ""citations"": [
    {""law"": ""اللائحة التنفيذية لنظام المحاكم التجارية"", ""article"": ""المادة الرابعة والخمسين""}
  ],
  ""insufficient_context"": false
}",6.455967612000222,599,False,True,نعم، يشترط الترافع بواسطة محام أمام الدائرة التجارية في المحكمة العليا وفقاً للمادة الرابعة والخمسين من اللائحة التنفيذية لنظام المحاكم التجارية.,"[{'law': 'اللائحة التنفيذية لنظام المحاكم التجارية', 'article': 'المادة الرابعة والخمسين'}]",False,formal_direct,هل يشترط الترافع بواسطة محام أمام الدائرة التجارية في المحكمة العليا؟,اللائحة التنفيذية لنظام المحاكم التجارية,المادة الرابعة والخمسون,اللايحةالتنفيذيةلنظامالمحاكمالتجارية||المادةالرابعةوالخمسون,"المادة الرابعة والخمسون : الترافع منمحام
في جميع الأحوال؛ يجب أن تكون المرافعة وتقديم أي مذكرات لدى الدائرة التجارية في المحكمة العليا منمحام.","[('اللائحة التنفيذية لنظام المحاكم التجارية', 'المادة الرابعة والخمسون'), ('اللائحة التنفيذية لنظام المحاكم التجارية', 'المادة الثانية والخمسون'), ('نظام المحاكم التجارية', 'المادة الثانيةوالسبعون')]","['اللايحةالتنفيذيةلنظامالمحاكمالتجارية||المادةالرابعةوالخمسون', 'اللايحةالتنفيذيةلنظامالمحاكمالتجارية||المادةالثانيةوالخمسون', 'نظامالمحاكمالتجارية||المادةالثانيةوالسبعون']",True,"User Query:
هل يشترط الترافع بواسطة محام أمام الدائرة التجارية في المحكمة العليا؟

[Retrieved Article 1]
Law: اللائحة التنفيذية لنظام المحاكم التجارية
Article: المادة الرابعة والخمسون
Text: المادة الرابعة والخمسون : الترافع منمحام
في جميع الأحوال؛ يجب أن تكون المرافعة وتقديم أي مذكرات لدى الدائرة التجارية في المحكمة العليا منمحام.

[Retrieved Article 2]
Law: اللائحة التنفيذية لنظام المحاكم التجارية
Article: المادة الثانية والخمسون
Text: المادة الثانية والخمسون : الدعاوى والطلبات التي ترفع منمحام
يجب أن يكون رفع طلب النقض أو التماس إعادة النظر من محام.
يجب أن يكون الترافع أمام الدوائر الابتدائية ودوائر الاستئناف من محامء في الدعاوىالآتية:
أ - الدعاوى المنصوص عليها في الفقرات )١( و(١) و(5) و(4) من المادة السادسة عشرة من النظام؛ متى كانت قيمة المطالبة الأصلية تزيد على عشرة ملايينريال.
ب - الدعاوى المنصوص عليها في الفقرات (”*) و(5) و(1) و("") من المادة السادسة عشرة من النظام؛ متى كانت قيمة المطالبة الأصلية تزيد على مليونيريإل.
ج -الدعاوى المنصوص عليها في الفقرة (5) من المادة السادسة عشرة من النظام» متى كانت الدعوى تتعلق بطلب افتتاح إجراء إعادة تنظيممالي.

[Retrieved Article 3]
Law: نظام المحاكم التجارية
Article: المادة الثانيةوالسبعون
Text: المادة الثانيةوالسبعون
فيما لم يرد فيه نص خاصء تسري على دوائر الاستئناف والدائرة التجارية في المحكمة العليا الإجراءات المقررة أمام الدوائر الابتدائية» بما في ذلك الأحكام المتعلقةبالآتي:
١.إجراءات حضور أطرافالدعوى.
"".إجراءات تهيئة الدعوىوتحضيرها.
”.إجراءات إصدارالأحكام.",1.0,0.0,1.0,0.0,1.0,"{
  ""correctness"": 1,
  ""faithfulness"": 1,
  ""arabic_quality"": 1,
  ""hallucination"": 0,
  ""reason"": ""الإجابة متوافقة مع النص القانوني المرجعي الذهبي وواضحة ومكتوبة بشكل محترف.""
}",5.850078303999908,926,False,True,1.0,1.0,1.0,0,الإجابة متوافقة مع النص القانوني المرجعي الذهبي وواضحة ومكتوبة بشكل محترف.
Q044,ALLaM-7B-Instruct-preview,"{
  ""answer_ar"": ""يجب أن تكون المرافعة وتقديم أي مذكرات لدى الدائرة التجارية في المحكمة العليا من محامٍ."",
  ""citations"": [
    {""law"": ""اللائحة التنفيذية لنظام المحاكم التجارية"", ""article"": ""المادة الرابعة والخمسون""}
  ],
  ""insufficient_context"": false
}",6.921057807999659,564,False,True,يجب أن تكون المرافعة وتقديم أي مذكرات لدى الدائرة التجارية في المحكمة العليا من محامٍ.,"[{'law': 'اللائحة التنفيذية لنظام المحاكم التجارية', 'article': 'المادة الرابعة والخمسون'}]",False,formal_paraphrase,من يحق له تقديم المذكرات أمام الدائرة التجارية في المحكمة العليا؟,اللائحة التنفيذية لنظام المحاكم التجارية,المادة الرابعة والخمسون,اللايحةالتنفيذيةلنظامالمحاكمالتجارية||المادةالرابعةوالخمسون,"المادة الرابعة والخمسون : الترافع منمحام
في جميع الأحوال؛ يجب أن تكون المرافعة وتقديم أي مذكرات لدى الدائرة التجارية في المحكمة العليا منمحام.","[('اللائحة التنفيذية لنظام المحاكم التجارية', 'المادة الرابعة والخمسون'), ('نظام المحاكم التجارية', 'المادة الثامنةوالثمانون'), ('نظام المحاكم التجارية', 'المادة الثانيةوالسبعون')]","['اللايحةالتنفيذيةلنظامالمحاكمالتجارية||المادةالرابعةوالخمسون', 'نظامالمحاكمالتجارية||المادةالثامنةوالثمانون', 'نظامالمحاكمالتجارية||المادةالثانيةوالسبعون']",True,"User Query:
من يحق له تقديم المذكرات أمام الدائرة التجارية في المحكمة العليا؟

[Retrieved Article 1]
Law: اللائحة التنفيذية لنظام المحاكم التجارية
Article: المادة الرابعة والخمسون
Text: المادة الرابعة والخمسون : الترافع منمحام
في جميع الأحوال؛ يجب أن تكون المرافعة وتقديم أي مذكرات لدى الدائرة التجارية في المحكمة العليا منمحام.

[Retrieved Article 2]
Law: نظام المحاكم التجارية
Article: المادة الثامنةوالثمانون
Text: المادة الثامنةوالثمانون
تختص الدائرة التجارية في المحكمة العليا بالنظر في الاعتراضات على الأحكام والقرارات التي تصدرها دوائر الاستئناف في المحكمة؛ إذا كان محل الاعتراض على الحكم مايأتي:
١.مخالفة أحكام الشريعة الإسلامية أو الأنظمة» أو الخطأ في تطبيقها أو تأويلهاء أو مخالفة مبدأ قضائي صادر من المحكمةالعليا.
؟.صدوره من محكمة غير مختصة» أو صدوره من محكمة غير مشكلة تشكيلآً صحيحاً وفق أحكامالنظام.
”"".الخطأ في تكييف الواقعة أو فيوصفها.
:.فصله في نزاع خلافاً لحكم آخر سبق أن صدر بين أطرافالدعوى.

[Retrieved Article 3]
Law: نظام المحاكم التجارية
Article: المادة الثانيةوالسبعون
Text: المادة الثانيةوالسبعون
فيما لم يرد فيه نص خاصء تسري على دوائر الاستئناف والدائرة التجارية في المحكمة العليا الإجراءات المقررة أمام الدوائر الابتدائية» بما في ذلك الأحكام المتعلقةبالآتي:
١.إجراءات حضور أطرافالدعوى.
"".إجراءات تهيئة الدعوىوتحضيرها.
”.إجراءات إصدارالأحكام.",1.0,1.0,0.0,1.0,1.0,"{
  ""correctness"": 5,
  ""faithfulness"": 5,
  ""arabic_quality"": 5,
  ""hallucination"": 0,
  ""reason"": ""الإجابة متطابقة مع النص القانوني المرجعي الذهبي ودقيقة في تفسيرها لسؤال المستخدم.""
}",5.898554393000268,865,False,True,5.0,5.0,5.0,0,الإجابة متطابقة مع النص القانوني المرجعي الذهبي ودقيقة في تفسيرها لسؤال المستخدم.
Q045,ALLaM-7B-Instruct-preview,"{
  ""answer_ar"": ""يجب أن تكون المرافعة وتقديم أي مذكرات لدى الدائرة التجارية في المحكمة العليا من محامٍ وفقًا للمادة الرابعة والخمسين من اللائحة التنفيذية لنظام المحاكم التجارية."",
  ""citations"": [
    {""law"": ""اللائحة التنفيذية لنظام المحاكم التجارية"", ""article"": ""المادة الرابعة والخمسون""}
  ],
  ""insufficient_context"": false
}",6.741944953999791,564,False,True,يجب أن تكون المرافعة وتقديم أي مذكرات لدى الدائرة التجارية في المحكمة العليا من محامٍ وفقًا للمادة الرابعة والخمسين من اللائحة التنفيذية لنظام المحاكم التجارية.,"[{'law': 'اللائحة التنفيذية لنظام المحاكم التجارية', 'article': 'المادة الرابعة والخمسون'}]",False,informal,أقدر أرافع بنفسي قدام الدائرة التجارية بالمحكمة العليا؟,اللائحة التنفيذية لنظام المحاكم التجارية,المادة الرابعة والخمسون,اللايحةالتنفيذيةلنظامالمحاكمالتجارية||المادةالرابعةوالخمسون,"المادة الرابعة والخمسون : الترافع منمحام
في جميع الأحوال؛ يجب أن تكون المرافعة وتقديم أي مذكرات لدى الدائرة التجارية في المحكمة العليا منمحام.","[('اللائحة التنفيذية لنظام المحاكم التجارية', 'المادة الرابعة والخمسون'), ('نظام المحاكم التجارية', 'المادة الثامنةوالثمانون'), ('نظام المحاكم التجارية', 'المادة الثانيةوالسبعون')]","['اللايحةالتنفيذيةلنظامالمحاكمالتجارية||المادةالرابعةوالخمسون', 'نظامالمحاكمالتجارية||المادةالثامنةوالثمانون', 'نظامالمحاكمالتجارية||المادةالثانيةوالسبعون']",True,"User Query:
أقدر أرافع بنفسي قدام الدائرة التجارية بالمحكمة العليا؟

[Retrieved Article 1]
Law: اللائحة التنفيذية لنظام المحاكم التجارية
Article: المادة الرابعة والخمسون
Text: المادة الرابعة والخمسون : الترافع منمحام
في جميع الأحوال؛ يجب أن تكون المرافعة وتقديم أي مذكرات لدى الدائرة التجارية في المحكمة العليا منمحام.

[Retrieved Article 2]
Law: نظام المحاكم التجارية
Article: المادة الثامنةوالثمانون
Text: المادة الثامنةوالثمانون
تختص الدائرة التجارية في المحكمة العليا بالنظر في الاعتراضات على الأحكام والقرارات التي تصدرها دوائر الاستئناف في المحكمة؛ إذا كان محل الاعتراض على الحكم مايأتي:
١.مخالفة أحكام الشريعة الإسلامية أو الأنظمة» أو الخطأ في تطبيقها أو تأويلهاء أو مخالفة مبدأ قضائي صادر من المحكمةالعليا.
؟.صدوره من محكمة غير مختصة» أو صدوره من محكمة غير مشكلة تشكيلآً صحيحاً وفق أحكامالنظام.
”"".الخطأ في تكييف الواقعة أو فيوصفها.
:.فصله في نزاع خلافاً لحكم آخر سبق أن صدر بين أطرافالدعوى.

[Retrieved Article 3]
Law: نظام المحاكم التجارية
Article: المادة الثانيةوالسبعون
Text: المادة الثانيةوالسبعون
فيما لم يرد فيه نص خاصء تسري على دوائر الاستئناف والدائرة التجارية في المحكمة العليا الإجراءات المقررة أمام الدوائر الابتدائية» بما في ذلك الأحكام المتعلقةبالآتي:
١.إجراءات حضور أطرافالدعوى.
"".إجراءات تهيئة الدعوىوتحضيرها.
”.إجراءات إصدارالأحكام.",1.0,1.0,0.0,1.0,1.0,"```json
{
  ""correctness"": 4,
  ""faithfulness"": 3,
  ""arabic_quality"": 4,
  ""hallucination"": 0,
  ""reason"": ""الإجابة صحيحة من حيث الصياغة والدقة، ولكنها لم تدعم بشكل كامل السياق المسترجع. السياق المسترجع يشير إلى أن الترافع يجب أن يكون من محامٍ، وليس من المحامي الشخصي.""
}
```",8.298233929999697,886,False,True,4.0,3.0,4.0,0,الإجابة صحيحة من حيث الصياغة والدقة، ولكنها لم تدعم بشكل كامل السياق المسترجع. السياق المسترجع يشير إلى أن الترافع يجب أن يكون من محامٍ، وليس من المحامي الشخصي.
Q046,ALLaM-7B-Instruct-preview,"{
  ""answer_ar"": ""يتم إثبات المصالحة التي يتوصل إليها الأطراف بعد قيد القضية من خلال محضر صلح يوقع من الخصوم ومن الموظف المختص، ويذيل بالصيغة التنفيذية."",
  ""citations"": [
    {""law"": ""اللائحة التنفيذية لنظام المحاكم التجارية"", ""article"": ""المادة الحادية والستون""}
  ],
  ""insufficient_context"": false
}",7.407887308000227,463,False,True,يتم إثبات المصالحة التي يتوصل إليها الأطراف بعد قيد القضية من خلال محضر صلح يوقع من الخصوم ومن الموظف المختص، ويذيل بالصيغة التنفيذية.,"[{'law': 'اللائحة التنفيذية لنظام المحاكم التجارية', 'article': 'المادة الحادية والستون'}]",False,formal_direct,كيف يتم إثبات المصالحة التي يتوصل إليها الأطراف بعد قيد القضية؟,اللائحة التنفيذية لنظام المحاكم التجارية,المادة الحادية والستون,اللايحةالتنفيذيةلنظامالمحاكمالتجارية||المادةالحاديةوالستون,"المادة الحادية والستون : المصالحة بعدالقيد
إذا توصل الأطراف إلى المصالحة أو التسوية بعد قيد القضية» أثبت ما اتفقوا عليه في محضر صلحء يوقع من الخصوم ومن الموظف المختصء ويذيل بالصيغةالتنفيذية.","[('اللائحة التنفيذية لنظام المحاكم التجارية', 'المادة الحادية والستون'), ('اللائحة التنفيذية لنظام المحاكم التجارية', 'المادة الستون'), ('اللائحة التنفيذية لنظام المحاكم التجارية', 'المادة الثانية والستون')]","['اللايحةالتنفيذيةلنظامالمحاكمالتجارية||المادةالحاديةوالستون', 'اللايحةالتنفيذيةلنظامالمحاكمالتجارية||المادةالستون', 'اللايحةالتنفيذيةلنظامالمحاكمالتجارية||المادةالثانيةوالستون']",True,"User Query:
كيف يتم إثبات المصالحة التي يتوصل إليها الأطراف بعد قيد القضية؟

[Retrieved Article 1]
Law: اللائحة التنفيذية لنظام المحاكم التجارية
Article: المادة الحادية والستون
Text: المادة الحادية والستون : المصالحة بعدالقيد
إذا توصل الأطراف إلى المصالحة أو التسوية بعد قيد القضية» أثبت ما اتفقوا عليه في محضر صلحء يوقع من الخصوم ومن الموظف المختصء ويذيل بالصيغةالتنفيذية.

[Retrieved Article 2]
Law: اللائحة التنفيذية لنظام المحاكم التجارية
Article: المادة الستون
Text: المادة الستون: المصالحة بعدالقيد
للمحكمة في أي مرحلة إحالة الأطراف - بشرط موافقتهم - إلى المصالحة والوساطة» ويثبت ذلك في محضر القضية»: وتراعي في الموعد التالي مدة إجراءات المصالحةوالوساطة.

[Retrieved Article 3]
Law: اللائحة التنفيذية لنظام المحاكم التجارية
Article: المادة الثانية والستون
Text: المادة الثانية والستون : المصالحة بعدالقيد
في الأحوال التي تنتهي المصالحة فيها بسند تنفيذي بموجب أحكام نظام التنفيذ» تزود المحكمة بصورة منه» وتعد الدعوى منقضيةبذلك.",1.0,1.0,0.0,1.0,1.0,"{
  ""correctness"": 5,
  ""faithfulness"": 5,
  ""arabic_quality"": 5,
  ""hallucination"": 0,
  ""reason"": ""الإجابة دقيقة وموثقة من النص القانوني المرجعي الذهبي، وواضحة ومهنية باللغة العربية.""
}",6.017603070000405,784,False,True,5.0,5.0,5.0,0,الإجابة دقيقة وموثقة من النص القانوني المرجعي الذهبي، وواضحة ومهنية باللغة العربية.
Q047,ALLaM-7B-Instruct-preview,"{
  ""answer_ar"": ""عند اتفاق الخصوم على التسوية بعد تسجيل الدعوى، يتم إثبات ما اتفقوا عليه في محضر صلح يوقع من الخصوم ومن الموظف المختص، ويذيل بالصيغة التنفيذية."",
  ""citations"": [
    {""law"": ""اللائحة التنفيذية لنظام المحاكم التجارية"", ""article"": ""المادة الحادية والستون""}
  ],
  ""insufficient_context"": false
}",7.2239146109996,537,False,True,عند اتفاق الخصوم على التسوية بعد تسجيل الدعوى، يتم إثبات ما اتفقوا عليه في محضر صلح يوقع من الخصوم ومن الموظف المختص، ويذيل بالصيغة التنفيذية.,"[{'law': 'اللائحة التنفيذية لنظام المحاكم التجارية', 'article': 'المادة الحادية والستون'}]",False,formal_paraphrase,ما الإجراء المتبع عند اتفاق الخصوم على التسوية بعد تسجيل الدعوى؟,اللائحة التنفيذية لنظام المحاكم التجارية,المادة الحادية والستون,اللايحةالتنفيذيةلنظامالمحاكمالتجارية||المادةالحاديةوالستون,"المادة الحادية والستون : المصالحة بعدالقيد
إذا توصل الأطراف إلى المصالحة أو التسوية بعد قيد القضية» أثبت ما اتفقوا عليه في محضر صلحء يوقع من الخصوم ومن الموظف المختصء ويذيل بالصيغةالتنفيذية.","[('اللائحة التنفيذية لنظام المحاكم التجارية', 'المادة الحادية والستون'), ('اللائحة التنفيذية لنظام المحاكم التجارية', 'المادة السبعون بعد المائتين'), ('اللائحة التنفيذية لطرق الاعتراض على الأحكام', 'المادة الخامسة')]","['اللايحةالتنفيذيةلنظامالمحاكمالتجارية||المادةالحاديةوالستون', 'اللايحةالتنفيذيةلنظامالمحاكمالتجارية||المادةالسبعونبعدالمايتين', 'اللايحةالتنفيذيةلطرقالاعتراضعليالاحكام||المادةالخامسة']",True,"User Query:
ما الإجراء المتبع عند اتفاق الخصوم على التسوية بعد تسجيل الدعوى؟

[Retrieved Article 1]
Law: اللائحة التنفيذية لنظام المحاكم التجارية
Article: المادة الحادية والستون
Text: المادة الحادية والستون : المصالحة بعدالقيد
إذا توصل الأطراف إلى المصالحة أو التسوية بعد قيد القضية» أثبت ما اتفقوا عليه في محضر صلحء يوقع من الخصوم ومن الموظف المختصء ويذيل بالصيغةالتنفيذية.

[Retrieved Article 2]
Law: اللائحة التنفيذية لنظام المحاكم التجارية
Article: المادة السبعون بعد المائتين
Text: المادة السبعون بعد المائتين: عرض التسوية في الدعوىالجماعية
يجب قبل نظر الدعوى الجماعية عرض التسوية على الأطرافء وفي حال توصل ممثل المدعين إلى تسوية مع المدعى عليه» فيجب على ممثل المدعين عرضها علىالمدعين
بالوسيلة المناسبة مع تحديد ميعاد لإبداء الموافقة على العرض من عدمه خلال مدة لا تتجاوز ثلاثين يومأ؛ وفي حال قبلها أغلبية المدعين» فتثبت التسوية بحق من قبل بهاوتنهي
المحكمة الدعوى الجماعيةبذلك.

[Retrieved Article 3]
Law: اللائحة التنفيذية لطرق الاعتراض على الأحكام
Article: المادة الخامسة
Text: المادة الخامسة
-١ يجوز لأطراف الدعوى الاتفاق كتابةً ولو قبل رفع الدعوى- على أن يكون الحكم الصادر من محكمة الدرجة الأولى نهائياًبحقهم.
2- يكون التمسك بالاتفاق الوارد في الفقرة )١( من هذه المادة أثناء نظر الدعوى لدى محكمة الدرجةالأولى.",1.0,1.0,0.0,1.0,1.0,"{
  ""correctness"": 4,
  ""faithfulness"": 3,
  ""arabic_quality"": 4,
  ""hallucination"": 0,
  ""reason"": ""الإجابة دقيقة فيما يتعلق بموضوع السؤال، ولكنها لم تستند بشكل كافي إلى السياق المسترجع.""
}",5.962420953000219,901,False,True,4.0,3.0,4.0,0,الإجابة دقيقة فيما يتعلق بموضوع السؤال، ولكنها لم تستند بشكل كافي إلى السياق المسترجع.
Q048,ALLaM-7B-Instruct-preview,"{
  ""answer_ar"": ""إذا تصالح الأطراف بعد قيد القضية، يُثبت ما اتفقوا عليه في محضر صلح يُوقع من الأطراف ومن الموظف المختص، ويذيل بالصيغة التنفيذية."",
  ""citations"": [
    {""law"": ""اللائحة التنفيذية لنظام المحاكم التجارية"", ""article"": ""المادة الحادية والستون""}
  ],
  ""insufficient_context"": false
}",7.751174935999643,666,False,True,إذا تصالح الأطراف بعد قيد القضية، يُثبت ما اتفقوا عليه في محضر صلح يُوقع من الأطراف ومن الموظف المختص، ويذيل بالصيغة التنفيذية.,"[{'law': 'اللائحة التنفيذية لنظام المحاكم التجارية', 'article': 'المادة الحادية والستون'}]",False,informal,إذا تصالحنا بعد ما سجلنا القضية، وش يصير؟,اللائحة التنفيذية لنظام المحاكم التجارية,المادة الحادية والستون,اللايحةالتنفيذيةلنظامالمحاكمالتجارية||المادةالحاديةوالستون,"المادة الحادية والستون : المصالحة بعدالقيد
إذا توصل الأطراف إلى المصالحة أو التسوية بعد قيد القضية» أثبت ما اتفقوا عليه في محضر صلحء يوقع من الخصوم ومن الموظف المختصء ويذيل بالصيغةالتنفيذية.","[('اللائحة التنفيذية لنظام المحاكم التجارية', 'المادة الحادية والستون'), ('قواعد العمل في مكاتب المصالحة وإجراءاته', 'المادة التاسعة عشر'), ('اللائحة التنفيذية لنظام المحاكم التجارية', 'المادة الثالثة والستون')]","['اللايحةالتنفيذيةلنظامالمحاكمالتجارية||المادةالحاديةوالستون', 'قواعدالعملفيمكاتبالمصالحةواجراءاته||المادةالتاسعةعشر', 'اللايحةالتنفيذيةلنظامالمحاكمالتجارية||المادةالثالثةوالستون']",True,"User Query:
إذا تصالحنا بعد ما سجلنا القضية، وش يصير؟

[Retrieved Article 1]
Law: اللائحة التنفيذية لنظام المحاكم التجارية
Article: المادة الحادية والستون
Text: المادة الحادية والستون : المصالحة بعدالقيد
إذا توصل الأطراف إلى المصالحة أو التسوية بعد قيد القضية» أثبت ما اتفقوا عليه في محضر صلحء يوقع من الخصوم ومن الموظف المختصء ويذيل بالصيغةالتنفيذية.

[Retrieved Article 2]
Law: قواعد العمل في مكاتب المصالحة وإجراءاته
Article: المادة التاسعة عشر
Text: المادة التاسعة عشر: تحريرالمحاضر
لا يحرر المصلح محضرًا لجلسات المصالحة» ويكتفي بتحريرالآتي:
١.إذا انتهت المصالحة بغير صلحء فيحرر المصلح تقريرًا بذلك يدوّن فيه المعلومات الأساسية وفمًا للنموذج المعتمدء بما يشمل: تاريخ جلسات المصالحة» ومكان انعقادهاءواسم
المصلح وأطراف المصالحة ومعلوماتهم الأساسية» وأسماء من حضر الجلسة» وملخص المنازعة محل المصالحة دون أن يذكر ما دار في الجلسة» وتحفظ المعاملة معإشعار
المحكمة المحيلة بذلك إذا كانت القضيةمحالة.
"" إذا انتهت المصالحة بصلح في بعض المنازعة؛ فيحرر المصلح تقريرًا بانتهاء المصالحة بغير صلح كامل وفمًا لما ورد في الفقرة السابقة» كما يحرر محضر صلح بماتمت
المصالحة فيه ويبين فيه جزء المنازعة الذي تم الصلح فيه» ويكون له أحكام وإجراءات محضر الصلح الواردة في الفصل الخامسء وتحفظ المعاملة مع إشعار المحكمة المحيلةبذلك
إذا كانت القضيةمحالة.
“.إذا انتهت المصالحة بصلح كامل» فيحرر المصلح محضر صلح وفقًا لأحكام الفصل الخامس» وتشعر المحكمة المحيلة بذلك إذا كانت القضيةمحالة.
الفصل الخامس: محضرالصلح

[Retrieved Article 3]
Law: اللائحة التنفيذية لنظام المحاكم التجارية
Article: المادة الثالثة والستون
Text: المادة الثالثة والستون : المصالحة بعدالقيد
تسري أحكام الفقرة )١( من المادة التاسعة والعشرين من النظام في أي مرحلة تم فيها الاتفاق ولو بعد قفل باب المرافعة أو أمام المحكمة المعترضأمامها.",1.0,1.0,0.0,1.0,1.0,"```json
{
  ""correctness"": 5,
  ""faithfulness"": 5,
  ""arabic_quality"": 5,
  ""hallucination"": 0,
  ""reason"": ""الإجابة دقيقة وموثقة من النص القانوني المرجعي الذهبي، وواضحة ومهنية باللغة العربية.""
}
```",6.474693321999439,1079,False,True,5.0,5.0,5.0,0,الإجابة دقيقة وموثقة من النص القانوني المرجعي الذهبي، وواضحة ومهنية باللغة العربية.
Q049,ALLaM-7B-Instruct-preview,"{
  ""answer_ar"": ""يجب أن يتضمن إثبات الواقعة محل الإخلال، مقدار الغرامة، وتحديد الشخص أو الأشخاص الصادر بحقهم الأمر، ويزود رئيس المحكمة بنسخة منه فور صدوره."",
  ""citations"": [
    {""law"": ""اللائحة التنفيذية لنظام المحاكم التجارية"", ""article"": ""المادة الخامسةوالستون""},
    {""law"": ""اللائحة التنفيذية لنظام المحاكم التجارية"", ""article"": ""المادة الثالثة والتسعون بعد المائة""},
    {""law"": ""القواعد المنظمة لإجراءات قضايا الإفلاس في المحاكم التجارية"", ""article"": ""المادة التاسعة""}
  ],
  ""insufficient_context"": false
}",12.069243776999883,634,False,True,يجب أن يتضمن إثبات الواقعة محل الإخلال، مقدار الغرامة، وتحديد الشخص أو الأشخاص الصادر بحقهم الأمر، ويزود رئيس المحكمة بنسخة منه فور صدوره.,"[{'law': 'اللائحة التنفيذية لنظام المحاكم التجارية', 'article': 'المادة الخامسةوالستون'}, {'law': 'اللائحة التنفيذية لنظام المحاكم التجارية', 'article': 'المادة الثالثة والتسعون بعد المائة'}, {'law': 'القواعد المنظمة لإجراءات قضايا الإفلاس في المحاكم التجارية', 'article': 'المادة التاسعة'}]",False,formal_direct,ما البيانات التي يجب إثباتها عند إصدار أمر من المحكمة بسبب واقعة إخلال؟,اللائحة التنفيذية لنظام المحاكم التجارية,المادة الخامسة والستون,اللايحةالتنفيذيةلنظامالمحاكمالتجارية||المادةالخامسةوالستون,"المادة الخامسةوالستون :
يكون إثبات أمر المحكمة المنصوص عليه في الفقرة )١( من المادة الثالثة عشرة من النظام في محضر القضية» على أن يتضمن إثبات الواقعة محل الإخلال؛ ومقدار الغرامة»وتحديد
الشخص أو الأشخاص الصادر بحقهم الأمرء ويزود رئيس المحكمة بنسخة منه فورصدوره.","[('اللائحة التنفيذية لنظام المحاكم التجارية', 'المادة الخامسةوالستون'), ('اللائحة التنفيذية لنظام المحاكم التجارية', 'المادة الثالثة والتسعون بعد المائة'), ('القواعد المنظمة لإجراءات قضايا الإفلاس في المحاكم التجارية', 'المادة التاسعة')]","['اللايحةالتنفيذيةلنظامالمحاكمالتجارية||المادةالخامسةوالستون', 'اللايحةالتنفيذيةلنظامالمحاكمالتجارية||المادةالثالثةوالتسعونبعدالماية', 'القواعدالمنظمةلاجراءاتقضاياالافلاسفيالمحاكمالتجارية||المادةالتاسعة']",True,"User Query:
ما البيانات التي يجب إثباتها عند إصدار أمر من المحكمة بسبب واقعة إخلال؟

[Retrieved Article 1]
Law: اللائحة التنفيذية لنظام المحاكم التجارية
Article: المادة الخامسةوالستون
Text: المادة الخامسةوالستون :
يكون إثبات أمر المحكمة المنصوص عليه في الفقرة )١( من المادة الثالثة عشرة من النظام في محضر القضية» على أن يتضمن إثبات الواقعة محل الإخلال؛ ومقدار الغرامة»وتحديد
الشخص أو الأشخاص الصادر بحقهم الأمرء ويزود رئيس المحكمة بنسخة منه فورصدوره.

[Retrieved Article 2]
Law: اللائحة التنفيذية لنظام المحاكم التجارية
Article: المادة الثالثة والتسعون بعد المائة
Text: المادة الثالثة والتسعون بعد المائة: الفصل في طلب إصدار أمرالأداء
يصدر الأمر في النموذج الخاص بذلك» ويجب أن يحتوي على البياناتالآتية:
أ- البيانات المضمنة في طلب إصدارالأمر.
ب - تاريخ إصدار الأمرء والمحكمة التي أصدرته؛ والدائرة» واسمالقاضي.

[Retrieved Article 3]
Law: القواعد المنظمة لإجراءات قضايا الإفلاس في المحاكم التجارية
Article: المادة التاسعة
Text: المادة التاسعة
-١ يجب أن يشتمل الطلب المقدم للمحكمة على البيانات؛ والمرافقات المنصوص عليها في النظام؛ واللائحة التنفيذية» ولائحة المعلوماتوالوثائق.
؟- يكون تقديم الطلب لدى الوحدة المختصة فيالمحكمة.
“'- تقيد الوحدة المختصة بالمحكمة الطلبات بعد التأكد من استيفائها للمتطلبات النظامية» ولمقدم الطلب حق التظلم لرئيس المحكمة خلال خمسة أيام من تاريخ إبلاغه بعدم قيدالطلب»
ويفصل رئيس المحكمة في التظلم» ويعد قراره في ذلك نهائيّاء ولرئيس المحكمة عند الاقتضاء إحالة الطلب للدائرة؛ للنظر في قبوله» ولها تقرير قبول قيد الطلب متى رأت أنمرافقاته
تحقق الغاية من المعلومة»؛ أو الوثيقة التي لمتقدم.
٠بي
تعليق المطالبات والطلباتالتحفظيهة",1.0,1.0,0.0,1.0,3.0,"{
  ""correctness"": 5,
  ""faithfulness"": 5,
  ""arabic_quality"": 5,
  ""hallucination"": 0,
  ""reason"": ""الإجابة دقيقة ودقيقة وفقًا للنص القانوني المرجعي الذهبي، وتم تغطية جميع النقاط المذكورة في السياق المسترجع.""
}",7.4338183259997095,1039,False,True,5.0,5.0,5.0,0,الإجابة دقيقة ودقيقة وفقًا للنص القانوني المرجعي الذهبي، وتم تغطية جميع النقاط المذكورة في السياق المسترجع.
Q050,ALLaM-7B-Instruct-preview,"{
  ""answer_ar"": ""يثبت أمر المحكمة المتعلق بالغرامة والواقعة محل الإخلال في محضر القضية، على أن يتضمن إثبات الواقعة ومقدار الغرامة وتحديد الشخص أو الأشخاص الصادر بحقهم الأمر، ويُزود رئيس المحكمة بنسخة منه فور صدوره."",
  ""citations"": [
    {""law"": ""اللائحة التنفيذية لنظام المحاكم التجارية"", ""article"": ""المادة الخامسةوالستون""},
    {""law"": ""نظام المحاكم التجارية"", ""article"": ""المادة الثالثةعشرة""},
    {""law"": ""اللائحة التنفيذية لنظام الإجراءات الجزائية"", ""article"": ""المادة المائة""}
  ],
  ""insufficient_context"": false
}",12.36917390599956,595,False,True,يثبت أمر المحكمة المتعلق بالغرامة والواقعة محل الإخلال في محضر القضية، على أن يتضمن إثبات الواقعة ومقدار الغرامة وتحديد الشخص أو الأشخاص الصادر بحقهم الأمر، ويُزود رئيس المحكمة بنسخة منه فور صدوره.,"[{'law': 'اللائحة التنفيذية لنظام المحاكم التجارية', 'article': 'المادة الخامسةوالستون'}, {'law': 'نظام المحاكم التجارية', 'article': 'المادة الثالثةعشرة'}, {'law': 'اللائحة التنفيذية لنظام الإجراءات الجزائية', 'article': 'المادة المائة'}]",False,formal_paraphrase,كيف يوثق أمر المحكمة المتعلق بالغرامة والواقعة محل الإخلال؟,اللائحة التنفيذية لنظام المحاكم التجارية,المادة الخامسة والستون,اللايحةالتنفيذيةلنظامالمحاكمالتجارية||المادةالخامسةوالستون,"المادة الخامسةوالستون :
يكون إثبات أمر المحكمة المنصوص عليه في الفقرة )١( من المادة الثالثة عشرة من النظام في محضر القضية» على أن يتضمن إثبات الواقعة محل الإخلال؛ ومقدار الغرامة»وتحديد
الشخص أو الأشخاص الصادر بحقهم الأمرء ويزود رئيس المحكمة بنسخة منه فورصدوره.","[('اللائحة التنفيذية لنظام المحاكم التجارية', 'المادة الخامسةوالستون'), ('نظام المحاكم التجارية', 'المادة الثالثةعشرة'), ('اللائحة التنفيذية لنظام الإجراءات الجزائية', 'المادة المائة')]","['اللايحةالتنفيذيةلنظامالمحاكمالتجارية||المادةالخامسةوالستون', 'نظامالمحاكمالتجارية||المادةالثالثةعشرة', 'اللايحةالتنفيذيةلنظامالاجراءاتالجزايية||المادةالماية']",True,"User Query:
كيف يوثق أمر المحكمة المتعلق بالغرامة والواقعة محل الإخلال؟

[Retrieved Article 1]
Law: اللائحة التنفيذية لنظام المحاكم التجارية
Article: المادة الخامسةوالستون
Text: المادة الخامسةوالستون :
يكون إثبات أمر المحكمة المنصوص عليه في الفقرة )١( من المادة الثالثة عشرة من النظام في محضر القضية» على أن يتضمن إثبات الواقعة محل الإخلال؛ ومقدار الغرامة»وتحديد
الشخص أو الأشخاص الصادر بحقهم الأمرء ويزود رئيس المحكمة بنسخة منه فورصدوره.

[Retrieved Article 2]
Law: نظام المحاكم التجارية
Article: المادة الثالثةعشرة
Text: المادة الثالثةعشرة
١.دون إخلال بأي عقوبة أخرى ينص عليها نظام آخر؛ للمحكمة عند إخلال أحد الأطراف بأي من إجراءات الدعوى أو نظام الجلسة أن تأمر بفرض غرامة لا تتجاوز عشرة آلاف
ربال» ويعد أمر المحكمة في هذا الشأننهائيًا.
"".يتاح اطلاع العموم على بيانات الدعاوى التجارية وأوراقها ومستنداتها لقاء مقابل مالي يعادل تكلفةالخدمة.
ويجوز -بناءًَ على طلب ذي مصلحة تقرير سرية بعض أوراق الدعوى التجارية أو مستنداتها لغير المحكمة» وذلك دون إخلال بعلنية المرافعة والأنظمة ذات العلاقة» وتحدداللائحة
الإجراءات والضوابط المنظمةذلك.

[Retrieved Article 3]
Law: اللائحة التنفيذية لنظام الإجراءات الجزائية
Article: المادة المائة
Text: المادة المائة
-١ على المحكمة تدوين ما يقع مما يخل بنظام الجلسة في محضرء أو في ضبطالدعوى.
؟ - يحرر الأمر الصادر بسجن من يخل بنظام الجلسة استناداً إلى المادة (الثانية والأربعين بعد المائة) من النظام؛ بكتاب رسميء ويُبعث للجهة المختصةلتنفيذه.",1.0,1.0,0.0,1.0,3.0,"{
  ""correctness"": 5,
  ""faithfulness"": 5,
  ""arabic_quality"": 5,
  ""hallucination"": 0,
  ""reason"": ""الإجابة دقيقة وموثقة من النص القانوني المرجعي الذهبي، وواضحة ومهنية باللغة العربية.""
}",5.9557243780000135,1005,False,True,5.0,5.0,5.0,0,الإجابة دقيقة وموثقة من النص القانوني المرجعي الذهبي، وواضحة ومهنية باللغة العربية.
Q051,ALLaM-7B-Instruct-preview,"{
  ""answer_ar"": ""وفقًا للمادة الثالثة عشرة من نظام المحاكم التجارية، يتم تسجيل الغرامة التي تفرضها المحكمة على مخالفة ما في ضبط الدعوى، ويصدر بها كتاب رسمي. كما تُدون المحكمة في ضبط الدعوى أي أمر تصدره وأسبابه، ويصدر به كتاب رسمي. وتُسلم المحكمة المستند أو أي شيء آخر قدم إليها أثناء المحاكمة لمن قدمه إذا طلبه، وتُحرر المحكمة الأمر الصادر بسجن من يخل بنظام الجلسة في ضبط الدعوى، ويُبعث للجهة المختصة لتنفيذه استنادًا إلى المادة الثانية والأربعين بعد المائة من نظام الإجراءات الجزائية."",
  ""citations"": [
    {""law"": ""نظام المحاكم التجارية"", ""article"": ""المادة الثالثة عشرة""},
    {""law"": ""نظام الإجراءات الجزائية"", ""article"": ""المادة الحادية والعشرون بعد المائة""},
    {""law"": ""نظام الإجراءات الجزائية"", ""article"": ""المادة المائة""}
  ],
  ""insufficient_context"": false
}",16.050709629000266,692,False,True,وفقًا للمادة الثالثة عشرة من نظام المحاكم التجارية، يتم تسجيل الغرامة التي تفرضها المحكمة على مخالفة ما في ضبط الدعوى، ويصدر بها كتاب رسمي. كما تُدون المحكمة في ضبط الدعوى أي أمر تصدره وأسبابه، ويصدر به كتاب رسمي. وتُسلم المحكمة المستند أو أي شيء آخر قدم إليها أثناء المحاكمة لمن قدمه إذا طلبه، وتُحرر المحكمة الأمر الصادر بسجن من يخل بنظام الجلسة في ضبط الدعوى، ويُبعث للجهة المختصة لتنفيذه استنادًا إلى المادة الثانية والأربعين بعد المائة من نظام الإجراءات الجزائية.,"[{'law': 'نظام المحاكم التجارية', 'article': 'المادة الثالثة عشرة'}, {'law': 'نظام الإجراءات الجزائية', 'article': 'المادة الحادية والعشرون بعد المائة'}, {'law': 'نظام الإجراءات الجزائية', 'article': 'المادة المائة'}]",False,informal,إذا المحكمة فرضت غرامة بسبب مخالفة، كيف يسجلونها؟,اللائحة التنفيذية لنظام المحاكم التجارية,المادة الخامسة والستون,اللايحةالتنفيذيةلنظامالمحاكمالتجارية||المادةالخامسةوالستون,"المادة الخامسةوالستون :
يكون إثبات أمر المحكمة المنصوص عليه في الفقرة )١( من المادة الثالثة عشرة من النظام في محضر القضية» على أن يتضمن إثبات الواقعة محل الإخلال؛ ومقدار الغرامة»وتحديد
الشخص أو الأشخاص الصادر بحقهم الأمرء ويزود رئيس المحكمة بنسخة منه فورصدوره.","[('نظام المحاكم التجارية', 'المادة الثالثةعشرة'), ('اللائحة التنفيذية لنظام الإجراءات الجزائية', 'المادة الحادية والعشرون بعدالمائة'), ('اللائحة التنفيذية لنظام الإجراءات الجزائية', 'المادة المائة')]","['نظامالمحاكمالتجارية||المادةالثالثةعشرة', 'اللايحةالتنفيذيةلنظامالاجراءاتالجزايية||المادةالحاديةوالعشرونبعدالماية', 'اللايحةالتنفيذيةلنظامالاجراءاتالجزايية||المادةالماية']",False,"User Query:
إذا المحكمة فرضت غرامة بسبب مخالفة، كيف يسجلونها؟

[Retrieved Article 1]
Law: نظام المحاكم التجارية
Article: المادة الثالثةعشرة
Text: المادة الثالثةعشرة
١.دون إخلال بأي عقوبة أخرى ينص عليها نظام آخر؛ للمحكمة عند إخلال أحد الأطراف بأي من إجراءات الدعوى أو نظام الجلسة أن تأمر بفرض غرامة لا تتجاوز عشرة آلاف
ربال» ويعد أمر المحكمة في هذا الشأننهائيًا.
"".يتاح اطلاع العموم على بيانات الدعاوى التجارية وأوراقها ومستنداتها لقاء مقابل مالي يعادل تكلفةالخدمة.
ويجوز -بناءًَ على طلب ذي مصلحة تقرير سرية بعض أوراق الدعوى التجارية أو مستنداتها لغير المحكمة» وذلك دون إخلال بعلنية المرافعة والأنظمة ذات العلاقة» وتحدداللائحة
الإجراءات والضوابط المنظمةذلك.

[Retrieved Article 2]
Law: اللائحة التنفيذية لنظام الإجراءات الجزائية
Article: المادة الحادية والعشرون بعدالمائة
Text: المادة الحادية والعشرون بعدالمائة
-١ يدون أي أمر تصدره المحكمة - وفقاً للمادة (السبعين بعد المائة) من النظام - وأسبابه في ضبط الدعوى؛ ويصدر به كتابرسمي.
؟ - يُضْمَّن الكتاب الرسمي الذي تصدره المحكمة لضبط شيء متعلق بالقضية تسمية الجهة التي تراها المحكمة للقيامبالضبط,
“ - للمحكمة إبقاء المضبوطات المشار إليها في المادة (السبعين بعد المائة) من النظام لديهاء أو لدى إحدى الجهاتالمختصة.
5 - إذا رأت المحكمة إبقاء مستند أو أي شيء آخر قدم إليها أثناء المحاكمة؛ فتُسلم مَنْ قدمه سنداً بذلك إذاطلبه.
5 - تكون إجراءات تحريز ورد ما ضبط استناداً إلى المادة (السبعين بعد المائة) من النظام؛ وفقاً للأحكام ذات الصلة المنصوص عليها في النظامواللائحة.

[Retrieved Article 3]
Law: اللائحة التنفيذية لنظام الإجراءات الجزائية
Article: المادة المائة
Text: المادة المائة
-١ على المحكمة تدوين ما يقع مما يخل بنظام الجلسة في محضرء أو في ضبطالدعوى.
؟ - يحرر الأمر الصادر بسجن من يخل بنظام الجلسة استناداً إلى المادة (الثانية والأربعين بعد المائة) من النظام؛ بكتاب رسميء ويُبعث للجهة المختصةلتنفيذه.",1.0,0.3333333333333333,0.6666666666666666,0.0,3.0,"```json
{
  ""correctness"": 4,
  ""faithfulness"": 3,
  ""arabic_quality"": 4,
  ""hallucination"": 0,
  ""reason"": ""الإجابة صحيحة بشكل عام لكنها تضيف معلومات غير متعلقة بالغرامة، مثل إجراءات السجن. كما أنها تشير إلى المادة الثالثة عشرة من نظام المحاكم التجارية بدلاً من المادة الخامسة والستون.""
}
```",9.047638081000514,1257,False,True,4.0,3.0,4.0,0,الإجابة صحيحة بشكل عام لكنها تضيف معلومات غير متعلقة بالغرامة، مثل إجراءات السجن. كما أنها تشير إلى المادة الثالثة عشرة من نظام المحاكم التجارية بدلاً من المادة الخامسة والستون.
Q052,ALLaM-7B-Instruct-preview,"{
  ""answer_ar"": ""يجب على المدعي إخطار المدعى عليه قبل رفع الدعوى التجارية وفقاً لأحكام المادة التاسعة والستين من اللائحة التنفيذية لنظام المحاكم التجارية، وذلك في جميع الدعاوى التي تختص بنظرها المحكمة، باستثناء الدعاوى المتصلة بالعقوبات المنصوص عليها في الأنظمة التجارية، والدعاوى التي تكون جهة الإدارة طرفاً فيها، والدعاوى المحددة إجراءات رفعها بموجب نصوص نظامية خاصة، والدعاوى اليسيرة، والطلبات المستعجلة."",
  ""citations"": [
    {""law"": ""اللائحة التنفيذية لنظام المحاكم التجارية"", ""article"": ""المادة التاسعة والستين""}
  ],
  ""insufficient_context"": false
}",11.718480894000097,621,False,True,يجب على المدعي إخطار المدعى عليه قبل رفع الدعوى التجارية وفقاً لأحكام المادة التاسعة والستين من اللائحة التنفيذية لنظام المحاكم التجارية، وذلك في جميع الدعاوى التي تختص بنظرها المحكمة، باستثناء الدعاوى المتصلة بالعقوبات المنصوص عليها في الأنظمة التجارية، والدعاوى التي تكون جهة الإدارة طرفاً فيها، والدعاوى المحددة إجراءات رفعها بموجب نصوص نظامية خاصة، والدعاوى اليسيرة، والطلبات المستعجلة.,"[{'law': 'اللائحة التنفيذية لنظام المحاكم التجارية', 'article': 'المادة التاسعة والستين'}]",False,formal_direct,متى يجب على المدعي إخطار المدعى عليه قبل رفع الدعوى التجارية؟,اللائحة التنفيذية لنظام المحاكم التجارية,المادة التاسعة والستون,اللايحةالتنفيذيةلنظامالمحاكمالتجارية||المادةالتاسعةوالستون,"المادة التاسعةوالستون :
يجب أن يخطر المدعي المدعى عليه وفق أحكام الفقرة ( ١ ) من المادة التاسعة عشرة من النظام في جميع الدعاوى التي تختص بنظرها المحكمة»؛ فيما عداالآتي:
-١ الدعاوى المتصلة بالعقوبات المنصوص عليها في الأنظمةالتجارية.
-١ الدعاوى التي تكون جهة الإدارة طرفاًفيها.
3 الدعاوى المحددة إجراءات رفعها بموجب نصوص نظاميةخاصة.
:- الدعاوىاليسيرة.
5 الطلباتالمستعجلة.","[('اللائحة التنفيذية لنظام المحاكم التجارية', 'المادة التاسعةوالستون'), ('نظام المحاكم التجارية', 'المادة التاسعةعشر'), ('اللائحة التنفيذية لنظام المحاكم التجارية', 'المادة الحاديةوالسبعون')]","['اللايحةالتنفيذيةلنظامالمحاكمالتجارية||المادةالتاسعةوالستون', 'نظامالمحاكمالتجارية||المادةالتاسعةعشر', 'اللايحةالتنفيذيةلنظامالمحاكمالتجارية||المادةالحاديةوالسبعون']",True,"User Query:
متى يجب على المدعي إخطار المدعى عليه قبل رفع الدعوى التجارية؟

[Retrieved Article 1]
Law: اللائحة التنفيذية لنظام المحاكم التجارية
Article: المادة التاسعةوالستون
Text: المادة التاسعةوالستون :
يجب أن يخطر المدعي المدعى عليه وفق أحكام الفقرة ( ١ ) من المادة التاسعة عشرة من النظام في جميع الدعاوى التي تختص بنظرها المحكمة»؛ فيما عداالآتي:
-١ الدعاوى المتصلة بالعقوبات المنصوص عليها في الأنظمةالتجارية.
-١ الدعاوى التي تكون جهة الإدارة طرفاًفيها.
3 الدعاوى المحددة إجراءات رفعها بموجب نصوص نظاميةخاصة.
:- الدعاوىاليسيرة.
5 الطلباتالمستعجلة.

[Retrieved Article 2]
Law: نظام المحاكم التجارية
Article: المادة التاسعةعشر
Text: المادة التاسعةعشر
١.يجب في الدعاوى التي تحددها اللائحة أن يخطر المدعي المدعى عليه كتابة بأداء الحق المدعى به قبل (خمسة عشر) يوماً على الأقل من إقامةالدعوى.
؟.يجوز لأطراف التعامل التجاري قبل قيد الدعوى -وتحت إشراف المحكمة اتخاذ أي ممايأتي:
أ-إجراءات المصالحةوالوساطة.
ب-تبادل المستنداتوالمذكرات.
ج-عقد اجتماع لتحديد الطلبات والدفوعوالبينات.
وتحدد اللائحة أحكام إنفاذ هذه الفقرة بما في ذلك كيفية توثيق ما تماتخاذه.

[Retrieved Article 3]
Law: اللائحة التنفيذية لنظام المحاكم التجارية
Article: المادة الحاديةوالسبعون
Text: المادة الحاديةوالسبعون :
-١ يتحقق الإخطار بقيام المدعي بإرسال البيانات الواردة في المادة السبعين من اللائحة إلى أي من عناوين المدعى عليه بأي وسيلةكانت.
-١ يعد في حكم الإخطار تقديم ما يثبت اللجوء إلى التسوية الودية أو المصالحة أو الوساطة قبل قيد الدعوى» بشرط مضي المدة المنصوص عليها في الفقرة )١( من المادة التاسعة
عشرة منالنظام.",1.0,0.0,1.0,0.0,1.0,"```json
{
  ""correctness"": 4,
  ""faithfulness"": 4,
  ""arabic_quality"": 4,
  ""hallucination"": 0,
  ""reason"": ""الإجابة دقيقة وموثقة من النص القانوني المرجعي الذهبي، ولكن يمكن تحسينها لجعلها أكثر دقة.""
}
```

**تفصيل السبب:**
- **correctness (دقة):** 4/5 - الإجابة دقيقة وموثقة من النص القانوني المرجعي الذهبي، ولكن يمكن تحسينها لجعلها أكثر دقة.
- **faithfulness (ولائية):** 4/5 - الإجابة متوافقة مع السياق المسترجع، ولكن يمكن تحسينها لجعلها أكثر دقة.
- **arabic_quality (جودة اللغة العربية):** 4/5 - الإجابة واضحة ومهنية، ولكن يمكن تحسينها لجعلها أكثر دقة.
- **hallucination",16.8890225490004,1174,False,True,4.0,4.0,4.0,0,الإجابة دقيقة وموثقة من النص القانوني المرجعي الذهبي، ولكن يمكن تحسينها لجعلها أكثر دقة.
Q053,ALLaM-7B-Instruct-preview,"{
  ""answer_ar"": ""الحالات المستثناة من وجوب الإخطار قبل إقامة الدعوى هي: تقديم ما يثبت اللجوء إلى التسوية الودية أو المصالحة أو الوساطة قبل قيد الدعوى، بشرط مضي المدة المنصوص عليها في الفقرة (1) من المادة التاسعة عشرة من النظام، وكذلك في الدعاوى التي تحددها اللائحة، حيث يجب إخطار المدعى عليه كتابة بأداء الحق المدعى به قبل خمسة عشر يوماً على الأقل من إقامة الدعوى، مع إمكانية اتخاذ إجراءات المصالحة والوساطة وتبادل المستندات والمذكرات تحت إشراف المحكمة."",
  ""citations"": [
    {""law"": ""اللائحة التنفيذية لنظام المحاكم التجارية"", ""article"": ""المادة الحادية والسبعون""},
    {""law"": ""نظام المحاكم التجارية"", ""article"": ""المادة التاسعة عشرة""},
    {""law"": ""نظام حماية المبلغين والشهود والخبراء والضحايا"", ""article"": ""المادة الثامنة عشرة""}
  ],
  ""insufficient_context"": false
}",15.865681801999926,616,False,True,الحالات المستثناة من وجوب الإخطار قبل إقامة الدعوى هي: تقديم ما يثبت اللجوء إلى التسوية الودية أو المصالحة أو الوساطة قبل قيد الدعوى، بشرط مضي المدة المنصوص عليها في الفقرة (1) من المادة التاسعة عشرة من النظام، وكذلك في الدعاوى التي تحددها اللائحة، حيث يجب إخطار المدعى عليه كتابة بأداء الحق المدعى به قبل خمسة عشر يوماً على الأقل من إقامة الدعوى، مع إمكانية اتخاذ إجراءات المصالحة والوساطة وتبادل المستندات والمذكرات تحت إشراف المحكمة.,"[{'law': 'اللائحة التنفيذية لنظام المحاكم التجارية', 'article': 'المادة الحادية والسبعون'}, {'law': 'نظام المحاكم التجارية', 'article': 'المادة التاسعة عشرة'}, {'law': 'نظام حماية المبلغين والشهود والخبراء والضحايا', 'article': 'المادة الثامنة عشرة'}]",False,formal_paraphrase,ما الحالات المستثناة من وجوب الإخطار قبل إقامة الدعوى؟,اللائحة التنفيذية لنظام المحاكم التجارية,المادة التاسعة والستون,اللايحةالتنفيذيةلنظامالمحاكمالتجارية||المادةالتاسعةوالستون,"المادة التاسعةوالستون :
يجب أن يخطر المدعي المدعى عليه وفق أحكام الفقرة ( ١ ) من المادة التاسعة عشرة من النظام في جميع الدعاوى التي تختص بنظرها المحكمة»؛ فيما عداالآتي:
-١ الدعاوى المتصلة بالعقوبات المنصوص عليها في الأنظمةالتجارية.
-١ الدعاوى التي تكون جهة الإدارة طرفاًفيها.
3 الدعاوى المحددة إجراءات رفعها بموجب نصوص نظاميةخاصة.
:- الدعاوىاليسيرة.
5 الطلباتالمستعجلة.","[('اللائحة التنفيذية لنظام المحاكم التجارية', 'المادة الحاديةوالسبعون'), ('نظام المحاكم التجارية', 'المادة التاسعةعشر'), ('نظام حماية المبلغين والشهود والخبراء والضحايا', 'المادة الثامنةعشر')]","['اللايحةالتنفيذيةلنظامالمحاكمالتجارية||المادةالحاديةوالسبعون', 'نظامالمحاكمالتجارية||المادةالتاسعةعشر', 'نظامحمايةالمبلغينوالشهودوالخبراءوالضحايا||المادةالثامنةعشر']",False,"User Query:
ما الحالات المستثناة من وجوب الإخطار قبل إقامة الدعوى؟

[Retrieved Article 1]
Law: اللائحة التنفيذية لنظام المحاكم التجارية
Article: المادة الحاديةوالسبعون
Text: المادة الحاديةوالسبعون :
-١ يتحقق الإخطار بقيام المدعي بإرسال البيانات الواردة في المادة السبعين من اللائحة إلى أي من عناوين المدعى عليه بأي وسيلةكانت.
-١ يعد في حكم الإخطار تقديم ما يثبت اللجوء إلى التسوية الودية أو المصالحة أو الوساطة قبل قيد الدعوى» بشرط مضي المدة المنصوص عليها في الفقرة )١( من المادة التاسعة
عشرة منالنظام.

[Retrieved Article 2]
Law: نظام المحاكم التجارية
Article: المادة التاسعةعشر
Text: المادة التاسعةعشر
١.يجب في الدعاوى التي تحددها اللائحة أن يخطر المدعي المدعى عليه كتابة بأداء الحق المدعى به قبل (خمسة عشر) يوماً على الأقل من إقامةالدعوى.
؟.يجوز لأطراف التعامل التجاري قبل قيد الدعوى -وتحت إشراف المحكمة اتخاذ أي ممايأتي:
أ-إجراءات المصالحةوالوساطة.
ب-تبادل المستنداتوالمذكرات.
ج-عقد اجتماع لتحديد الطلبات والدفوعوالبينات.
وتحدد اللائحة أحكام إنفاذ هذه الفقرة بما في ذلك كيفية توثيق ما تماتخاذه.

[Retrieved Article 3]
Law: نظام حماية المبلغين والشهود والخبراء والضحايا
Article: المادة الثامنةعشر
Text: المادة الثامنةعشر
لا تقام الدعوى الجزائية ضد المبلّغ أو الشاهد أو الخبير إلا في الحالاتالآتية:
١-إذا ثبت أن بلاغ المبلّغكيدي.
""-إذا ثبت أن شهادة الشاهدزور.
٠-إذا ثبت أن الخبرة التي قدمها الخبير كذب أو تضمنت إهمالاًجسيماً.
وفي جميع الأحوال لا تقبل دعوى الحق الخاص إلا بعد إقامة الدعوىالجزائية.",1.0,0.3333333333333333,0.6666666666666666,0.0,3.0,"```json
{
  ""correctness"": 2,
  ""faithfulness"": 1,
  ""arabic_quality"": 4,
  ""hallucination"": 1,
  ""reason"": ""الإجابة تحتوي على معلومات غير دقيقة وغير مدعومة من السياق المسترجع. على سبيل المثال، الإشارة إلى أن الدعاوى التي تحددها اللائحة يجب أن تشمل الدعاوى المتصلة بالعقوبات التجارية والدعاوى المتعلقة بالجهات الإدارية، وهي غير موجودة في السياق المسترجع.""
}
```",10.543296622000526,1179,False,True,2.0,1.0,4.0,1,الإجابة تحتوي على معلومات غير دقيقة وغير مدعومة من السياق المسترجع. على سبيل المثال، الإشارة إلى أن الدعاوى التي تحددها اللائحة يجب أن تشمل الدعاوى المتصلة بالعقوبات التجارية والدعاوى المتعلقة بالجهات الإدارية، وهي غير موجودة في السياق المسترجع.
Q054,ALLaM-7B-Instruct-preview,"{
  ""answer_ar"": ""نعم، يجب إخطار الطرف الثاني كتابة بأداء الحق المدعى به قبل إقامة الدعوى بخمسة عشر يوماً وفقاً للمادة التاسعة عشر من نظام المحاكم التجارية."",
  ""citations"": [
    {""law"": ""نظام المحاكم التجارية"", ""article"": ""المادة التاسعة عشر""}
  ],
  ""insufficient_context"": false
}",7.445306485999936,738,False,True,نعم، يجب إخطار الطرف الثاني كتابة بأداء الحق المدعى به قبل إقامة الدعوى بخمسة عشر يوماً وفقاً للمادة التاسعة عشر من نظام المحاكم التجارية.,"[{'law': 'نظام المحاكم التجارية', 'article': 'المادة التاسعة عشر'}]",False,informal,لازم أكلم الطرف الثاني قبل ما أرفع عليه قضية تجارية؟,اللائحة التنفيذية لنظام المحاكم التجارية,المادة التاسعة والستون,اللايحةالتنفيذيةلنظامالمحاكمالتجارية||المادةالتاسعةوالستون,"المادة التاسعةوالستون :
يجب أن يخطر المدعي المدعى عليه وفق أحكام الفقرة ( ١ ) من المادة التاسعة عشرة من النظام في جميع الدعاوى التي تختص بنظرها المحكمة»؛ فيما عداالآتي:
-١ الدعاوى المتصلة بالعقوبات المنصوص عليها في الأنظمةالتجارية.
-١ الدعاوى التي تكون جهة الإدارة طرفاًفيها.
3 الدعاوى المحددة إجراءات رفعها بموجب نصوص نظاميةخاصة.
:- الدعاوىاليسيرة.
5 الطلباتالمستعجلة.","[('نظام المحاكم التجارية', 'المادة التاسعةعشر'), ('نظام المحاكم التجارية', 'المادة السادسة والأربعون ملغاة'), ('اللائحة التنفيذية لنظام المحاكم التجارية', 'المادة التاسعةوالستون')]","['نظامالمحاكمالتجارية||المادةالتاسعةعشر', 'نظامالمحاكمالتجارية||المادةالسادسةوالاربعونملغاة', 'اللايحةالتنفيذيةلنظامالمحاكمالتجارية||المادةالتاسعةوالستون']",True,"User Query:
لازم أكلم الطرف الثاني قبل ما أرفع عليه قضية تجارية؟

[Retrieved Article 1]
Law: نظام المحاكم التجارية
Article: المادة التاسعةعشر
Text: المادة التاسعةعشر
١.يجب في الدعاوى التي تحددها اللائحة أن يخطر المدعي المدعى عليه كتابة بأداء الحق المدعى به قبل (خمسة عشر) يوماً على الأقل من إقامةالدعوى.
؟.يجوز لأطراف التعامل التجاري قبل قيد الدعوى -وتحت إشراف المحكمة اتخاذ أي ممايأتي:
أ-إجراءات المصالحةوالوساطة.
ب-تبادل المستنداتوالمذكرات.
ج-عقد اجتماع لتحديد الطلبات والدفوعوالبينات.
وتحدد اللائحة أحكام إنفاذ هذه الفقرة بما في ذلك كيفية توثيق ما تماتخاذه.

[Retrieved Article 2]
Law: نظام المحاكم التجارية
Article: المادة السادسة والأربعون ملغاة
Text: المادة السادسة والأربعون ملغاة
١-لأي من الأطراف حق طلب ما لدى الطرف الآخر من مستندات ذات صلة بالدعوى أو الاطلاع عليهاء وفق الضوابطالآتية:
أ-أن تكون المستندات محددة بذاتها أوأنواعها.
ب-أن تكون للمستندات علاقة بالتعامل التجاريء أو تؤدي إلى إظهار الحقيقةفيه.
ج-ألا يكون لها طابع السريّة.٠
""-إذا امتنع أي من أطراف الدعوى عن تقديم ما أمرت المحكمة بتقديمه إلى الطرف الآخر وفق أحكام الفقرة )١( من هذه المادة ؛ فللمحكمة أن تعد امتناعهقرينة.
“”-للمحكمة -بناءً على طلب أحد الأطراف- أن تأمربالآتي:
أ-إدخال طرف آخر لإلزامه بتقديم ورقة تحت يده ذات صلةبالدعوى.
ب-إلزام أي من الجهات الحكومية بتقديم ما لديها من معلومات أو مستندات ذات صلة بالدعوىء وذلك دون إخلال بالأنظمة ذاتالعلاقة.

[Retrieved Article 3]
Law: اللائحة التنفيذية لنظام المحاكم التجارية
Article: المادة التاسعةوالستون
Text: المادة التاسعةوالستون :
يجب أن يخطر المدعي المدعى عليه وفق أحكام الفقرة ( ١ ) من المادة التاسعة عشرة من النظام في جميع الدعاوى التي تختص بنظرها المحكمة»؛ فيما عداالآتي:
-١ الدعاوى المتصلة بالعقوبات المنصوص عليها في الأنظمةالتجارية.
-١ الدعاوى التي تكون جهة الإدارة طرفاًفيها.
3 الدعاوى المحددة إجراءات رفعها بموجب نصوص نظاميةخاصة.
:- الدعاوىاليسيرة.
5 الطلباتالمستعجلة.",1.0,1.0,0.0,0.0,1.0,"```json
{
  ""correctness"": 4,
  ""faithfulness"": 3,
  ""arabic_quality"": 4,
  ""hallucination"": 0,
  ""reason"": ""الإجابة صحيحة بشكل جزئي حيث أن المادة التاسعة عشرة من نظام المحاكم التجارية تحدد هذا الشرط، ولكنها لا تقتصر على القضايا التجارية فقط.""
}
```

**سبب مختصر:**
- **correctness:** الإجابة صحيحة بشكل جزئي حيث أن المادة التاسعة عشرة من نظام المحاكم التجارية تحدد هذا الشرط، ولكنها لا تقتصر على القضايا التجارية فقط.
- **faithfulness:** السياق المسترجع يدعم هذا الشرط بشكل عام، لكنه لا يحدد القضايا التجارية بشكل واضح.
- **arabic_quality:** اللغة العربية واضحة ومهنية.
- **hallucination:** لا يوجد ادعاء قانوني مادي غير مدعوم بالسياق المسترجع.",16.862569045999408,1224,False,True,4.0,3.0,4.0,0,الإجابة صحيحة بشكل جزئي حيث أن المادة التاسعة عشرة من نظام المحاكم التجارية تحدد هذا الشرط، ولكنها لا تقتصر على القضايا التجارية فقط.
Q055,ALLaM-7B-Instruct-preview,"{
  ""answer_ar"": ""إذا تضمنت صحيفة الدعوى عدة طلبات لا رابط بينها، تحكم المحكمة بعدم قبول الدعوى ما لم يحصر المدعي دعواه في أحد الطلبات."",
  ""citations"": [
    {""law"": ""نظام المحاكم التجارية"", ""article"": ""المادة العشرون""}
  ],
  ""insufficient_context"": false
}",7.523063285000262,795,False,True,إذا تضمنت صحيفة الدعوى عدة طلبات لا رابط بينها، تحكم المحكمة بعدم قبول الدعوى ما لم يحصر المدعي دعواه في أحد الطلبات.,"[{'law': 'نظام المحاكم التجارية', 'article': 'المادة العشرون'}]",False,formal_direct,ما الحكم إذا تضمنت صحيفة الدعوى عدة طلبات لا رابط بينها؟,اللائحة التنفيذية لنظام المحاكم التجارية,المادة السابعة والسبعون,اللايحةالتنفيذيةلنظامالمحاكمالتجارية||المادةالسابعةوالسبعون,"المادة السابعة والسبعون : بيانات صحيفةالدعوى
-١ يجب أن تتضمن صحيفة الدعوى بيان الارتباط بين الطلبات حالتعددها.
؟- دون إخلال بما نصت عليه المادة الحادية والعشرون من النظام» تحكم المحكمة بعدم قبول الدعوى عند تضمنها طلبات لا رابط بينهاء ما لم يحصر المدعي دعواه فيأحدها.","[('اللائحة التنفيذية لنظام المحاكم التجارية', 'المادة السابعة والسبعون'), ('نظام المحاكم التجارية', 'المادة العشرون'), ('نظام المرافعات الشرعية', 'المادة الحادية والأربعون معدلة')]","['اللايحةالتنفيذيةلنظامالمحاكمالتجارية||المادةالسابعةوالسبعون', 'نظامالمحاكمالتجارية||المادةالعشرون', 'نظامالمرافعاتالشرعية||المادةالحاديةوالاربعونمعدلة']",True,"User Query:
ما الحكم إذا تضمنت صحيفة الدعوى عدة طلبات لا رابط بينها؟

[Retrieved Article 1]
Law: اللائحة التنفيذية لنظام المحاكم التجارية
Article: المادة السابعة والسبعون
Text: المادة السابعة والسبعون : بيانات صحيفةالدعوى
-١ يجب أن تتضمن صحيفة الدعوى بيان الارتباط بين الطلبات حالتعددها.
؟- دون إخلال بما نصت عليه المادة الحادية والعشرون من النظام» تحكم المحكمة بعدم قبول الدعوى عند تضمنها طلبات لا رابط بينهاء ما لم يحصر المدعي دعواه فيأحدها.

[Retrieved Article 2]
Law: نظام المحاكم التجارية
Article: المادة العشرون
Text: المادة العشرون
١.ترفع الدعوى بصحيفة تودع لدى المحكمة؛ وتحدد اللائحة الدعاوى التي يجب رفعها منمحام.
"".يجب أن تتضمن صحيفة الدعوىالآتي:
أ-بيانات الأطراف وممثليهم وصفاتهم وعناوينهم» والبيانات والوثائق التي تحددهااللائحة.
ب-حصر الطلبات» وتحديد جميع أسانيدالدعوى.
"".لا يجمع في صحيفة الدعوى بين عدة طلبات لا رابطبينها.

[Retrieved Article 3]
Law: نظام المرافعات الشرعية
Article: المادة الحادية والأربعون معدلة
Text: المادة الحادية والأربعون معدلة
-١ ترفع الدعوى من المدعي بصحيفة -موقعة منه أو ممن يمثله- تودع لدى المحكمة من أصل وصور بعدد المدعىعليهم.
ويجب أن تشمل صحيفة الدعوى البيااتالآنية:
أ- الاسم الكامل للمدعيء ورقم هويته» ومهنته أو وظيفته ومكان إقامته» ومكان عمله؛ والاسم الكامل لمَنْ يمثله» ورقم هويته» ومهنته أو وظيفته؛ ومكان إقامته ومكانعمله.
ب- الاسم الكامل للمدعى عليه؛ وما يتوافر من معلومات عن مهنته أو وظيفته» ومكان إقامته ومكان عمله؛ فإن لم يكن له مكان إقامة معلوم فآخر مكان إقامة كانله.
ج- تاريخ تقديمالصحيفة.
د- المحكمة المرفوعة أمامهاالدعوى.
ه- مكان إقامة مختار للمدعي في البلد الذي فيه مقر المحكمة إن لم يكن له مكان إقامةفيها.
و- موضوع الدعوىء وما يطلبه المدعيءوأسانيده.
ويكتفى بالنسبة إلى الأجهزة الحكومية في الفقرات (أء ب» ه) من هذه المادة بذكر الاسموالمقر.
وللمجلس الأعلى للقضاء عند الاقتضاء إضافة ما يلزم من وسائل وبيانتأخرى.
؟- لا يجمع في صحيفة الدعوى بين عدة طلبات لا رابطبينها.
""- أ- تسري على المنازعات العمالية الجماعية القواعد والإجراءات المقررة في المنازعات العمالية الأخرىء مالم يقرر المجلس الأعلى للقضاء خلافذلك.
ب- تكون المنازعة العمالية جماعية عندما تنشأ المنازعة بين واحد (أو أكثر) من أصحاب العمل وجميع عماله؛ أو فريق منهم؛ بسبب العمل أو شروطالعمل.",1.0,1.0,0.0,0.0,1.0,"```json
{
  ""correctness"": 4,
  ""faithfulness"": 4,
  ""arabic_quality"": 5,
  ""hallucination"": 0,
  ""reason"": ""الإجابة دقيقة وموثقة من النص القانوني المرجعي الذهبي، وواضحة ومهنية باللغة العربية.""
}
```

**تفصيل السبب:**
- **correctness (دقة):** 4/5 - الإجابة دقيقة وموثقة من النص القانوني المرجعي الذهبي، ولكن يمكن تحسين الدقة من خلال ذكر المادة المحددة (المادة السابعة والسبعون).
- **faithfulness (ولائية):** 4/5 - الإجابة متسقة مع السياق المسترجع، ولكن يمكن تحسين الدقة من خلال ذكر المادة المحددة.
- **arabic_quality (جودة اللغة العربية):** 5/5 - الإجابة واضحة ومهنية باللغة العربية.
- **",17.69645372800005,1278,False,True,4.0,4.0,5.0,0,الإجابة دقيقة وموثقة من النص القانوني المرجعي الذهبي، وواضحة ومهنية باللغة العربية.
Q056,ALLaM-7B-Instruct-preview,"{
  ""answer_ar"": ""يجب أن تتضمن صحيفة الدعوى بيان الارتباط بين الطلبات في حال تعددها، مع عدم الجمع بين عدة طلبات لا رابط بينها."",
  ""citations"": [
    {""law"": ""نظام المحاكم التجارية"", ""article"": ""المادة العشرون""}
  ],
  ""insufficient_context"": false
}",7.846470437000335,797,False,True,يجب أن تتضمن صحيفة الدعوى بيان الارتباط بين الطلبات في حال تعددها، مع عدم الجمع بين عدة طلبات لا رابط بينها.,"[{'law': 'نظام المحاكم التجارية', 'article': 'المادة العشرون'}]",False,formal_paraphrase,ما المتطلبات المتعلقة بالارتباط بين الطلبات المتعددة في صحيفة الدعوى؟,اللائحة التنفيذية لنظام المحاكم التجارية,المادة السابعة والسبعون,اللايحةالتنفيذيةلنظامالمحاكمالتجارية||المادةالسابعةوالسبعون,"المادة السابعة والسبعون : بيانات صحيفةالدعوى
-١ يجب أن تتضمن صحيفة الدعوى بيان الارتباط بين الطلبات حالتعددها.
؟- دون إخلال بما نصت عليه المادة الحادية والعشرون من النظام» تحكم المحكمة بعدم قبول الدعوى عند تضمنها طلبات لا رابط بينهاء ما لم يحصر المدعي دعواه فيأحدها.","[('اللائحة التنفيذية لنظام المحاكم التجارية', 'المادة السابعة والسبعون'), ('نظام المحاكم التجارية', 'المادة العشرون'), ('نظام المرافعات الشرعية', 'المادة الحادية والأربعون معدلة')]","['اللايحةالتنفيذيةلنظامالمحاكمالتجارية||المادةالسابعةوالسبعون', 'نظامالمحاكمالتجارية||المادةالعشرون', 'نظامالمرافعاتالشرعية||المادةالحاديةوالاربعونمعدلة']",True,"User Query:
ما المتطلبات المتعلقة بالارتباط بين الطلبات المتعددة في صحيفة الدعوى؟

[Retrieved Article 1]
Law: اللائحة التنفيذية لنظام المحاكم التجارية
Article: المادة السابعة والسبعون
Text: المادة السابعة والسبعون : بيانات صحيفةالدعوى
-١ يجب أن تتضمن صحيفة الدعوى بيان الارتباط بين الطلبات حالتعددها.
؟- دون إخلال بما نصت عليه المادة الحادية والعشرون من النظام» تحكم المحكمة بعدم قبول الدعوى عند تضمنها طلبات لا رابط بينهاء ما لم يحصر المدعي دعواه فيأحدها.

[Retrieved Article 2]
Law: نظام المحاكم التجارية
Article: المادة العشرون
Text: المادة العشرون
١.ترفع الدعوى بصحيفة تودع لدى المحكمة؛ وتحدد اللائحة الدعاوى التي يجب رفعها منمحام.
"".يجب أن تتضمن صحيفة الدعوىالآتي:
أ-بيانات الأطراف وممثليهم وصفاتهم وعناوينهم» والبيانات والوثائق التي تحددهااللائحة.
ب-حصر الطلبات» وتحديد جميع أسانيدالدعوى.
"".لا يجمع في صحيفة الدعوى بين عدة طلبات لا رابطبينها.

[Retrieved Article 3]
Law: نظام المرافعات الشرعية
Article: المادة الحادية والأربعون معدلة
Text: المادة الحادية والأربعون معدلة
-١ ترفع الدعوى من المدعي بصحيفة -موقعة منه أو ممن يمثله- تودع لدى المحكمة من أصل وصور بعدد المدعىعليهم.
ويجب أن تشمل صحيفة الدعوى البيااتالآنية:
أ- الاسم الكامل للمدعيء ورقم هويته» ومهنته أو وظيفته ومكان إقامته» ومكان عمله؛ والاسم الكامل لمَنْ يمثله» ورقم هويته» ومهنته أو وظيفته؛ ومكان إقامته ومكانعمله.
ب- الاسم الكامل للمدعى عليه؛ وما يتوافر من معلومات عن مهنته أو وظيفته» ومكان إقامته ومكان عمله؛ فإن لم يكن له مكان إقامة معلوم فآخر مكان إقامة كانله.
ج- تاريخ تقديمالصحيفة.
د- المحكمة المرفوعة أمامهاالدعوى.
ه- مكان إقامة مختار للمدعي في البلد الذي فيه مقر المحكمة إن لم يكن له مكان إقامةفيها.
و- موضوع الدعوىء وما يطلبه المدعيءوأسانيده.
ويكتفى بالنسبة إلى الأجهزة الحكومية في الفقرات (أء ب» ه) من هذه المادة بذكر الاسموالمقر.
وللمجلس الأعلى للقضاء عند الاقتضاء إضافة ما يلزم من وسائل وبيانتأخرى.
؟- لا يجمع في صحيفة الدعوى بين عدة طلبات لا رابطبينها.
""- أ- تسري على المنازعات العمالية الجماعية القواعد والإجراءات المقررة في المنازعات العمالية الأخرىء مالم يقرر المجلس الأعلى للقضاء خلافذلك.
ب- تكون المنازعة العمالية جماعية عندما تنشأ المنازعة بين واحد (أو أكثر) من أصحاب العمل وجميع عماله؛ أو فريق منهم؛ بسبب العمل أو شروطالعمل.",1.0,1.0,0.0,0.0,1.0,"```json
{
  ""correctness"": 4,
  ""faithfulness"": 3,
  ""arabic_quality"": 4,
  ""hallucination"": 0,
  ""reason"": ""الإجابة دقيقة فيما يتعلق بالمتطلبات المتعلقة بالارتباط بين الطلبات المتعددة في صحيفة الدعوى، ولكنها لم تذكر المادة الحادية والعشرين من النظام، وهي مذكورة في السياق المسترجع.""
}
```",8.261100830000032,1270,False,True,4.0,3.0,4.0,0,الإجابة دقيقة فيما يتعلق بالمتطلبات المتعلقة بالارتباط بين الطلبات المتعددة في صحيفة الدعوى، ولكنها لم تذكر المادة الحادية والعشرين من النظام، وهي مذكورة في السياق المسترجع.
Q057,ALLaM-7B-Instruct-preview,"{
  ""answer_ar"": ""يجب أن تتضمن صحيفة الدعوى بيان الارتباط بين الطلبات في حال تعددها، وتحكم المحكمة بعدم قبول الدعوى عند تضمنها طلبات لا رابط بينها ما لم يحصر المدعي دعواه في أحدها."",
  ""citations"": [
    {""law"": ""نظام المرافعات الشرعية"", ""article"": ""المادة التاسعة والسبعون""},
    {""law"": ""القواعد المنظمة لإجراءات الإفلاس العابرة للحدود"", ""article"": ""المادة الحادية والعشرون""},
    {""law"": ""اللائحة التنفيذية لنظام المحاكم التجارية"", ""article"": ""المادة السابعة والسبعون""}
  ],
  ""insufficient_context"": false
}",12.821327829999971,661,False,True,يجب أن تتضمن صحيفة الدعوى بيان الارتباط بين الطلبات في حال تعددها، وتحكم المحكمة بعدم قبول الدعوى عند تضمنها طلبات لا رابط بينها ما لم يحصر المدعي دعواه في أحدها.,"[{'law': 'نظام المرافعات الشرعية', 'article': 'المادة التاسعة والسبعون'}, {'law': 'القواعد المنظمة لإجراءات الإفلاس العابرة للحدود', 'article': 'المادة الحادية والعشرون'}, {'law': 'اللائحة التنفيذية لنظام المحاكم التجارية', 'article': 'المادة السابعة والسبعون'}]",False,informal,عادي أحط أكثر من طلب في القضية حتى لو مالهم علاقة ببعض؟,اللائحة التنفيذية لنظام المحاكم التجارية,المادة السابعة والسبعون,اللايحةالتنفيذيةلنظامالمحاكمالتجارية||المادةالسابعةوالسبعون,"المادة السابعة والسبعون : بيانات صحيفةالدعوى
-١ يجب أن تتضمن صحيفة الدعوى بيان الارتباط بين الطلبات حالتعددها.
؟- دون إخلال بما نصت عليه المادة الحادية والعشرون من النظام» تحكم المحكمة بعدم قبول الدعوى عند تضمنها طلبات لا رابط بينهاء ما لم يحصر المدعي دعواه فيأحدها.","[('نظام المرافعات الشرعية', 'المادة التاسعةوالسبعون'), ('القواعد المنظمة لإجراءات الإفلاس العابرة للحدود', 'المادة الحاديةوالعشرون'), ('اللائحة التنفيذية لنظام المحاكم التجارية', 'المادة السابعة والسبعون')]","['نظامالمرافعاتالشرعية||المادةالتاسعةوالسبعون', 'القواعدالمنظمةلاجراءاتالافلاسالعابرةللحدود||المادةالحاديةوالعشرون', 'اللايحةالتنفيذيةلنظامالمحاكمالتجارية||المادةالسابعةوالسبعون']",True,"User Query:
عادي أحط أكثر من طلب في القضية حتى لو مالهم علاقة ببعض؟

[Retrieved Article 1]
Law: نظام المرافعات الشرعية
Article: المادة التاسعةوالسبعون
Text: المادة التاسعةوالسبعون
للخصم أن يطلب من المحكمة أن تُدخل في الدعوى من كان يصح اختصامه فيها عند رفعهاء وتُتّبع في اختصامه الإجراءات المعتادة في التكليف بالحضور. وتحكم المحكمةفي
موضوع طلب الإدخال والدعوى الأصلية بحكم واحد كلما أمكن ذلك؛ وإلا فصلت في موضوع طلب الإدخال بعد الحكم في الدعوىالأصلية.

[Retrieved Article 2]
Law: القواعد المنظمة لإجراءات الإفلاس العابرة للحدود
Article: المادة الحاديةوالعشرون
Text: المادة الحاديةوالعشرون
في حال تعدد إجراءات الإفلاس الأجنبية للمدين» يتعين على المحكمة للموافقة على طلب تقديم المساعدة القضائية التنسيق والتعاون وفقاً للمادة (التاسعة عشرة ) من القواعدء معمراعاة
مايأتي:
أ- إذا قبلت المحكمة طلب الاعتراف بإجراء الإفلاس الأجنبي غير الرئيسي بعد قبولها طلب الاعتراف بإجراء الإفلاس الأجنبي الرئيسيء فيتعين أن تكون المساعدة القضائيةمتسقة
مع إجراء الإفلاس الأجنبي الرئيسي المعترفبه.
ب- إذا قبلت المحكمة طلب الاعتراف بإجراء الإفلاس الأجنبي الرئيسي بعد قبولها طلب الاعتراف بإجراء الإفلاس الأجنبي غير الرئيسيء فيتعين تعديل أو إنهاء المساعدةالقضائية
لتتوافق مع إجراء الإفلاس الأجنبي الرئيسي المعترفبه.
ج- إذا قبلت المحكمة أكثر من طلب للاعتراف بإجراءات إفلاس أجنبية غير رئيسية»؛ فيتعين تعديل أو إنهاء المساعدة القضائية لها لتنسيق الإجراءات فيمابينها.

[Retrieved Article 3]
Law: اللائحة التنفيذية لنظام المحاكم التجارية
Article: المادة السابعة والسبعون
Text: المادة السابعة والسبعون : بيانات صحيفةالدعوى
-١ يجب أن تتضمن صحيفة الدعوى بيان الارتباط بين الطلبات حالتعددها.
؟- دون إخلال بما نصت عليه المادة الحادية والعشرون من النظام» تحكم المحكمة بعدم قبول الدعوى عند تضمنها طلبات لا رابط بينهاء ما لم يحصر المدعي دعواه فيأحدها.",1.0,1.0,0.0,1.0,3.0,"{
  ""correctness"": 4,
  ""faithfulness"": 3,
  ""arabic_quality"": 4,
  ""hallucination"": 0,
  ""reason"": ""الإجابة دقيقة وموثقة من النص القانوني المرجعي الذهبي، لكنها لم تذكر المادة بشكل دقيق.""
}",7.057437795000624,1149,False,True,4.0,3.0,4.0,0,الإجابة دقيقة وموثقة من النص القانوني المرجعي الذهبي، لكنها لم تذكر المادة بشكل دقيق.
Q058,ALLaM-7B-Instruct-preview,"{
  ""answer_ar"": ""يعتمد رئيس الدائرة خطة إدارة الدعوى، ثم تحال للإدارة المختصة لتنفيذها، ويتاح للأطراف الاطلاع عليها."",
  ""citations"": [
    {""law"": ""اللائحة التنفيذية لنظام المحاكم التجارية"", ""article"": ""المادة الخامسة والثمانون""}
  ],
  ""insufficient_context"": false
}",7.42014713899971,540,False,True,يعتمد رئيس الدائرة خطة إدارة الدعوى، ثم تحال للإدارة المختصة لتنفيذها، ويتاح للأطراف الاطلاع عليها.,"[{'law': 'اللائحة التنفيذية لنظام المحاكم التجارية', 'article': 'المادة الخامسة والثمانون'}]",False,formal_direct,من يعتمد خطة إدارة الدعوى وكيف يتم تنفيذها؟,اللائحة التنفيذية لنظام المحاكم التجارية,المادة الخامسة والثمانون,اللايحةالتنفيذيةلنظامالمحاكمالتجارية||المادةالخامسةوالثمانون,"المادة الخامسة والثمانون : تنفيذ خطة إدارةالدعوى
يعتمد رئيس الدائرة خطة إدارة الدعوى وتحال للإدارة المختصة لتنفيذهاء ويتاح للأطراف الاطلاععليها.","[('اللائحة التنفيذية لنظام المحاكم التجارية', 'المادة الخامسة والثمانون'), ('اللائحة التنفيذية لنظام المحاكم التجارية', 'المادة السادسة والثمانون'), ('اللائحة التنفيذية لنظام المحاكم التجارية', 'المادة الرابعة والثمانون')]","['اللايحةالتنفيذيةلنظامالمحاكمالتجارية||المادةالخامسةوالثمانون', 'اللايحةالتنفيذيةلنظامالمحاكمالتجارية||المادةالسادسةوالثمانون', 'اللايحةالتنفيذيةلنظامالمحاكمالتجارية||المادةالرابعةوالثمانون']",True,"User Query:
من يعتمد خطة إدارة الدعوى وكيف يتم تنفيذها؟

[Retrieved Article 1]
Law: اللائحة التنفيذية لنظام المحاكم التجارية
Article: المادة الخامسة والثمانون
Text: المادة الخامسة والثمانون : تنفيذ خطة إدارةالدعوى
يعتمد رئيس الدائرة خطة إدارة الدعوى وتحال للإدارة المختصة لتنفيذهاء ويتاح للأطراف الاطلاععليها.

[Retrieved Article 2]
Law: اللائحة التنفيذية لنظام المحاكم التجارية
Article: المادة السادسة والثمانون
Text: المادة السادسة والثمانون : تنفيذ خطة إدارةالدعوى
تتولى الإدارة المختصة مايلي:
-١ إدارة الدعوى وفق الخطةالمعتمدة.
؟- إجراءات تبادل المذكرات في حال تضمنته خطة إدارة الدعوى أو قررت الدائرة أو القاضي المحضر إجراء تبادلالمذكرات.
وللإدارة المختصة الرفع إلى الدائرة - عند الاقتضاء - عن أي صعوبات تواجهها؛ لتقرير ما تراهالدائرة.

[Retrieved Article 3]
Law: اللائحة التنفيذية لنظام المحاكم التجارية
Article: المادة الرابعة والثمانون
Text: المادة الرابعة والثمانون : خطة إدارةالدعوى
مع مراعاة المدد المنصوص عليها في المادة الثامنة والثلاثين من اللائحة؛ تعد الإدارة المختصة بعد قيد الدعوى مشروع خطة إدارة الدعوى, على أن تتضمنالآتي:
أ- تصنيفالدعوى.
ب - وصفاً مختصراً للدعوىوالطلب.
ج - الوقت المقترح لنظرالدعوى.
ه -اقتراح أي إجراء يتطلبه نظر الدعوى وآليةتنفيذه.",1.0,1.0,0.0,1.0,1.0,"{
  ""correctness"": 5,
  ""faithfulness"": 5,
  ""arabic_quality"": 5,
  ""hallucination"": 0,
  ""reason"": ""الإجابة دقيقة وموثقة من النص القانوني المرجعي الذهبي، وواضحة ومفيدة.""
}",5.613465239999641,853,False,True,5.0,5.0,5.0,0,الإجابة دقيقة وموثقة من النص القانوني المرجعي الذهبي، وواضحة ومفيدة.
Q059,ALLaM-7B-Instruct-preview,"{
  ""answer_ar"": ""بعد إعداد خطة إدارة الدعوى، يعتمد رئيس الدائرة الخطة وتحال للإدارة المختصة لتنفيذها، ويتاح للأطراف الاطلاع عليها."",
  ""citations"": [
    {""law"": ""اللائحة التنفيذية لنظام المحاكم التجارية"", ""article"": ""المادة الخامسة والثمانون""}
  ],
  ""insufficient_context"": false
}",8.454892557000221,540,False,True,بعد إعداد خطة إدارة الدعوى، يعتمد رئيس الدائرة الخطة وتحال للإدارة المختصة لتنفيذها، ويتاح للأطراف الاطلاع عليها.,"[{'law': 'اللائحة التنفيذية لنظام المحاكم التجارية', 'article': 'المادة الخامسة والثمانون'}]",False,formal_paraphrase,ماذا يحدث لخطة إدارة الدعوى بعد إعدادها؟,اللائحة التنفيذية لنظام المحاكم التجارية,المادة الخامسة والثمانون,اللايحةالتنفيذيةلنظامالمحاكمالتجارية||المادةالخامسةوالثمانون,"المادة الخامسة والثمانون : تنفيذ خطة إدارةالدعوى
يعتمد رئيس الدائرة خطة إدارة الدعوى وتحال للإدارة المختصة لتنفيذهاء ويتاح للأطراف الاطلاععليها.","[('اللائحة التنفيذية لنظام المحاكم التجارية', 'المادة الرابعة والثمانون'), ('اللائحة التنفيذية لنظام المحاكم التجارية', 'المادة الخامسة والثمانون'), ('اللائحة التنفيذية لنظام المحاكم التجارية', 'المادة السادسة والثمانون')]","['اللايحةالتنفيذيةلنظامالمحاكمالتجارية||المادةالرابعةوالثمانون', 'اللايحةالتنفيذيةلنظامالمحاكمالتجارية||المادةالخامسةوالثمانون', 'اللايحةالتنفيذيةلنظامالمحاكمالتجارية||المادةالسادسةوالثمانون']",True,"User Query:
ماذا يحدث لخطة إدارة الدعوى بعد إعدادها؟

[Retrieved Article 1]
Law: اللائحة التنفيذية لنظام المحاكم التجارية
Article: المادة الرابعة والثمانون
Text: المادة الرابعة والثمانون : خطة إدارةالدعوى
مع مراعاة المدد المنصوص عليها في المادة الثامنة والثلاثين من اللائحة؛ تعد الإدارة المختصة بعد قيد الدعوى مشروع خطة إدارة الدعوى, على أن تتضمنالآتي:
أ- تصنيفالدعوى.
ب - وصفاً مختصراً للدعوىوالطلب.
ج - الوقت المقترح لنظرالدعوى.
ه -اقتراح أي إجراء يتطلبه نظر الدعوى وآليةتنفيذه.

[Retrieved Article 2]
Law: اللائحة التنفيذية لنظام المحاكم التجارية
Article: المادة الخامسة والثمانون
Text: المادة الخامسة والثمانون : تنفيذ خطة إدارةالدعوى
يعتمد رئيس الدائرة خطة إدارة الدعوى وتحال للإدارة المختصة لتنفيذهاء ويتاح للأطراف الاطلاععليها.

[Retrieved Article 3]
Law: اللائحة التنفيذية لنظام المحاكم التجارية
Article: المادة السادسة والثمانون
Text: المادة السادسة والثمانون : تنفيذ خطة إدارةالدعوى
تتولى الإدارة المختصة مايلي:
-١ إدارة الدعوى وفق الخطةالمعتمدة.
؟- إجراءات تبادل المذكرات في حال تضمنته خطة إدارة الدعوى أو قررت الدائرة أو القاضي المحضر إجراء تبادلالمذكرات.
وللإدارة المختصة الرفع إلى الدائرة - عند الاقتضاء - عن أي صعوبات تواجهها؛ لتقرير ما تراهالدائرة.",1.0,1.0,0.0,1.0,1.0,"{
  ""correctness"": 4,
  ""faithfulness"": 3,
  ""arabic_quality"": 4,
  ""hallucination"": 0,
  ""reason"": ""الإجابة دقيقة فيما يتعلق بالخطوات القانونية المتبعة بعد إعداد خطة إدارة الدعوى، ولكنها لم تذكر جميع النقاط الواردة في النص القانوني المرجعي الذهبي. اللغة العربية واضحة ومهنية.""
}",8.286060137000277,851,False,True,4.0,3.0,4.0,0,الإجابة دقيقة فيما يتعلق بالخطوات القانونية المتبعة بعد إعداد خطة إدارة الدعوى، ولكنها لم تذكر جميع النقاط الواردة في النص القانوني المرجعي الذهبي. اللغة العربية واضحة ومهنية.
Q060,ALLaM-7B-Instruct-preview,"{
  ""answer_ar"": ""يعتمد رئيس الدائرة خطة إدارة الدعوى، ويتاح للأطراف الاطلاع عليها."",
  ""citations"": [
    {""law"": ""اللائحة التنفيذية لنظام المحاكم التجارية"", ""article"": ""المادة الخامسة والثمانون""}
  ],
  ""insufficient_context"": false
}",6.667290561999835,760,False,True,يعتمد رئيس الدائرة خطة إدارة الدعوى، ويتاح للأطراف الاطلاع عليها.,"[{'law': 'اللائحة التنفيذية لنظام المحاكم التجارية', 'article': 'المادة الخامسة والثمانون'}]",False,informal,مين يعتمد خطة القضية وهل الأطراف يقدرون يشوفونها؟,اللائحة التنفيذية لنظام المحاكم التجارية,المادة الخامسة والثمانون,اللايحةالتنفيذيةلنظامالمحاكمالتجارية||المادةالخامسةوالثمانون,"المادة الخامسة والثمانون : تنفيذ خطة إدارةالدعوى
يعتمد رئيس الدائرة خطة إدارة الدعوى وتحال للإدارة المختصة لتنفيذهاء ويتاح للأطراف الاطلاععليها.","[('اللائحة التنفيذية لنظام المحاكم التجارية', 'المادة الخامسة والثمانون'), ('نظام التحكيم', 'المادة السادسةوالثلاثون'), ('اللائحة التنفيذية لطرق الاعتراض على الأحكام', 'المادة التاسعةوالعشرون')]","['اللايحةالتنفيذيةلنظامالمحاكمالتجارية||المادةالخامسةوالثمانون', 'نظامالتحكيم||المادةالسادسةوالثلاثون', 'اللايحةالتنفيذيةلطرقالاعتراضعليالاحكام||المادةالتاسعةوالعشرون']",True,"User Query:
مين يعتمد خطة القضية وهل الأطراف يقدرون يشوفونها؟

[Retrieved Article 1]
Law: اللائحة التنفيذية لنظام المحاكم التجارية
Article: المادة الخامسة والثمانون
Text: المادة الخامسة والثمانون : تنفيذ خطة إدارةالدعوى
يعتمد رئيس الدائرة خطة إدارة الدعوى وتحال للإدارة المختصة لتنفيذهاء ويتاح للأطراف الاطلاععليها.

[Retrieved Article 2]
Law: نظام التحكيم
Article: المادة السادسةوالثلاثون
Text: المادة السادسةوالثلاثون
-١ لهيئة التحكيم تعيين خبير أو أكثرء لتقديم تقرير مكتوب أو شفهي يثبت في محضر الجلسة في شأن مسائل معينة تحددها بقرار منهاء وتبلغ به كلاً من الطرفين ما لم يتفقا علىغير
""- على كل من الطرفين أن يقدم إلى الخبير المعلومات المتعلقة بالنزاع» وأن يمكنه من معاينة وفحص ما يطلبه من وثائق أو سلع أو أموال أخرى متعلقة بالنزاع. وتفصلهيئة
التحكيم في كل نزاع يقوم بين الخبير وأحد الطرفين في هذا الشأن بقرار غير قابل للطعن بأي طريق من طرقالطعن.
'- ترسل هيئة التحكيم صورة من تقرير الخبير بمجرد إيداعه لديها إلى كل من الطرفين؛ مع إتاحة الفرصة له لإبداء رأيه فيه. ولكليهما الحق في الاطلاع على الوثائق التياستند
إليها الخبير في تقريره وفحصها. ويصدر الخبير تقريره النهائي بعد الاطلاع على ما أبداه طرفا التحكيمحوله.
5- لهيئة التحكيم بعد تقديم تقرير الخبير أن تقرر من تلقاء نفسهاء أو بناءً على طلب أحد طرفي التحكيم» عقد جلسة لسماع أقوال الخبيرء مع إتاحة الفرصة للطرفين لسماعهومناقشته
في شأن ما ورد فيتقريره.

[Retrieved Article 3]
Law: اللائحة التنفيذية لطرق الاعتراض على الأحكام
Article: المادة التاسعةوالعشرون
Text: المادة التاسعةوالعشرون
-١ للمحكمة أن تعهد إلى أحد قضاتها تحضير القضية وتهيئتها للمرافعة» بما في ذلك دراستها وتحديد نطاق الاستئناف؛ وعقد جلسة تحضيرية» واستكمال المستندات» واستدعاءذوي
الشأن لسؤالهم عن الوقائع التي يرى لزوم تحقيقهاء وإعداد مشروع مسودة الحكم؛ كما يجوز أن تعهد المحكمة بدراسة القضية والوقائع إلى الإدارةالمختصة.
؟- للمحكمة» وللقاضي الذي عهد إليه تحضير القضية أن يمكّن الخصوم من تبادل المذكرات والمستندات لدى الإدارة المختصة خلال مدة لا تتجاوز (عشرين) يومّاء على أنتُحتَدَ
عدد المذكرات؛ وموعد إيداع كل منهاء وموعد الجلسةالتالية.
-'٠"" يترتب على عدم تقديم المذكرة أو المستند في مرحلة تحضير القضية الأثر ذاته الذي يترتب على عدم تقديمه أمامالمحكمة.",1.0,1.0,0.0,1.0,1.0,"{
  ""correctness"": 5,
  ""faithfulness"": 5,
  ""arabic_quality"": 5,
  ""hallucination"": 0,
  ""reason"": ""الإجابة دقيقة وموثقة من النص القانوني المرجعي الذهبي، وواضحة ومتماسكة باللغة العربية.""
}",6.535918641000535,1193,False,True,5.0,5.0,5.0,0,الإجابة دقيقة وموثقة من النص القانوني المرجعي الذهبي، وواضحة ومتماسكة باللغة العربية.
Q001,Qwen3-8B,"{
  ""answer_ar"": ""الدعاوى والطلبات التي لا تسري عليها أحكام التكاليف القضائية هي: الدعاوى الجزائية العامة والدعاوى التأديبية والطلبات المتعلقة بها، والدعاوى والطلبات التي تختص بها محاكم الأحوال الشخصية عدا طلب النقض وطلب التماس إعادة النظر، والدعاوى والطلبات التي يختص بها ديوان المظالم، والدعاوى والطلبات المتعلقة بدعاوى قسمة التركات عدا طلب النقض وطلب التماس إعادة النظر، والإنهاءات وما يتعلق بها من طلبات."",
  ""citations"": [
    {""law"": ""نظام التكاليف القضائية"", ""article"": ""المادة الثانية""}
  ],
  ""insufficient_context"": false
}",19.172787194000197,1009,False,True,الدعاوى والطلبات التي لا تسري عليها أحكام التكاليف القضائية هي: الدعاوى الجزائية العامة والدعاوى التأديبية والطلبات المتعلقة بها، والدعاوى والطلبات التي تختص بها محاكم الأحوال الشخصية عدا طلب النقض وطلب التماس إعادة النظر، والدعاوى والطلبات التي يختص بها ديوان المظالم، والدعاوى والطلبات المتعلقة بدعاوى قسمة التركات عدا طلب النقض وطلب التماس إعادة النظر، والإنهاءات وما يتعلق بها من طلبات.,"[{'law': 'نظام التكاليف القضائية', 'article': 'المادة الثانية'}]",False,formal_direct,ما الدعاوى والطلبات التي لا تسري عليها أحكام التكاليف القضائية؟,نظام التكاليف القضائية,المادة الثانية,نظامالتكاليفالقضايية||المادةالثانية,"المادة الثانية
تسري أحكام النظام على جميع الدعاوى والطلبات التي تقدم إلى المحاكم» فيما عدا مايأتي:
١.الدعاوى الجزائية العامة»والدعاوى التأديبية»والطلبات المتعلقبها.
؟.الدعاوى والطلبات التي تختص بها محاكم الأحوال الشخصية» عدا طلب النقض وطلب التماس إعادةالنظر.
.الدعاوى والطلبات التي يختص بها ديوانالمظالم.
.الدعاوى والطلبات المتعلقة بدعاوى قسمة التركات؛ عدا طلب النقض وطلب التماس إعادةالنظر.
"".الإنهاءات وما يتعلق بها منطلبات.","[('نظام التكاليف القضائية', 'المادة الثانية'), ('اللائحة التنفيذية لنظام المحاكم التجارية', 'المادة الحادية والخمسون'), ('نظام التكاليف القضائية', 'المادة الأولى')]","['نظامالتكاليفالقضايية||المادةالثانية', 'اللايحةالتنفيذيةلنظامالمحاكمالتجارية||المادةالحاديةوالخمسون', 'نظامالتكاليفالقضايية||المادةالاولي']",True,"User Query:
ما الدعاوى والطلبات التي لا تسري عليها أحكام التكاليف القضائية؟

[Retrieved Article 1]
Law: نظام التكاليف القضائية
Article: المادة الثانية
Text: المادة الثانية
تسري أحكام النظام على جميع الدعاوى والطلبات التي تقدم إلى المحاكم» فيما عدا مايأتي:
١.الدعاوى الجزائية العامة»والدعاوى التأديبية»والطلبات المتعلقبها.
؟.الدعاوى والطلبات التي تختص بها محاكم الأحوال الشخصية» عدا طلب النقض وطلب التماس إعادةالنظر.
.الدعاوى والطلبات التي يختص بها ديوانالمظالم.
.الدعاوى والطلبات المتعلقة بدعاوى قسمة التركات؛ عدا طلب النقض وطلب التماس إعادةالنظر.
"".الإنهاءات وما يتعلق بها منطلبات.

[Retrieved Article 2]
Law: اللائحة التنفيذية لنظام المحاكم التجارية
Article: المادة الحادية والخمسون
Text: المادة الحادية والخمسون : الدعاوى والطلبات التي ترفع منمحام
يجب أن يكون رفع جميع الدعاوى التي تختص بنظرها المحكمة وجميع طلبات الاستئناف من محام» ويستثنى من ذلكالآتي:
أ- الدعاوى المنصوص عليها في الفقرات (؟) و(38) و(1) من المادة السادسة عشرة منالنظام.
ب - الدعاوى اليسيرة المنصوص عليها في الفقرة )١( من المادة الثامنة والسبعين منالنظام.
ج - طلبات الاستئناف على الأحكام والقرارات والأوامر الص
لفقرات (؟) و(38) و(1) من المادة السادسة عشرة منالنظام.
ب - الدعاوى اليسيرة المنصوص عليها في الفقرة )١( من المادة الثامنة والسبعين منالنظام.
ج - طلبات الاستئناف على الأحكام والقرارات والأوامر الصادرة في الدعاوى المنصوص عليها في الفقرتين (أ) و(ب) من هذهالمادة .

[Retrieved Article 3]
Law: نظام التكاليف القضائية
Article: المادة الأولى
Text: المادة الأولى
يكون للألفاظ والعبارات الواردة في هذا النظام المعاني المبيّنه أمامهاء ما لم يقتض السياق معنىآخر:
النظام: نظام التكاليفالقضائية.
اللائحة: اللائحة التنفيذيةللنظام.
الإدارة المختصة: الإدارة المعنية بتحصيل التكاليفالقضائية»وردها.
التكاليف القضائية: مبالغ مالية يلتزم المكلف بدفعها إلى الإدارة المختصة» وفقاً لأحكام النظام واللائحة. ولا تشمل ما يطلب منه أثناء سير الدعوى من تكاليف يستلزمها الفصلفيها.
الدعوى: الدعوى المرفوعة أمامالمحاكم.
الطلبات: كل ما يقدمه الخصوم وغيرهم من طلبات أمام المحاكم مما لا يدخل فيالدعوى.",1.0,1.0,0.0,1.0,1.0,"```json
{
  ""correctness"": 4,
  ""faithfulness"": 4,
  ""arabic_quality"": 4,
  ""hallucination"": 0,
  ""reason"": ""الإجابة دقيقة وموثقة من النص القانوني المرجعي الذهبي، ولكنها لم تذكر الدعاوى المتعلقة بدعاوى قسمة التركات بشكل كامل.""
}
```

**سبب مختصر:**
- **correctness:** الإجابة دقيقة حيث تم ذكر جميع الحالات التي لا تسري عليها أحكام التكاليف القضائية كما هو مذكور في النص القانوني.
- **faithfulness:** الدعاوى والطلبات الواردة في الإجابة متوافقة تماماً مع النص القانوني المرجعي الذهبي.
- **arabic_quality:** اللغة العربية في الإجابة واضحة ومهنية.
- **hallucination:** الإجابة لا تحتوي على أي ادعاءات قانونية غير مدعومة بالسياق المسترجع.",17.876778566999747,1350,False,True,4.0,4.0,4.0,0,الإجابة دقيقة وموثقة من النص القانوني المرجعي الذهبي، ولكنها لم تذكر الدعاوى المتعلقة بدعاوى قسمة التركات بشكل كامل.
Q002,Qwen3-8B,"{
  ""answer_ar"": ""الحالات المستثناة من تطبيق نظام التكاليف القضائية تشمل: 1. الدعاوى الجزائية العامة والدعاوى التأديبية والطلبات المتعلقة بها. 2. الدعاوى والطلبات التي تختص بها محاكم الأحوال الشخصية، عدا طلب النقض وطلب التماس إعادة النظر. 3. الدعاوى والطلبات التي يختص بها ديوان المظالم. 4. الدعاوى والطلبات المتعلقة بدعاوى قسمة التركات، عدا طلب النقض وطلب التماس إعادة النظر. 5. الدعاوى التي تنتهي بالصلح قبل رفع الجلسة الأولى. 6. الدعاوى المتعلقة بالحقوق الخاصة التي ترفع بالتبعية للقضايا الجزائية إذا انتهت بالصلح. 7. حالات الإعفاء المذكورة في المادة السادسة عشرة."",
  ""citations"": [
    {""law"": ""نظام التكاليف القضائية"", ""article"": ""المادة الثانية""},
    {""law"": ""نظام التكاليف القضائية"", ""article"": ""المادة السادسة عشرة""},
    {""law"": ""نظام التكاليف القضائية"", ""article"": ""المادة السابعة عشرة""}
  ],
  ""insufficient_context"": false
}",30.649800771000173,996,False,True,الحالات المستثناة من تطبيق نظام التكاليف القضائية تشمل: 1. الدعاوى الجزائية العامة والدعاوى التأديبية والطلبات المتعلقة بها. 2. الدعاوى والطلبات التي تختص بها محاكم الأحوال الشخصية، عدا طلب النقض وطلب التماس إعادة النظر. 3. الدعاوى والطلبات التي يختص بها ديوان المظالم. 4. الدعاوى والطلبات المتعلقة بدعاوى قسمة التركات، عدا طلب النقض وطلب التماس إعادة النظر. 5. الدعاوى التي تنتهي بالصلح قبل رفع الجلسة الأولى. 6. الدعاوى المتعلقة بالحقوق الخاصة التي ترفع بالتبعية للقضايا الجزائية إذا انتهت بالصلح. 7. حالات الإعفاء المذكورة في المادة السادسة عشرة.,"[{'law': 'نظام التكاليف القضائية', 'article': 'المادة الثانية'}, {'law': 'نظام التكاليف القضائية', 'article': 'المادة السادسة عشرة'}, {'law': 'نظام التكاليف القضائية', 'article': 'المادة السابعة عشرة'}]",False,formal_paraphrase,ما الحالات المستثناة من تطبيق نظام التكاليف القضائية؟,نظام التكاليف القضائية,المادة الثانية,نظامالتكاليفالقضايية||المادةالثانية,"المادة الثانية
تسري أحكام النظام على جميع الدعاوى والطلبات التي تقدم إلى المحاكم» فيما عدا مايأتي:
١.الدعاوى الجزائية العامة»والدعاوى التأديبية»والطلبات المتعلقبها.
؟.الدعاوى والطلبات التي تختص بها محاكم الأحوال الشخصية» عدا طلب النقض وطلب التماس إعادةالنظر.
.الدعاوى والطلبات التي يختص بها ديوانالمظالم.
.الدعاوى والطلبات المتعلقة بدعاوى قسمة التركات؛ عدا طلب النقض وطلب التماس إعادةالنظر.
"".الإنهاءات وما يتعلق بها منطلبات.","[('نظام التكاليف القضائية', 'المادة السادسةعشرة'), ('نظام التكاليف القضائية', 'المادة السابعةعشرة'), ('نظام التكاليف القضائية', 'المادة الثانية')]","['نظامالتكاليفالقضايية||المادةالسادسةعشرة', 'نظامالتكاليفالقضايية||المادةالسابعةعشرة', 'نظامالتكاليفالقضايية||المادةالثانية']",True,"User Query:
ما الحالات المستثناة من تطبيق نظام التكاليف القضائية؟

[Retrieved Article 1]
Law: نظام التكاليف القضائية
Article: المادة السادسةعشرة
Text: المادة السادسةعشرة
ترد التكاليف القضائية المدفوعة متى تبين عدم وجوبها على دافعها أو استفادته من حالة من حالات الإعفاء ومن ذلكمايأتي:
١.إذا حكم لمصلحة دافع التكاليفالقضائية.
؟.طلب رد القاضي أو القضاة إذا قبل طلبالرد.
”.طلب تصحيح الحكم أو تفسيره إذا قضي بإجابةالطلب.
4.طلب الاستئناف إذا حكم بنقض الحكم المستأنف كلياً» وإذا نقض الحكم جزئياً فيعفى بقدر ذلك الجزءء وطلب النقض إذا قضي فيه بإعادة القضية إلى المحكمة مصدرةالحكم
المعترضعليه.
5.إذا ترك المدعي عليه دعواه قبل عقد الجلسة الأولى؛ وفقاً للإجراءاتالنظامية.
"".الدعاوى التي تنتهي بالصلح قبل رفع الجلسةالأولى.
.الدعاوى المتعلقة بالحقوق الخاصة التي ترفع بالتبعية للقضايا الجزائية إذا انتهت بالصلح على أي حال كانت فيهاالدعوى.
وتحدد اللائحة الإجراءات والقواعد الخاصةبذلك.

[Retrieved Article 2]
Law: نظام التكاليف القضائية
Article: المادة السابعةعشرة
Text: المادة السابعةعشرة
مع مراعاة ما تقضي به الأنظمة والمعاهدات والاتفاقيات الدولية التي تكون المملكة طرفاًء لا تفرض التكاليف القضائية على الفئاتالآتية:
١.المسجونون والموقوفون وقت استحقاق التكاليف القضائية في قضايا مالية غير جنائية» في الدعاوى التي تقام سواءً كانت منهم أوعليهم.
"".العمال المشمولون بنظام العمل والمستثنون منه والمستحقون عنهم؛ للمطالبة بمستحقاتهم الناشئة عن عقودعمل.
“.الوزارات والأجهزةالحكومية.
وتحدد اللائحة الإجراءات والقواعد الخاصةبذلك.

[Retrieved Article 3]
Law: نظام التكاليف القضائية
Article: المادة الثانية
Text: المادة الثانية
تسري أحكام النظام على جميع الدعاوى والطلبات التي تقدم إلى المحاكم» فيما عدا مايأتي:
١.الدعاوى الجزائية العامة»والدعاوى التأديبية»والطلبات المتعلقبها.
؟.الدعاوى والطلبات التي تختص بها محاكم الأحوال الشخصية» عدا طلب النقض وطلب التماس إعادةالنظر.
.الدعاوى والطلبات التي يختص بها ديوانالمظالم.
.الدعاوى والطلبات المتعلقة بدعاوى قسمة التركات؛ عدا طلب النقض وطلب التماس إعادةالنظر.
"".الإنهاءات وما يتعلق بها منطلبات.",1.0,1.0,0.0,1.0,3.0,"```json
{
  ""correctness"": 4,
  ""faithfulness"": 3,
  ""arabic_quality"": 4,
  ""hallucination"": 0,
  ""reason"": ""الإجابة تشمل معظم الحالات المستثناة من تطبيق نظام التكاليف القضائية، لكنها تغفل بعض الحالات المستثناة من النص القانوني المرجعي الذهبي.""
}
```

**تفصيل الأسباب:**

- **correctness (4):** الإجابة تشمل معظم الحالات المستثناة من تطبيق نظام التكاليف القضائية، لكنها تغفل بعض الحالات المستثناة من النص القانوني المرجعي الذهبي، مثل الدعاوى الجزائية العامة والدعاوى التأديبية والطلبات المتعلقة بها، والدعاوى المتعلقة بدعاوى قسمة التركات، عدا طلب النقض وطلب التماس إعادة النظر، والدعاوى التي تنتهي بالصلح",17.554801490999125,1403,False,True,4.0,3.0,4.0,0,الإجابة تشمل معظم الحالات المستثناة من تطبيق نظام التكاليف القضائية، لكنها تغفل بعض الحالات المستثناة من النص القانوني المرجعي الذهبي.
Q003,Qwen3-8B,"{
  ""answer_ar"": ""القضايا التي لا تُفرض عليها تكاليف قضائية هي: الدعاوى الجزائية الخاصة، والدعاوى التي تُنظر لدى المحاكم التجارية والدوائر التجارية، والدعاوى المستعجلة، والدعاوى التي تُنظر لدى المحاكم العامة، ومنازعات التنفيذ، والدعاوى التي تُنظر لدى المحاكم العمالية والدوائر العمالية، وذلك وفقاً للمادة الثالثة من اللائحة التنفيذية لنظام التكاليف القضائية."",
  ""citations"": [
    {""law"": ""اللائحة التنفيذية لنظام التكاليف القضائية"", ""article"": ""المادة الثالثة""}
  ],
  ""insufficient_context"": false
}",18.62655019299973,1002,False,True,القضايا التي لا تُفرض عليها تكاليف قضائية هي: الدعاوى الجزائية الخاصة، والدعاوى التي تُنظر لدى المحاكم التجارية والدوائر التجارية، والدعاوى المستعجلة، والدعاوى التي تُنظر لدى المحاكم العامة، ومنازعات التنفيذ، والدعاوى التي تُنظر لدى المحاكم العمالية والدوائر العمالية، وذلك وفقاً للمادة الثالثة من اللائحة التنفيذية لنظام التكاليف القضائية.,"[{'law': 'اللائحة التنفيذية لنظام التكاليف القضائية', 'article': 'المادة الثالثة'}]",False,informal,وش القضايا اللي ما عليها تكاليف قضائية؟,نظام التكاليف القضائية,المادة الثانية,نظامالتكاليفالقضايية||المادةالثانية,"المادة الثانية
تسري أحكام النظام على جميع الدعاوى والطلبات التي تقدم إلى المحاكم» فيما عدا مايأتي:
١.الدعاوى الجزائية العامة»والدعاوى التأديبية»والطلبات المتعلقبها.
؟.الدعاوى والطلبات التي تختص بها محاكم الأحوال الشخصية» عدا طلب النقض وطلب التماس إعادةالنظر.
.الدعاوى والطلبات التي يختص بها ديوانالمظالم.
.الدعاوى والطلبات المتعلقة بدعاوى قسمة التركات؛ عدا طلب النقض وطلب التماس إعادةالنظر.
"".الإنهاءات وما يتعلق بها منطلبات.","[('اللائحة التنفيذية لنظام التكاليف القضائية', 'المادة الثالثة'), ('نظام التكاليف القضائية', 'المادة السابعةعشرة'), ('نظام التكاليف القضائية', 'المادة السادسةعشرة')]","['اللايحةالتنفيذيةلنظامالتكاليفالقضايية||المادةالثالثة', 'نظامالتكاليفالقضايية||المادةالسابعةعشرة', 'نظامالتكاليفالقضايية||المادةالسادسةعشرة']",False,"User Query:
وش القضايا اللي ما عليها تكاليف قضائية؟

[Retrieved Article 1]
Law: اللائحة التنفيذية لنظام التكاليف القضائية
Article: المادة الثالثة
Text: المادة الثالثة
تقدّر التكاليف القضاتية في الدعاوى غير محددة القيمة على النحوالآتي:
-١ الدعاوى الجزائية الخاصة؛ عشرة آلافريال.
؟- الدعاوى التي تُنظر لدى المحاكم التجارية والدوائر التجارية؛ خمسة آلافرياإل.
-'٠"" الدعاوى المستعجلة أيّا كانت المحكمة أو الدائرة التي تنظرها؛ ثلاثة آلافربال.
5- الدعاوى التي تُنظر لدى المحاكم العامة؛ ثلاثة آلافريال.
5- منازعات التنفيذ؛ ثلاثة آلافربال.
""- الدعاوى التي تُنظر لدى المحاكم العمالية والدوائر العمالية؛ ألفاربال.

[Retrieved Article 2]
Law: نظام التكاليف القضائية
Article: المادة السابعةعشرة
Text: المادة السابعةعشرة
مع مراعاة ما تقضي به الأنظمة والمعاهدات والاتفاقيات الدولية التي تكون المملكة طرفاًء لا تفرض التكاليف القضائية على الفئاتالآتية:
١.المسجونون والموقوفون وقت استحقاق التكاليف القضائية في قضايا مالية غير جنائية» في الدعاوى التي تقام سواءً كانت منهم أوعليهم.
"".العمال المشمولون بنظام العمل والمستثنون منه والمستحقون عنهم؛ للمطالبة بمستحقاتهم الناشئة عن عقودعمل.
“.الوزارات والأجهزةالحكومية.
وتحدد اللائحة الإجراءات والقواعد الخاصةبذلك.

[Retrieved Article 3]
Law: نظام التكاليف القضائية
Article: المادة السادسةعشرة
Text: المادة السادسةعشرة
ترد التكاليف القضائية المدفوعة متى تبين عدم وجوبها على دافعها أو استفادته من حالة من حالات الإعفاء ومن ذلكمايأتي:
١.إذا حكم لمصلحة دافع التكاليفالقضائية.
؟.طلب رد القاضي أو القضاة إذا قبل طلبالرد.
”.طلب تصحيح الحكم أو تفسيره إذا قضي بإجابةالطلب.
4.طلب الاستئناف إذا حكم بنقض الحكم المستأنف كلياً» وإذا نقض الحكم جزئياً فيعفى بقدر ذلك الجزءء وطلب النقض إذا قضي فيه بإعادة القضية إلى المحكمة مصدرةالحكم
المعترضعليه.
5.إذا ترك المدعي عليه دعواه قبل عقد الجلسة الأولى؛ وفقاً للإجراءاتالنظامية.
"".الدعاوى التي تنتهي بالصلح قبل رفع الجلسةالأولى.
.الدعاوى المتعلقة بالحقوق الخاصة التي ترفع بالتبعية للقضايا الجزائية إذا انتهت بالصلح على أي حال كانت فيهاالدعوى.
وتحدد اللائحة الإجراءات والقواعد الخاصةبذلك.",1.0,1.0,0.0,0.0,1.0,"```json
{
  ""correctness"": 1,
  ""faithfulness"": 1,
  ""arabic_quality"": 1,
  ""hallucination"": 0,
  ""reason"": ""الإجابة دقيقة وموثقة من النص القانوني المرجعي الذهبي، وتم تقديم المعلومات بشكل صحيح ومهني.""
}
```",6.842048575999797,1327,False,True,1.0,1.0,1.0,0,الإجابة دقيقة وموثقة من النص القانوني المرجعي الذهبي، وتم تقديم المعلومات بشكل صحيح ومهني.
Q004,Qwen3-8B,"{
  ""answer_ar"": ""الحد الأعلى للتكاليف القضائية المفروضة على الدعوى هو مليون ريال، حسبما ورد في المادة الثالثة من نظام التكاليف القضائية."",
  ""citations"": [
    {""law"": ""نظام التكاليف القضائية"", ""article"": ""المادة الثالثة""}
  ],
  ""insufficient_context"": false
}",9.93783860099984,901,False,True,الحد الأعلى للتكاليف القضائية المفروضة على الدعوى هو مليون ريال، حسبما ورد في المادة الثالثة من نظام التكاليف القضائية.,"[{'law': 'نظام التكاليف القضائية', 'article': 'المادة الثالثة'}]",False,formal_direct,ما الحد الأعلى للتكاليف القضائية المفروضة على الدعوى؟,نظام التكاليف القضائية,المادة الثالثة,نظامالتكاليفالقضايية||المادةالثالثة,"المادة الثالثة
تفرض تكاليف قضائية على الدعوى بمبلغ لا يزيد على ما نسبته (590) من قيمة المطالبة» وبحد أعلى مبلغ مليون ريال. وتحدد اللائحة معايير تقدير التكاليف القضائيةوالضوابط
والقواعد المنظمةلذلك.","[('نظام التكاليف القضائية', 'المادة الثالثة'), ('نظام التكاليف القضائية', 'المادة الخامسة'), ('اللائحة التنفيذية لنظام التكاليف القضائية', 'المادة الثانية')]","['نظامالتكاليفالقضايية||المادةالثالثة', 'نظامالتكاليفالقضايية||المادةالخامسة', 'اللايحةالتنفيذيةلنظامالتكاليفالقضايية||المادةالثانية']",True,"User Query:
ما الحد الأعلى للتكاليف القضائية المفروضة على الدعوى؟

[Retrieved Article 1]
Law: نظام التكاليف القضائية
Article: المادة الثالثة
Text: المادة الثالثة
تفرض تكاليف قضائية على الدعوى بمبلغ لا يزيد على ما نسبته (590) من قيمة المطالبة» وبحد أعلى مبلغ مليون ريال. وتحدد اللائحة معايير تقدير التكاليف القضائيةوالضوابط
والقواعد المنظمةلذلك.

[Retrieved Article 2]
Law: نظام التكاليف القضائية
Article: المادة الخامسة
Text: المادة الخامسة
تُفرض على دعوى بطلان حكم التحكيم تكاليف قضائية بما نسبته )١190( من قيمة المبلغ المحكوم به على مدعي البطلان؛ إذا حكم برفض طلبه؛ وبحد أعلى مليونربال.

[Retrieved Article 3]
Law: اللائحة التنفيذية لنظام التكاليف القضائية
Article: المادة الثانية
Text: المادة الثانية
-١ مع مراعاة ما تقضي به المادة (الثالثة) من النظامء تُقدّر التكاليف القضائية للدعوى المحددة القيمة؛ على أساس نسبة من قيمة المطالبة فيهاء وذلك على النحوالآتي:
3 نسبة (9/05) إذا كانت قيمة المطالبة أقل من مائة ألفربال.
ب- نسبة (905) إذا كانت قيمة المطالبة مائة ألف ربإل فأكثرء وتقل عن خمسمائة ألفربال.
ج- نسبة (907) إذا كانت قيمة المطالبة خمسمائة ألف ريال فأكثرء وتقل عن مليونربال.
د- نسبة (907) إذا كانت قيمة المطالبة مليون ربإلفأعلى.
؟- تُحدد قيمة المطالبة على النحوالآتي:
أ- فيما يتعلق بالدعاوى المالية» تحدد على أساس المبلغ الذي يطلب المدعي الحكمبه.
اب- في الدعاوى المتعلقة بإثنبات صحة عقد أو فسخه أو إبطاله أو الإلزام بتنفيذه» تُحدد على أساس قيمة الشسيء المتنازع عليه وفقاً لقيمته المحددة فيالعقد.
ج- في الدعاوى المتعلقة بمنازعات ملكية عقار؛ تُحدد على أساس قيمة العقار عند رفع الدعوىء وتُحدد قيمة العقار بناء على البيانات التاريخية - الموثقة لدى وزارة العدل -لقيمة
مبايعات هذا العقار والعقارات المجاورة له» ونحو ذلك من الوسائل الأخرى التي ثُمكن الوزارة من تحليلقيمته.",1.0,1.0,0.0,1.0,1.0,"{
  ""correctness"": 5,
  ""faithfulness"": 5,
  ""arabic_quality"": 5,
  ""hallucination"": 0,
  ""reason"": ""الإجابة دقيقة وموثقة من النص القانوني المرجعي الذهبي، وواضحة ومكتوبة بشكل محترف.""
}",6.864828922000015,1065,False,True,5.0,5.0,5.0,0,الإجابة دقيقة وموثقة من النص القانوني المرجعي الذهبي، وواضحة ومكتوبة بشكل محترف.
Q005,Qwen3-8B,"{
  ""answer_ar"": ""تُحدد قيمة التكاليف القضائية بالنسبة إلى قيمة المطالبة بناءً على نسبة مئوية من قيمة المطالبة، وفقًا لنقاط محددة في اللائحة التنفيذية لنظام التكاليف القضائية. وتختلف هذه النسبة حسب قيمة المطالبة، حيث تبدأ من 0.59% إذا كانت أقل من 100 ألف ريال، وتزيد تدريجيًا حسب الفئات المحددة."",
  ""citations"": [
    {""law"": ""اللائحة التنفيذية لنظام التكاليف القضائية"", ""article"": ""المادة الثانية""}
  ],
  ""insufficient_context"": false
}",16.70980748099919,909,False,True,تُحدد قيمة التكاليف القضائية بالنسبة إلى قيمة المطالبة بناءً على نسبة مئوية من قيمة المطالبة، وفقًا لنقاط محددة في اللائحة التنفيذية لنظام التكاليف القضائية. وتختلف هذه النسبة حسب قيمة المطالبة، حيث تبدأ من 0.59% إذا كانت أقل من 100 ألف ريال، وتزيد تدريجيًا حسب الفئات المحددة.,"[{'law': 'اللائحة التنفيذية لنظام التكاليف القضائية', 'article': 'المادة الثانية'}]",False,formal_paraphrase,كيف يتم تحديد قيمة التكاليف القضائية بالنسبة إلى قيمة المطالبة؟,نظام التكاليف القضائية,المادة الثالثة,نظامالتكاليفالقضايية||المادةالثالثة,"المادة الثالثة
تفرض تكاليف قضائية على الدعوى بمبلغ لا يزيد على ما نسبته (590) من قيمة المطالبة» وبحد أعلى مبلغ مليون ريال. وتحدد اللائحة معايير تقدير التكاليف القضائيةوالضوابط
والقواعد المنظمةلذلك.","[('نظام التكاليف القضائية', 'المادة الثالثة'), ('نظام التكاليف القضائية', 'المادة التاسعة'), ('اللائحة التنفيذية لنظام التكاليف القضائية', 'المادة الثانية')]","['نظامالتكاليفالقضايية||المادةالثالثة', 'نظامالتكاليفالقضايية||المادةالتاسعة', 'اللايحةالتنفيذيةلنظامالتكاليفالقضايية||المادةالثانية']",True,"User Query:
كيف يتم تحديد قيمة التكاليف القضائية بالنسبة إلى قيمة المطالبة؟

[Retrieved Article 1]
Law: نظام التكاليف القضائية
Article: المادة الثالثة
Text: المادة الثالثة
تفرض تكاليف قضائية على الدعوى بمبلغ لا يزيد على ما نسبته (590) من قيمة المطالبة» وبحد أعلى مبلغ مليون ريال. وتحدد اللائحة معايير تقدير التكاليف القضائيةوالضوابط
والقواعد المنظمةلذلك.

[Retrieved Article 2]
Law: نظام التكاليف القضائية
Article: المادة التاسعة
Text: المادة التاسعة
إذا ترتب على الطلب تغير في تقدير قيمة الدعوى سواء بالزيادة أو النقص» فتُحسب التكاليف القضائية للدعوى بناء على تقدير القيمة الجديدة لهاء وذلك مع عدم الإخلالبالتكاليف
القضائية المحددة للطلبذاته.

[Retrieved Article 3]
Law: اللائحة التنفيذية لنظام التكاليف القضائية
Article: المادة الثانية
Text: المادة الثانية
-١ مع مراعاة ما تقضي به المادة (الثالثة) من النظامء تُقدّر التكاليف القضائية للدعوى المحددة القيمة؛ على أساس نسبة من قيمة المطالبة فيهاء وذلك على النحوالآتي:
3 نسبة (9/05) إذا كانت قيمة المطالبة أقل من مائة ألفربال.
ب- نسبة (905) إذا كانت قيمة المطالبة مائة ألف ربإل فأكثرء وتقل عن خمسمائة ألفربال.
ج- نسبة (907) إذا كانت قيمة المطالبة خمسمائة ألف ريال فأكثرء وتقل عن مليونربال.
د- نسبة (907) إذا كانت قيمة المطالبة مليون ربإلفأعلى.
؟- تُحدد قيمة المطالبة على النحوالآتي:
أ- فيما يتعلق بالدعاوى المالية» تحدد على أساس المبلغ الذي يطلب المدعي الحكمبه.
اب- في الدعاوى المتعلقة بإثنبات صحة عقد أو فسخه أو إبطاله أو الإلزام بتنفيذه» تُحدد على أساس قيمة الشسيء المتنازع عليه وفقاً لقيمته المحددة فيالعقد.
ج- في الدعاوى المتعلقة بمنازعات ملكية عقار؛ تُحدد على أساس قيمة العقار عند رفع الدعوىء وتُحدد قيمة العقار بناء على البيانات التاريخية - الموثقة لدى وزارة العدل -لقيمة
مبايعات هذا العقار والعقارات المجاورة له» ونحو ذلك من الوسائل الأخرى التي ثُمكن الوزارة من تحليلقيمته.",1.0,1.0,0.0,0.0,1.0,"{
  ""correctness"": 4,
  ""faithfulness"": 3,
  ""arabic_quality"": 4,
  ""hallucination"": 0,
  ""reason"": ""الإجابة دقيقة وموثقة من النص القانوني المرجعي الذهبي، لكنها لم تذكر الحد الأعلى المليون ريال كما هو موجود في النص القانوني.""
}",7.009026932999404,1137,False,True,4.0,3.0,4.0,0,الإجابة دقيقة وموثقة من النص القانوني المرجعي الذهبي، لكنها لم تذكر الحد الأعلى المليون ريال كما هو موجود في النص القانوني.
Q006,Qwen3-8B,"{
  ""answer_ar"": ""أعلى مبلغ ممكن تدفعه تكاليف قضائية على الدعوى هو مليون ريال، حسب المادة الثالثة من نظام التكاليف القضائية."",
  ""citations"": [
    {""law"": ""نظام التكاليف القضائية"", ""article"": ""المادة الثالثة""}
  ],
  ""insufficient_context"": false
}",9.27220943500015,737,False,True,أعلى مبلغ ممكن تدفعه تكاليف قضائية على الدعوى هو مليون ريال، حسب المادة الثالثة من نظام التكاليف القضائية.,"[{'law': 'نظام التكاليف القضائية', 'article': 'المادة الثالثة'}]",False,informal,كم أعلى مبلغ ممكن أدفعه تكاليف قضائية على الدعوى؟,نظام التكاليف القضائية,المادة الثالثة,نظامالتكاليفالقضايية||المادةالثالثة,"المادة الثالثة
تفرض تكاليف قضائية على الدعوى بمبلغ لا يزيد على ما نسبته (590) من قيمة المطالبة» وبحد أعلى مبلغ مليون ريال. وتحدد اللائحة معايير تقدير التكاليف القضائيةوالضوابط
والقواعد المنظمةلذلك.","[('نظام التكاليف القضائية', 'المادة الثالثة'), ('نظام التكاليف القضائية', 'المادة الخامسة'), ('نظام التكاليف القضائية', 'المادة الثامنة')]","['نظامالتكاليفالقضايية||المادةالثالثة', 'نظامالتكاليفالقضايية||المادةالخامسة', 'نظامالتكاليفالقضايية||المادةالثامنة']",True,"User Query:
كم أعلى مبلغ ممكن أدفعه تكاليف قضائية على الدعوى؟

[Retrieved Article 1]
Law: نظام التكاليف القضائية
Article: المادة الثالثة
Text: المادة الثالثة
تفرض تكاليف قضائية على الدعوى بمبلغ لا يزيد على ما نسبته (590) من قيمة المطالبة» وبحد أعلى مبلغ مليون ريال. وتحدد اللائحة معايير تقدير التكاليف القضائيةوالضوابط
والقواعد المنظمةلذلك.

[Retrieved Article 2]
Law: نظام التكاليف القضائية
Article: المادة الخامسة
Text: المادة الخامسة
تُفرض على دعوى بطلان حكم التحكيم تكاليف قضائية بما نسبته )١190( من قيمة المبلغ المحكوم به على مدعي البطلان؛ إذا حكم برفض طلبه؛ وبحد أعلى مليونربال.

[Retrieved Article 3]
Law: نظام التكاليف القضائية
Article: المادة الثامنة
Text: المادة الثامنة
١.تُقرض على الطلبات الآتية تكاليف قضائية بمبلغ لا يزيد على ألف ريال وفقاً للمعايير والضوابط وقواعد التقدير التي تحددهااللائحة:
أ- طلب ذي المصلحة تسليمه نسخة مصدقة من أوراق الدعوى أو سجلاتها -الورقية أو الإلكترونية- أو الوثائق أو الأوراق التي تحت يدالمحكمة.
ب- طلب ذي المصلحة الاطلاع على أوراق الدعوى أو سجلاتها (الورقية أوالإلكترونية).
ج- طلب نسخة بديلة للوثائقالقضائية.
؟. لا تسري أحكام الفقرة )١( من هذه المادة على الطلبات التي تقدم أثناء نظر الدعوى من أطرافها أو المدخلينفيها.",1.0,1.0,0.0,1.0,1.0,"```json
{
  ""correctness"": 5,
  ""faithfulness"": 5,
  ""arabic_quality"": 5,
  ""hallucination"": 0,
  ""reason"": ""الإجابة دقيقة وموثقة من النص القانوني المرجعي الذهبي، وتم استخدام السياق المسترجع بشكل صحيح.""
}
```",6.657583297999736,898,False,True,5.0,5.0,5.0,0,الإجابة دقيقة وموثقة من النص القانوني المرجعي الذهبي، وتم استخدام السياق المسترجع بشكل صحيح.
Q007,Qwen3-8B,"{
  ""answer_ar"": ""تكاليف قضائية إضافية تُفرض عند إعادة نظر الدعوى إذا قررت المحكمة شطبها أو حكمت بعدم قبولها، وفقًا للمادة الرابعة من نظام التكاليف القضائية. أما في حالات عدم الاختصاص أو نقض الحكم وإعادة الدعوى، فلا تُفرض تكاليف جديدة حسب المادة العاشرة."",
  ""citations"": [
    {""law"": ""نظام التكاليف القضائية"", ""article"": ""المادة الرابعة""},
    {""law"": ""نظام التكاليف القضائية"", ""article"": ""المادة العاشرة""}
  ],
  ""insufficient_context"": false
}",17.438439191000725,781,False,True,تكاليف قضائية إضافية تُفرض عند إعادة نظر الدعوى إذا قررت المحكمة شطبها أو حكمت بعدم قبولها، وفقًا للمادة الرابعة من نظام التكاليف القضائية. أما في حالات عدم الاختصاص أو نقض الحكم وإعادة الدعوى، فلا تُفرض تكاليف جديدة حسب المادة العاشرة.,"[{'law': 'نظام التكاليف القضائية', 'article': 'المادة الرابعة'}, {'law': 'نظام التكاليف القضائية', 'article': 'المادة العاشرة'}]",False,formal_direct,متى تفرض تكاليف قضائية إضافية عند إعادة نظر الدعوى؟,نظام التكاليف القضائية,المادة الرابعة,نظامالتكاليفالقضايية||المادةالرابعة,"المادة الرابعة
إذا قررت المحكمة شطب الدعوىء أو حكمت باعتبارها كأن لم تكن» أو بعدم قبولها لعدم تحريرها؛ فتفرض تكاليف قضائية إضافية في حال نظرها مجدداً بما يعادل نسبة(/59؟)
من تكاليف نظر الدعوى في المرة الأولى» ويتحمل المدعي التكاليف الإضافية لنظرها ولو حكم لصالحه في موضوعالدعوى.","[('نظام التكاليف القضائية', 'المادة الرابعة'), ('نظام التكاليف القضائية', 'المادة العاشرة'), ('نظام التكاليف القضائية', 'المادة الثانيةعشرة')]","['نظامالتكاليفالقضايية||المادةالرابعة', 'نظامالتكاليفالقضايية||المادةالعاشرة', 'نظامالتكاليفالقضايية||المادةالثانيةعشرة']",True,"User Query:
متى تفرض تكاليف قضائية إضافية عند إعادة نظر الدعوى؟

[Retrieved Article 1]
Law: نظام التكاليف القضائية
Article: المادة الرابعة
Text: المادة الرابعة
إذا قررت المحكمة شطب الدعوىء أو حكمت باعتبارها كأن لم تكن» أو بعدم قبولها لعدم تحريرها؛ فتفرض تكاليف قضائية إضافية في حال نظرها مجدداً بما يعادل نسبة(/59؟)
من تكاليف نظر الدعوى في المرة الأولى» ويتحمل المدعي التكاليف الإضافية لنظرها ولو حكم لصالحه في موضوعالدعوى.

[Retrieved Article 2]
Law: نظام التكاليف القضائية
Article: المادة العاشرة
Text: المادة العاشرة
لاتفرض تكاليف جديدة على الدعوى في أي من الحالتينالآتيتين:
١.إذا حكم بعدم الاختصاص وأقيمت الدعوى أمام المحكمةالمختصة.
؟.إذا قضت المحكمة المختصة بنقض الحكم وإعادة الدعوى إلى المحكمة التي أصدرت الحكم المعترض عليه أو إلى محكمةأخرى.

[Retrieved Article 3]
Law: نظام التكاليف القضائية
Article: المادة الثانيةعشرة
Text: المادة الثانيةعشرة
١.فيما عدا طلب النقض وطلب التماس إعادة النظرء لايحول عدم دفع التكاليف القضائية دون قيد المحكمة للدعوى أو قيد الطلب والبت فيهماء ويكون تحصيلها وفقاً للإجراءاتالتي
تحددهااللائحة.
؟.يُمهل طالب النقض وطالب التماس إعادة النظر مدة (ثلاثين) يوماً من تاريخ قيد الطلب لدى المحكمة المختصة لسداد التكاليف القضائية المحددة للطلب؛ فإن لم يقم بالسداد خلالهذه
المدة» تحكم المحكمة بسقوط حقه في الطلبء ويُعد الحكمنهائياً.",1.0,1.0,0.0,1.0,2.0,"{
  ""correctness"": 4,
  ""faithfulness"": 3,
  ""arabic_quality"": 4,
  ""hallucination"": 0,
  ""reason"": ""الإجابة دقيقة فيما يتعلق بحالات فرض التكاليف الإضافية عند إعادة نظر الدعوى، ولكنها تغفل ذكر نسبة التكاليف الإضافية كما هو مذكور في النص القانوني الذهبي. بالإضافة إلى ذلك، هناك بعض الأخطاء في الصياغة العربية.""
}",9.268015552001089,1038,False,True,4.0,3.0,4.0,0,الإجابة دقيقة فيما يتعلق بحالات فرض التكاليف الإضافية عند إعادة نظر الدعوى، ولكنها تغفل ذكر نسبة التكاليف الإضافية كما هو مذكور في النص القانوني الذهبي. بالإضافة إلى ذلك، هناك بعض الأخطاء في الصياغة العربية.
Q008,Qwen3-8B,"{
  ""answer_ar"": ""إذا تم شطب الدعوى ثم نظرها مجددًا، فإن المحكمة تفرض تكاليف قضائية إضافية تعادل نسبة 59/59 من تكاليف نظر الدعوى في المرة الأولى، ويتحمل المدعي التكاليف الإضافية حتى لو حكم لصالحه."",
  ""citations"": [
    {""law"": ""نظام التكاليف القضائية"", ""article"": ""المادة الرابعة""}
  ],
  ""insufficient_context"": false
}",13.419609704000322,765,False,True,إذا تم شطب الدعوى ثم نظرها مجددًا، فإن المحكمة تفرض تكاليف قضائية إضافية تعادل نسبة 59/59 من تكاليف نظر الدعوى في المرة الأولى، ويتحمل المدعي التكاليف الإضافية حتى لو حكم لصالحه.,"[{'law': 'نظام التكاليف القضائية', 'article': 'المادة الرابعة'}]",False,formal_paraphrase,ما أثر شطب الدعوى ثم نظرها مجددًا على التكاليف القضائية؟,نظام التكاليف القضائية,المادة الرابعة,نظامالتكاليفالقضايية||المادةالرابعة,"المادة الرابعة
إذا قررت المحكمة شطب الدعوىء أو حكمت باعتبارها كأن لم تكن» أو بعدم قبولها لعدم تحريرها؛ فتفرض تكاليف قضائية إضافية في حال نظرها مجدداً بما يعادل نسبة(/59؟)
من تكاليف نظر الدعوى في المرة الأولى» ويتحمل المدعي التكاليف الإضافية لنظرها ولو حكم لصالحه في موضوعالدعوى.","[('نظام التكاليف القضائية', 'المادة الرابعة'), ('نظام التكاليف القضائية', 'المادة الثانيةعشرة'), ('نظام التكاليف القضائية', 'المادة التاسعة')]","['نظامالتكاليفالقضايية||المادةالرابعة', 'نظامالتكاليفالقضايية||المادةالثانيةعشرة', 'نظامالتكاليفالقضايية||المادةالتاسعة']",True,"User Query:
ما أثر شطب الدعوى ثم نظرها مجددًا على التكاليف القضائية؟

[Retrieved Article 1]
Law: نظام التكاليف القضائية
Article: المادة الرابعة
Text: المادة الرابعة
إذا قررت المحكمة شطب الدعوىء أو حكمت باعتبارها كأن لم تكن» أو بعدم قبولها لعدم تحريرها؛ فتفرض تكاليف قضائية إضافية في حال نظرها مجدداً بما يعادل نسبة(/59؟)
من تكاليف نظر الدعوى في المرة الأولى» ويتحمل المدعي التكاليف الإضافية لنظرها ولو حكم لصالحه في موضوعالدعوى.

[Retrieved Article 2]
Law: نظام التكاليف القضائية
Article: المادة الثانيةعشرة
Text: المادة الثانيةعشرة
١.فيما عدا طلب النقض وطلب التماس إعادة النظرء لايحول عدم دفع التكاليف القضائية دون قيد المحكمة للدعوى أو قيد الطلب والبت فيهماء ويكون تحصيلها وفقاً للإجراءاتالتي
تحددهااللائحة.
؟.يُمهل طالب النقض وطالب التماس إعادة النظر مدة (ثلاثين) يوماً من تاريخ قيد الطلب لدى المحكمة المختصة لسداد التكاليف القضائية المحددة للطلب؛ فإن لم يقم بالسداد خلالهذه
المدة» تحكم المحكمة بسقوط حقه في الطلبء ويُعد الحكمنهائياً.

[Retrieved Article 3]
Law: نظام التكاليف القضائية
Article: المادة التاسعة
Text: المادة التاسعة
إذا ترتب على الطلب تغير في تقدير قيمة الدعوى سواء بالزيادة أو النقص» فتُحسب التكاليف القضائية للدعوى بناء على تقدير القيمة الجديدة لهاء وذلك مع عدم الإخلالبالتكاليف
القضائية المحددة للطلبذاته.",1.0,1.0,0.0,1.0,1.0,"```json
{
  ""correctness"": 4,
  ""faithfulness"": 3,
  ""arabic_quality"": 4,
  ""hallucination"": 0,
  ""reason"": ""الإجابة دقيقة فيما يتعلق بالتكاليف الإضافية، ولكن هناك خطأ في الرقم المذكور (59/59 بدلاً من 59%)، وهو ما يمكن تصحيحه.""
}
```",7.09469904999969,1010,False,True,4.0,3.0,4.0,0,الإجابة دقيقة فيما يتعلق بالتكاليف الإضافية، ولكن هناك خطأ في الرقم المذكور (59/59 بدلاً من 59%)، وهو ما يمكن تصحيحه.
Q009,Qwen3-8B,"{
  ""answer_ar"": ""نعم، إذا انشطبت القضية ورجعت رفعتها، فهناك احتمال لدفع زيادة، وذلك وفقاً لنص المادة الحادية والسبعون بعدالستمائة من نظام المعاملات المدنية، حيث يحدد النظام حالات الزيادة التي يتحمل فيها المشتري أو الشفيع تكاليفها."",
  ""citations"": [
    {""law"": ""نظام المعاملات المدنية"", ""article"": ""المادة الحادية والسبعون بعدالستمائة""}
  ],
  ""insufficient_context"": false
}",15.926455308000186,1562,False,True,نعم، إذا انشطبت القضية ورجعت رفعتها، فهناك احتمال لدفع زيادة، وذلك وفقاً لنص المادة الحادية والسبعون بعدالستمائة من نظام المعاملات المدنية، حيث يحدد النظام حالات الزيادة التي يتحمل فيها المشتري أو الشفيع تكاليفها.,"[{'law': 'نظام المعاملات المدنية', 'article': 'المادة الحادية والسبعون بعدالستمائة'}]",False,informal,إذا انشطبت القضية ورجعت رفعتها، أدفع زيادة؟,نظام التكاليف القضائية,المادة الرابعة,نظامالتكاليفالقضايية||المادةالرابعة,"المادة الرابعة
إذا قررت المحكمة شطب الدعوىء أو حكمت باعتبارها كأن لم تكن» أو بعدم قبولها لعدم تحريرها؛ فتفرض تكاليف قضائية إضافية في حال نظرها مجدداً بما يعادل نسبة(/59؟)
من تكاليف نظر الدعوى في المرة الأولى» ويتحمل المدعي التكاليف الإضافية لنظرها ولو حكم لصالحه في موضوعالدعوى.","[('نظام المعاملات المدنية', 'المادة الحادية والسبعون بعدالستمائة'), ('نظام التكاليف القضائية', 'المادة التاسعة'), ('نظام المعاملات المدنية', 'المادة الحادية والسبعون بعدالأربعمائة')]","['نظامالمعاملاتالمدنية||المادةالحاديةوالسبعونبعدالستماية', 'نظامالتكاليفالقضايية||المادةالتاسعة', 'نظامالمعاملاتالمدنية||المادةالحاديةوالسبعونبعدالاربعماية']",False,"User Query:
إذا انشطبت القضية ورجعت رفعتها، أدفع زيادة؟

[Retrieved Article 1]
Law: نظام المعاملات المدنية
Article: المادة الحادية والسبعون بعدالستمائة
Text: المادة الحادية والسبعون بعدالستمائة
-١ إذا زاد المشتري في العقار المشفوع شيئاً من ماله أو بنى أو غرس فيه قبل إعلام الشفيع البائع والمشتري برغبته في الشفعة؛ فعلى الشفيع إذاأخذ
بالشفعة أن يدفع -تبعاً لما يختاره المشتري- مقدار ما أنفقه أو ما زاد في قيمة العقار بسبب زيادة المشتري أو بنائه أوغراسه.
-١ إذا كانت الزيادة أو البناء أو الغراس بعد الإعلام؛ فللشفيع إذا أخذ بالشفعة أن يطلب الإزالة على نفقة المشتري مع التعويض إن كان له مقتضء أوأن
يستبقي البناء أو الغراس على أن يدفع للمشتر ي ما أنفقه أو ما زاد في قيمة العقار ب بسبب زيادة ١ لمشتري أو بنائه أوغراسه.
""- إذا نقص العقار المشفوع بغير فعل المشتري أو بفعله قبل الإعلام؛ فللشفيع أخذه بكل الثمن أو تركه. ويحط عن الشفيع من ثمنه قيمة ما نقصبفعل
المشتري بعدالإعلام.
-١ إذا زاد المشتري في العقار المشفوع شيئاً من ماله أو بنى أو غرس فيه قبل إعلام الشفيع البائع والمشتري برغبته في الشفعة؛ فعلى الشفيع إذا أخذ بالشفعة أن يدفع -تبعاً لمايختاره
المشتري- مقدار ما أنفقه أو ما زاد في قيمة العقار بسبب زيادة المشتري أو بنائه أوغراسه.
؟- إذا كانت الزيادة أو البناء أو الغراس بعد الإعلام؛ فللشفيع إذا أخذ بالشفعة أن يطلب الإزالة على نفقة المشتري مع التعويض إن كان له مقتضء أو أن يستبقي البناء أو الغراسعلى
أن يدفع للمشتري ما أنفقه أو ما زاد في قيمة العقار بسبب زيادة المشتري أو بنائه أوغراسه.
إذا نقص العقار المشفوع بغير فعل المشتري أو بفعله قبل الإعلام؛ فللشفيع أخذه بكل الثمن أو تركه» ويحط عن الشفيع من ثمنه قيمة ما نقص بفعل المشتري بعدالإعلام.

[Retrieved Article 2]
Law: نظام التكاليف القضائية
Article: المادة التاسعة
Text: المادة التاسعة
إذا ترتب على الطلب تغير في تقدير قيمة الدعوى سواء بالزيادة أو النقص» فتُحسب التكاليف القضائية للدعوى بناء على تقدير القيمة الجديدة لهاء وذلك مع عدم الإخلالبالتكاليف
القضائية المحددة للطلبذاته.

[Retrieved Article 3]
Law: نظام المعاملات المدنية
Article: المادة الحادية والسبعون بعدالأربعمائة
Text: المادة الحادية والسبعون بعدالأربعمائة
-١ إذا تم عقد المقاولة بموجب تصميم متفق عليه مقابل أجِرٍ إجماليّ فليس للمقاول أن يطالب بأيّ زيادةٍ في الأجر ولو ارتفعت أسعار المواد المستخدمةفي
؟- ليس للمقاول إذا حدث في التصميم تعديل أو إضافة أن يطالب بأي زيادة في الأجر إلا إذا كان ذلك راجعاً إلى خطأ صاحب العمل أو كان بإذنه واتفقمع
المقاول على الزيادة فيالأجر.
""- إذا انهار التوازن العقدي بين التزامات كل من صاحب العمل والمقاول بسبب ظروف استثنائية عامّةٍ لم يكن في الوسع توقعها وقت التعاقد وتداعىبذلك
الأساس الذي قام عليه التقدير المالي لعقد المقاولة» فللمحكمة تبعاً للظروف بعد الموازنة بين مصلحة الطرفين أن تقضي بإعادة التوازن العقديء بما فيذلك
تمديد مدة التنفيذ أو زيادة الأجر أو إنقاصه؛ أو أن تقضي بفسخالعقد.
-١ إذا تم عقد المقاولة بموجب تصميم متفق عليه مقابل أجرٍ إجماليّ فليس للمقاول أن يطالب بأيّ زيادةٍ في الأجر ولو ارتفعت أسعار المواد المستخدمة في العمل أو ارتفعتأجور
العمال أو غيرها منالنفقات.
""- ليس للمقاول إذا حدث في التصميم تعديل أو إضافة أن يطالب بأي زيادة في الأجر إلا إذا كان ذلك راجعاً إلى خطأ صاحب العمل أو كان بإذنه واتفق مع المقاول على الزيادةفي
الأجر.
""- إذا انهار التوازن العقدي بين التزامات كل من صاحب العمل والمقاول بسبب ظروف استثنائيةٍ عامَّةٍ لم يكن في الوسع توقعها وقت التعاقد وتداعى بذلك الأساس الذي قامعليه
التقدير المالي لعقد المقاولة» فللمحكمة تبعاً للظلروف بعد الموازنة بين مصلحة الطرفين أن تقضي بإعادة التوازن العقديء؛ بما في ذلك تمديد مدة التنفيذ أو زيادة الأجر أو إنقاصه؛أو
أن تقضي بفسخالعقد.",1.0,1.0,0.0,0.0,1.0,"```json
{
  ""correctness"": 2,
  ""faithfulness"": 1,
  ""arabic_quality"": 4,
  ""hallucination"": 1,
  ""reason"": ""الإجابة غير دقيقة لأن النص القانوني المرجعي الذهبي يتعلق بتكاليف قضائية إضافية وليس بحالات الزيادة المالية. بالإضافة إلى ذلك، النص المسترجع غير متعلق بالقضية المرجوة.""
}
```",10.41638102700017,1809,False,True,2.0,1.0,4.0,1,الإجابة غير دقيقة لأن النص القانوني المرجعي الذهبي يتعلق بتكاليف قضائية إضافية وليس بحالات الزيادة المالية. بالإضافة إلى ذلك، النص المسترجع غير متعلق بالقضية المرجوة.
Q010,Qwen3-8B,"{
  ""answer_ar"": ""تكاليف دعوى بطلان حكم التحكيم تُفرض بنسبة 190% من قيمة المبلغ المحكوم به على مدعي البطلان، إذا حكم برفض طلبه، وبحد أقصى مليون ريال."",
  ""citations"": [
    {""law"": ""نظام التكاليف القضائية"", ""article"": ""المادة الخامسة""}
  ],
  ""insufficient_context"": false
}",12.042565776999254,1242,False,True,تكاليف دعوى بطلان حكم التحكيم تُفرض بنسبة 190% من قيمة المبلغ المحكوم به على مدعي البطلان، إذا حكم برفض طلبه، وبحد أقصى مليون ريال.,"[{'law': 'نظام التكاليف القضائية', 'article': 'المادة الخامسة'}]",False,formal_direct,ما التكاليف القضائية المترتبة على دعوى بطلان حكم التحكيم؟,نظام التكاليف القضائية,المادة الخامسة,نظامالتكاليفالقضايية||المادةالخامسة,"المادة الخامسة
تُفرض على دعوى بطلان حكم التحكيم تكاليف قضائية بما نسبته )١190( من قيمة المبلغ المحكوم به على مدعي البطلان؛ إذا حكم برفض طلبه؛ وبحد أعلى مليونربال.","[('نظام التكاليف القضائية', 'المادة الخامسة'), ('نظام التحكيم', 'المادة الحاديةوالخمسون'), ('نظام التحكيم', 'المادة الخمسونمعدلة')]","['نظامالتكاليفالقضايية||المادةالخامسة', 'نظامالتحكيم||المادةالحاديةوالخمسون', 'نظامالتحكيم||المادةالخمسونمعدلة']",True,"User Query:
ما التكاليف القضائية المترتبة على دعوى بطلان حكم التحكيم؟

[Retrieved Article 1]
Law: نظام التكاليف القضائية
Article: المادة الخامسة
Text: المادة الخامسة
تُفرض على دعوى بطلان حكم التحكيم تكاليف قضائية بما نسبته )١190( من قيمة المبلغ المحكوم به على مدعي البطلان؛ إذا حكم برفض طلبه؛ وبحد أعلى مليونربال.

[Retrieved Article 2]
Law: نظام التحكيم
Article: المادة الحاديةوالخمسون
Text: المادة الحاديةوالخمسون
-١ ترفع دعوى بطلان حكم التحكيم من أي من طرفيه خلال الستين يوماً التالية لتاريخ إبلاغ ذلك الطرف بالحكم. ولا يحول تنازل مدعي البطلان عن حقه في رفعها قبل صدورحكم
التحكيم دون قبولالدعوى.
-١ إذا حكمت المحكمة المختصة بتأييد حكم التحكيم وجب عليها أن تأمر بتنفيذه» ويكون حكمها في ذلك غير قابل للطعن بأي طريق من طرق الطعن. أما إذا حكمت ببطلانحكم
التحكيم» فيكون حكمها قابلاآً لالطعن خلال ثلاثين يوماً من اليوم التاليللتبليغ.
هه اع ٠. مرو ه *
الباب السابع حجية أحكام المحكمينوتنفيدها

[Retrieved Article 3]
Law: نظام التحكيم
Article: المادة الخمسونمعدلة
Text: المادة الخمسونمعدلة
-١ لا تقبل دعوى بطلان حكم التحكيم إلا في الأحوالالآتية:
أ- إذا لم يوجد اتفاق تحكيم أو كان هذا الاتفاق باطلاً» أو قابلاً للإبطال» أو سقط بانتهاءمدته.
ب- إذا كان أحد طرفي اتفاق التحكيم وقت إبرامه عديم الأهلية» أو ناقصهاء وفقاً للنظام الذي يحكمأهليته.
ج- إذا تعذر على أحد طرفي التحكيم تقديم دفاعه بسبب عدم إبلاغه إبلاغاً صحيحاً بتعيين محكم أو بإجراءات التحكيم؛ أو لأي سبب آخر خارج عنإرادته.
د- إذا استبعد حكم التحكيم تطبيق أي من القواعد النظامية التي اتفق طرفا التحكيم على تطبيقها على موضوعالنزاع.
ه إذا شكلت هيئة التحكيم أو عين المحكمون على وجه مخالف لهذا النظام» أو لاتفاقالطرفين.
و- إذا فصل حكم التحكيم في مسائل لا يشملها اتفاق التحكيم» ومع ذلك إذا أمكن فصل أجزاء الحكم الخاصة بالمسائل الخاضعة للتحكيم عن أجزائه الخاصة بالمسائل غيرالخاضعة
له فلا يقع البطلان إلا على الأجزاء غير الخاضعة للتحكيموحدها.
ز- إذا لم تراع هيئة التحكيم الشروط الواجب توافرها في الحكم على نحو أَثّر في مضمونه. أو استند الحكم على إجراءات تحكيم باطلة أنّرتفيه.
-١ تقضي المحكمة المختصة التي تنظر دعوى البطلان من تلقاء نفسها ببطلان حكم التحكيم إذا تضمن ما يخالف أحكام الشريعة الإسلامية والنظام العام في المملكة» أو ما اتفقعليه
طرفا التحكيم؛ أو إذا وجدت أن موضوع النزاع من المسائل التي لا يجوز التحكيم فيها بموجب هذا النظام.
-'٠ لا ينقضي اتفاق التحكيم بصدور حكم المحكمة المختصة ببطلان حكم التحكيم؛ ما لم يكن طرفا التحكيم قد اتفقا على ذلك؛ أو صدر حكم نص على إبطال اتفاقالتحكيم.
5- تنظر المحكمة المختصة في دعوى البطلان في الحالات المشار إليها في هذه المادة » دون أن يكون لها فحص وقائع وموضوعالنزاع.",1.0,1.0,0.0,1.0,1.0,"```json
{
  ""correctness"": 5,
  ""faithfulness"": 5,
  ""arabic_quality"": 5,
  ""hallucination"": 0,
  ""reason"": ""الإجابة دقيقة وموثقة من النص القانوني المرجعي الذهبي، وواضحة ومهنية باللغة العربية.""
}
```",7.094855887000449,1408,False,True,5.0,5.0,5.0,0,الإجابة دقيقة وموثقة من النص القانوني المرجعي الذهبي، وواضحة ومهنية باللغة العربية.
Q011,Qwen3-8B,"{
  ""answer_ar"": ""تكاليف دعوى بطلان حكم التحكيم تُحسب بنسبة 190% من قيمة المبلغ المحكوم به على مدعي البطلان، إذا رفض الطلب، وبحد أقصى مليون ريال."",
  ""citations"": [
    {""law"": ""نظام التكاليف القضائية"", ""article"": ""المادة الخامسة""}
  ],
  ""insufficient_context"": false
}",11.770751227999426,1242,False,True,تكاليف دعوى بطلان حكم التحكيم تُحسب بنسبة 190% من قيمة المبلغ المحكوم به على مدعي البطلان، إذا رفض الطلب، وبحد أقصى مليون ريال.,"[{'law': 'نظام التكاليف القضائية', 'article': 'المادة الخامسة'}]",False,formal_paraphrase,كيف تحسب تكاليف دعوى بطلان حكم التحكيم إذا رفض الطلب؟,نظام التكاليف القضائية,المادة الخامسة,نظامالتكاليفالقضايية||المادةالخامسة,"المادة الخامسة
تُفرض على دعوى بطلان حكم التحكيم تكاليف قضائية بما نسبته )١190( من قيمة المبلغ المحكوم به على مدعي البطلان؛ إذا حكم برفض طلبه؛ وبحد أعلى مليونربال.","[('نظام التكاليف القضائية', 'المادة الخامسة'), ('نظام التحكيم', 'المادة الحاديةوالخمسون'), ('نظام التحكيم', 'المادة الخمسونمعدلة')]","['نظامالتكاليفالقضايية||المادةالخامسة', 'نظامالتحكيم||المادةالحاديةوالخمسون', 'نظامالتحكيم||المادةالخمسونمعدلة']",True,"User Query:
كيف تحسب تكاليف دعوى بطلان حكم التحكيم إذا رفض الطلب؟

[Retrieved Article 1]
Law: نظام التكاليف القضائية
Article: المادة الخامسة
Text: المادة الخامسة
تُفرض على دعوى بطلان حكم التحكيم تكاليف قضائية بما نسبته )١190( من قيمة المبلغ المحكوم به على مدعي البطلان؛ إذا حكم برفض طلبه؛ وبحد أعلى مليونربال.

[Retrieved Article 2]
Law: نظام التحكيم
Article: المادة الحاديةوالخمسون
Text: المادة الحاديةوالخمسون
-١ ترفع دعوى بطلان حكم التحكيم من أي من طرفيه خلال الستين يوماً التالية لتاريخ إبلاغ ذلك الطرف بالحكم. ولا يحول تنازل مدعي البطلان عن حقه في رفعها قبل صدورحكم
التحكيم دون قبولالدعوى.
-١ إذا حكمت المحكمة المختصة بتأييد حكم التحكيم وجب عليها أن تأمر بتنفيذه» ويكون حكمها في ذلك غير قابل للطعن بأي طريق من طرق الطعن. أما إذا حكمت ببطلانحكم
التحكيم» فيكون حكمها قابلاآً لالطعن خلال ثلاثين يوماً من اليوم التاليللتبليغ.
هه اع ٠. مرو ه *
الباب السابع حجية أحكام المحكمينوتنفيدها

[Retrieved Article 3]
Law: نظام التحكيم
Article: المادة الخمسونمعدلة
Text: المادة الخمسونمعدلة
-١ لا تقبل دعوى بطلان حكم التحكيم إلا في الأحوالالآتية:
أ- إذا لم يوجد اتفاق تحكيم أو كان هذا الاتفاق باطلاً» أو قابلاً للإبطال» أو سقط بانتهاءمدته.
ب- إذا كان أحد طرفي اتفاق التحكيم وقت إبرامه عديم الأهلية» أو ناقصهاء وفقاً للنظام الذي يحكمأهليته.
ج- إذا تعذر على أحد طرفي التحكيم تقديم دفاعه بسبب عدم إبلاغه إبلاغاً صحيحاً بتعيين محكم أو بإجراءات التحكيم؛ أو لأي سبب آخر خارج عنإرادته.
د- إذا استبعد حكم التحكيم تطبيق أي من القواعد النظامية التي اتفق طرفا التحكيم على تطبيقها على موضوعالنزاع.
ه إذا شكلت هيئة التحكيم أو عين المحكمون على وجه مخالف لهذا النظام» أو لاتفاقالطرفين.
و- إذا فصل حكم التحكيم في مسائل لا يشملها اتفاق التحكيم» ومع ذلك إذا أمكن فصل أجزاء الحكم الخاصة بالمسائل الخاضعة للتحكيم عن أجزائه الخاصة بالمسائل غيرالخاضعة
له فلا يقع البطلان إلا على الأجزاء غير الخاضعة للتحكيموحدها.
ز- إذا لم تراع هيئة التحكيم الشروط الواجب توافرها في الحكم على نحو أَثّر في مضمونه. أو استند الحكم على إجراءات تحكيم باطلة أنّرتفيه.
-١ تقضي المحكمة المختصة التي تنظر دعوى البطلان من تلقاء نفسها ببطلان حكم التحكيم إذا تضمن ما يخالف أحكام الشريعة الإسلامية والنظام العام في المملكة» أو ما اتفقعليه
طرفا التحكيم؛ أو إذا وجدت أن موضوع النزاع من المسائل التي لا يجوز التحكيم فيها بموجب هذا النظام.
-'٠ لا ينقضي اتفاق التحكيم بصدور حكم المحكمة المختصة ببطلان حكم التحكيم؛ ما لم يكن طرفا التحكيم قد اتفقا على ذلك؛ أو صدر حكم نص على إبطال اتفاقالتحكيم.
5- تنظر المحكمة المختصة في دعوى البطلان في الحالات المشار إليها في هذه المادة » دون أن يكون لها فحص وقائع وموضوعالنزاع.",1.0,1.0,0.0,1.0,1.0,"```json
{
  ""correctness"": 5,
  ""faithfulness"": 5,
  ""arabic_quality"": 5,
  ""hallucination"": 0,
  ""reason"": ""الإجابة دقيقة وموثقة من النص القانوني المرجعي الذهبي، وواضحة ومهنية باللغة العربية.""
}
```

**سبب مختصر:**
- **correctness (دقة):** الإجابة دقيقة حيث أنها تتبع بدقة النص القانوني المرجعي الذهبي.
- **faithfulness (ولاء):** الإجابة متوافقة تماماً مع السياق المسترجع، حيث تم ذكر نفس المعلومات الدقيقة.
- **arabic_quality (جودة اللغة العربية):** الإجابة واضحة ومهنية باللغة العربية.
- **hallucination (تخيل):** الإجابة لا تحتوي على أي ادعاءات قانونية مادية غير مدعومة بالسياق المسترجع.",17.53155270299976,1405,False,True,5.0,5.0,5.0,0,الإجابة دقيقة وموثقة من النص القانوني المرجعي الذهبي، وواضحة ومهنية باللغة العربية.
Q012,Qwen3-8B,"{
  ""answer_ar"": ""في حالة طلب إبطال حكم تحكيم ورفض الطلب، تكون التكاليف القضائية بنسبة 190% من قيمة المبلغ المحكوم به، وبحد أقصى مليون ريال، وفقاً للمادة الخامسة من نظام التكاليف القضائية."",
  ""citations"": [
    {""law"": ""نظام التكاليف القضائية"", ""article"": ""المادة الخامسة""}
  ],
  ""insufficient_context"": false
}",11.989995533000185,854,False,True,في حالة طلب إبطال حكم تحكيم ورفض الطلب، تكون التكاليف القضائية بنسبة 190% من قيمة المبلغ المحكوم به، وبحد أقصى مليون ريال، وفقاً للمادة الخامسة من نظام التكاليف القضائية.,"[{'law': 'نظام التكاليف القضائية', 'article': 'المادة الخامسة'}]",False,informal,لو طلبت إبطال حكم تحكيم وانرفض، كم تكون التكاليف؟,نظام التكاليف القضائية,المادة الخامسة,نظامالتكاليفالقضايية||المادةالخامسة,"المادة الخامسة
تُفرض على دعوى بطلان حكم التحكيم تكاليف قضائية بما نسبته )١190( من قيمة المبلغ المحكوم به على مدعي البطلان؛ إذا حكم برفض طلبه؛ وبحد أعلى مليونربال.","[('نظام التكاليف القضائية', 'المادة الخامسة'), ('اللائحة التنفيذية لنظام التكاليف القضائية', 'المادة السادسة'), ('نظام التكاليف القضائية', 'المادة الثامنة')]","['نظامالتكاليفالقضايية||المادةالخامسة', 'اللايحةالتنفيذيةلنظامالتكاليفالقضايية||المادةالسادسة', 'نظامالتكاليفالقضايية||المادةالثامنة']",True,"User Query:
لو طلبت إبطال حكم تحكيم وانرفض، كم تكون التكاليف؟

[Retrieved Article 1]
Law: نظام التكاليف القضائية
Article: المادة الخامسة
Text: المادة الخامسة
تُفرض على دعوى بطلان حكم التحكيم تكاليف قضائية بما نسبته )١190( من قيمة المبلغ المحكوم به على مدعي البطلان؛ إذا حكم برفض طلبه؛ وبحد أعلى مليونربال.

[Retrieved Article 2]
Law: اللائحة التنفيذية لنظام التكاليف القضائية
Article: المادة السادسة
Text: المادة السادسة
تُقدّر التكاليف القضائية للطلبات الواردة في المادة (السابعة) من النظام على النحوالآتي:
-١ طلب التماس إعادة النظر؛ عشرة آلافربإل.
-١ طلب النقض؛ سبعة آلافربال.
""- طلب الاستئناف؛ خمسة آلافربإل.
3 - طلب الإدخال من الخصومء» وطلب الردء وطلب تصحيح الحكم أو تفسيره» وطلب وقف تنفيذ الحكم ألفاربال.
5- الطلب العارض؛ ألفربال.
5- طلب أحد الخصوم السير في الدعوى الموقوفة اتفاقاً قبل انتهاء المدة المتفق عليها لوقف الخصومة؛ مائةربال.

[Retrieved Article 3]
Law: نظام التكاليف القضائية
Article: المادة الثامنة
Text: المادة الثامنة
١.تُقرض على الطلبات الآتية تكاليف قضائية بمبلغ لا يزيد على ألف ريال وفقاً للمعايير والضوابط وقواعد التقدير التي تحددهااللائحة:
أ- طلب ذي المصلحة تسليمه نسخة مصدقة من أوراق الدعوى أو سجلاتها -الورقية أو الإلكترونية- أو الوثائق أو الأوراق التي تحت يدالمحكمة.
ب- طلب ذي المصلحة الاطلاع على أوراق الدعوى أو سجلاتها (الورقية أوالإلكترونية).
ج- طلب نسخة بديلة للوثائقالقضائية.
؟. لا تسري أحكام الفقرة )١( من هذه المادة على الطلبات التي تقدم أثناء نظر الدعوى من أطرافها أو المدخلينفيها.",1.0,1.0,0.0,1.0,1.0,"```json
{
  ""correctness"": 4,
  ""faithfulness"": 4,
  ""arabic_quality"": 4,
  ""hallucination"": 0,
  ""reason"": ""الإجابة دقيقة وموثقة من النص القانوني المرجعي الذهبي، وواضحة ومكتوبة بشكل محترف باللغة العربية.""
}
```",6.685765074000301,1030,False,True,4.0,4.0,4.0,0,الإجابة دقيقة وموثقة من النص القانوني المرجعي الذهبي، وواضحة ومكتوبة بشكل محترف باللغة العربية.
Q013,Qwen3-8B,"{
  ""answer_ar"": ""الطلبات التي يجوز فرض تكاليف قضائية عليها بما لا يتجاوز عشرة آلاف ريال هي: الطلبات العارضة، طلبات الرد، طلب أحد الخصوم السير في الدعوى الموقوفة اتفاقاً قبل انتهاء المدة المتفق عليها لوقف الخصومة، طلب تصحيح الحكم أو تفسيره، والطلبات الأخرى التي تحددها اللائحة."",
  ""citations"": [
    {""law"": ""نظام التكاليف القضائية"", ""article"": ""المادة السابعة""}
  ],
  ""insufficient_context"": false
}",15.435314965000543,811,False,True,الطلبات التي يجوز فرض تكاليف قضائية عليها بما لا يتجاوز عشرة آلاف ريال هي: الطلبات العارضة، طلبات الرد، طلب أحد الخصوم السير في الدعوى الموقوفة اتفاقاً قبل انتهاء المدة المتفق عليها لوقف الخصومة، طلب تصحيح الحكم أو تفسيره، والطلبات الأخرى التي تحددها اللائحة.,"[{'law': 'نظام التكاليف القضائية', 'article': 'المادة السابعة'}]",False,formal_direct,ما الطلبات التي يجوز فرض تكاليف قضائية عليها بما لا يتجاوز عشرة آلاف ريال؟,نظام التكاليف القضائية,المادة السابعة,نظامالتكاليفالقضايية||المادةالسابعة,"المادة السابعة
ثفرض على الطلبات الآتية تكاليف قضائية بمبلغ لا يزيد على عشرة آلاف ربالء وفقاً للمعايير والضوابط وقواعد التقدير التي تحددهااللائحة:
"".الطلباتالعارضة.
:.طلباتالرد.
5.طلب أحد الخصوم السير في الدعوى الموقوفة اتفاقاً قبل انتهاء المدة المتفق عليها لوقفالخصومة.
""إطلب تصحيح الحكم أوتفسيرة.
.الطلبات الأخرى التي تحددهااللائحة.","[('نظام التكاليف القضائية', 'المادة السابعة'), ('نظام التكاليف القضائية', 'المادة الثالثة'), ('نظام التكاليف القضائية', 'المادة الثامنة')]","['نظامالتكاليفالقضايية||المادةالسابعة', 'نظامالتكاليفالقضايية||المادةالثالثة', 'نظامالتكاليفالقضايية||المادةالثامنة']",True,"User Query:
ما الطلبات التي يجوز فرض تكاليف قضائية عليها بما لا يتجاوز عشرة آلاف ريال؟

[Retrieved Article 1]
Law: نظام التكاليف القضائية
Article: المادة السابعة
Text: المادة السابعة
ثفرض على الطلبات الآتية تكاليف قضائية بمبلغ لا يزيد على عشرة آلاف ربالء وفقاً للمعايير والضوابط وقواعد التقدير التي تحددهااللائحة:
"".الطلباتالعارضة.
:.طلباتالرد.
5.طلب أحد الخصوم السير في الدعوى الموقوفة اتفاقاً قبل انتهاء المدة المتفق عليها لوقفالخصومة.
""إطلب تصحيح الحكم أوتفسيرة.
.الطلبات الأخرى التي تحددهااللائحة.

[Retrieved Article 2]
Law: نظام التكاليف القضائية
Article: المادة الثالثة
Text: المادة الثالثة
تفرض تكاليف قضائية على الدعوى بمبلغ لا يزيد على ما نسبته (590) من قيمة المطالبة» وبحد أعلى مبلغ مليون ريال. وتحدد اللائحة معايير تقدير التكاليف القضائيةوالضوابط
والقواعد المنظمةلذلك.

[Retrieved Article 3]
Law: نظام التكاليف القضائية
Article: المادة الثامنة
Text: المادة الثامنة
١.تُقرض على الطلبات الآتية تكاليف قضائية بمبلغ لا يزيد على ألف ريال وفقاً للمعايير والضوابط وقواعد التقدير التي تحددهااللائحة:
أ- طلب ذي المصلحة تسليمه نسخة مصدقة من أوراق الدعوى أو سجلاتها -الورقية أو الإلكترونية- أو الوثائق أو الأوراق التي تحت يدالمحكمة.
ب- طلب ذي المصلحة الاطلاع على أوراق الدعوى أو سجلاتها (الورقية أوالإلكترونية).
ج- طلب نسخة بديلة للوثائقالقضائية.
؟. لا تسري أحكام الفقرة )١( من هذه المادة على الطلبات التي تقدم أثناء نظر الدعوى من أطرافها أو المدخلينفيها.",1.0,1.0,0.0,1.0,1.0,"```json
{
  ""correctness"": 5,
  ""faithfulness"": 5,
  ""arabic_quality"": 5,
  ""hallucination"": 0,
  ""reason"": ""الإجابة دقيقة وموثقة من النص القانوني المرجعي الذهبي، وتم تقديم جميع الطلبات المذكورة بشكل صحيح وفق السياق المسترجع.""
}
```",7.883993696999823,1086,False,True,5.0,5.0,5.0,0,الإجابة دقيقة وموثقة من النص القانوني المرجعي الذهبي، وتم تقديم جميع الطلبات المذكورة بشكل صحيح وفق السياق المسترجع.
Q014,Qwen3-8B,"{
  ""answer_ar"": ""التكاليف المقررة على الطلبات العارضة وطلبات الرد وطلب تصحيح الحكم أو تفسيره هي ألف ربال لكل طلب، وفقاً للمادة السادسة عشرة من نظام التكاليف القضائية."",
  ""citations"": [
    {""law"": ""نظام التكاليف القضائية"", ""article"": ""المادة السادسة عشرة""}
  ],
  ""insufficient_context"": false
}",11.813363276000018,998,False,True,التكاليف المقررة على الطلبات العارضة وطلبات الرد وطلب تصحيح الحكم أو تفسيره هي ألف ربال لكل طلب، وفقاً للمادة السادسة عشرة من نظام التكاليف القضائية.,"[{'law': 'نظام التكاليف القضائية', 'article': 'المادة السادسة عشرة'}]",False,formal_paraphrase,ما التكاليف المقررة على الطلبات العارضة وطلبات الرد وتصحيح الأحكام؟,نظام التكاليف القضائية,المادة السابعة,نظامالتكاليفالقضايية||المادةالسابعة,"المادة السابعة
ثفرض على الطلبات الآتية تكاليف قضائية بمبلغ لا يزيد على عشرة آلاف ربالء وفقاً للمعايير والضوابط وقواعد التقدير التي تحددهااللائحة:
"".الطلباتالعارضة.
:.طلباتالرد.
5.طلب أحد الخصوم السير في الدعوى الموقوفة اتفاقاً قبل انتهاء المدة المتفق عليها لوقفالخصومة.
""إطلب تصحيح الحكم أوتفسيرة.
.الطلبات الأخرى التي تحددهااللائحة.","[('نظام التكاليف القضائية', 'المادة السابعة'), ('اللائحة التنفيذية لنظام التكاليف القضائية', 'المادة السادسة'), ('نظام التكاليف القضائية', 'المادة السادسةعشرة')]","['نظامالتكاليفالقضايية||المادةالسابعة', 'اللايحةالتنفيذيةلنظامالتكاليفالقضايية||المادةالسادسة', 'نظامالتكاليفالقضايية||المادةالسادسةعشرة']",True,"User Query:
ما التكاليف المقررة على الطلبات العارضة وطلبات الرد وتصحيح الأحكام؟

[Retrieved Article 1]
Law: نظام التكاليف القضائية
Article: المادة السابعة
Text: المادة السابعة
ثفرض على الطلبات الآتية تكاليف قضائية بمبلغ لا يزيد على عشرة آلاف ربالء وفقاً للمعايير والضوابط وقواعد التقدير التي تحددهااللائحة:
"".الطلباتالعارضة.
:.طلباتالرد.
5.طلب أحد الخصوم السير في الدعوى الموقوفة اتفاقاً قبل انتهاء المدة المتفق عليها لوقفالخصومة.
""إطلب تصحيح الحكم أوتفسيرة.
.الطلبات الأخرى التي تحددهااللائحة.

[Retrieved Article 2]
Law: اللائحة التنفيذية لنظام التكاليف القضائية
Article: المادة السادسة
Text: المادة السادسة
تُقدّر التكاليف القضائية للطلبات الواردة في المادة (السابعة) من النظام على النحوالآتي:
-١ طلب التماس إعادة النظر؛ عشرة آلافربإل.
-١ طلب النقض؛ سبعة آلافربال.
""- طلب الاستئناف؛ خمسة آلافربإل.
3 - طلب الإدخال من الخصومء» وطلب الردء وطلب تصحيح الحكم أو تفسيره» وطلب وقف تنفيذ الحكم ألفاربال.
5- الطلب العارض؛ ألفربال.
5- طلب أحد الخصوم السير في الدعوى الموقوفة اتفاقاً قبل انتهاء المدة المتفق عليها لوقف الخصومة؛ مائةربال.

[Retrieved Article 3]
Law: نظام التكاليف القضائية
Article: المادة السادسةعشرة
Text: المادة السادسةعشرة
ترد التكاليف القضائية المدفوعة متى تبين عدم وجوبها على دافعها أو استفادته من حالة من حالات الإعفاء ومن ذلكمايأتي:
١.إذا حكم لمصلحة دافع التكاليفالقضائية.
؟.طلب رد القاضي أو القضاة إذا قبل طلبالرد.
”.طلب تصحيح الحكم أو تفسيره إذا قضي بإجابةالطلب.
4.طلب الاستئناف إذا حكم بنقض الحكم المستأنف كلياً» وإذا نقض الحكم جزئياً فيعفى بقدر ذلك الجزءء وطلب النقض إذا قضي فيه بإعادة القضية إلى المحكمة مصدرةالحكم
المعترضعليه.
5.إذا ترك المدعي عليه دعواه قبل عقد الجلسة الأولى؛ وفقاً للإجراءاتالنظامية.
"".الدعاوى التي تنتهي بالصلح قبل رفع الجلسةالأولى.
.الدعاوى المتعلقة بالحقوق الخاصة التي ترفع بالتبعية للقضايا الجزائية إذا انتهت بالصلح على أي حال كانت فيهاالدعوى.
وتحدد اللائحة الإجراءات والقواعد الخاصةبذلك.",1.0,1.0,0.0,0.0,1.0,"```json
{
  ""correctness"": 2,
  ""faithfulness"": 1,
  ""arabic_quality"": 4,
  ""hallucination"": 1,
  ""reason"": ""الإجابة غير دقيقة لأن التكاليف المحددة في النص القانوني الذهبي هي عشرة آلاف ربا لجميع هذه الطلبات، وليس ألف ربا كما ذكرت. هذا غير دقيق ومخالف للنص القانوني.""
}
```",8.298927050000202,1232,False,True,2.0,1.0,4.0,1,الإجابة غير دقيقة لأن التكاليف المحددة في النص القانوني الذهبي هي عشرة آلاف ربا لجميع هذه الطلبات، وليس ألف ربا كما ذكرت. هذا غير دقيق ومخالف للنص القانوني.
Q015,Qwen3-8B,"{
  ""answer_ar"": ""الطلبات التي يمكن أن تصل رسومها إلى عشرة آلاف ربال هي: طلب التماس إعادة النظر، وطلب النقض، وطلب الاستئناف، وطلب الإدخال من الخصوم، وطلب الرد، وطلب تصحيح الحكم أو تفسيره، وطلب وقف تنفيذ الحكم، وطلب أحد الخصوم السير في الدعوى الموقوفة اتفاقاً قبل انتهاء المدة المتفق عليها لوقف الخصومة، وطلب العارض."",
  ""citations"": [
    {""law"": ""اللائحة التنفيذية لنظام التكاليف القضائية"", ""article"": ""المادة السادسة""},
    {""law"": ""نظام التكاليف القضائية"", ""article"": ""المادة السابعة""}
  ],
  ""insufficient_context"": false
}",20.02135019799971,938,False,True,الطلبات التي يمكن أن تصل رسومها إلى عشرة آلاف ربال هي: طلب التماس إعادة النظر، وطلب النقض، وطلب الاستئناف، وطلب الإدخال من الخصوم، وطلب الرد، وطلب تصحيح الحكم أو تفسيره، وطلب وقف تنفيذ الحكم، وطلب أحد الخصوم السير في الدعوى الموقوفة اتفاقاً قبل انتهاء المدة المتفق عليها لوقف الخصومة، وطلب العارض.,"[{'law': 'اللائحة التنفيذية لنظام التكاليف القضائية', 'article': 'المادة السادسة'}, {'law': 'نظام التكاليف القضائية', 'article': 'المادة السابعة'}]",False,informal,وش الطلبات اللي ممكن رسومها توصل لعشرة آلاف؟,نظام التكاليف القضائية,المادة السابعة,نظامالتكاليفالقضايية||المادةالسابعة,"المادة السابعة
ثفرض على الطلبات الآتية تكاليف قضائية بمبلغ لا يزيد على عشرة آلاف ربالء وفقاً للمعايير والضوابط وقواعد التقدير التي تحددهااللائحة:
"".الطلباتالعارضة.
:.طلباتالرد.
5.طلب أحد الخصوم السير في الدعوى الموقوفة اتفاقاً قبل انتهاء المدة المتفق عليها لوقفالخصومة.
""إطلب تصحيح الحكم أوتفسيرة.
.الطلبات الأخرى التي تحددهااللائحة.","[('اللائحة التنفيذية لنظام التكاليف القضائية', 'المادة السادسة'), ('نظام التكاليف القضائية', 'المادة السابعة'), ('اللائحة التنفيذية لنظام المحاكم التجارية', 'المادة الثانية والخمسون')]","['اللايحةالتنفيذيةلنظامالتكاليفالقضايية||المادةالسادسة', 'نظامالتكاليفالقضايية||المادةالسابعة', 'اللايحةالتنفيذيةلنظامالمحاكمالتجارية||المادةالثانيةوالخمسون']",True,"User Query:
وش الطلبات اللي ممكن رسومها توصل لعشرة آلاف؟

[Retrieved Article 1]
Law: اللائحة التنفيذية لنظام التكاليف القضائية
Article: المادة السادسة
Text: المادة السادسة
تُقدّر التكاليف القضائية للطلبات الواردة في المادة (السابعة) من النظام على النحوالآتي:
-١ طلب التماس إعادة النظر؛ عشرة آلافربإل.
-١ طلب النقض؛ سبعة آلافربال.
""- طلب الاستئناف؛ خمسة آلافربإل.
3 - طلب الإدخال من الخصومء» وطلب الردء وطلب تصحيح الحكم أو تفسيره» وطلب وقف تنفيذ الحكم ألفاربال.
5- الطلب العارض؛ ألفربال.
5- طلب أحد الخصوم السير في الدعوى الموقوفة اتفاقاً قبل انتهاء المدة المتفق عليها لوقف الخصومة؛ مائةربال.

[Retrieved Article 2]
Law: نظام التكاليف القضائية
Article: المادة السابعة
Text: المادة السابعة
ثفرض على الطلبات الآتية تكاليف قضائية بمبلغ لا يزيد على عشرة آلاف ربالء وفقاً للمعايير والضوابط وقواعد التقدير التي تحددهااللائحة:
"".الطلباتالعارضة.
:.طلباتالرد.
5.طلب أحد الخصوم السير في الدعوى الموقوفة اتفاقاً قبل انتهاء المدة المتفق عليها لوقفالخصومة.
""إطلب تصحيح الحكم أوتفسيرة.
.الطلبات الأخرى التي تحددهااللائحة.

[Retrieved Article 3]
Law: اللائحة التنفيذية لنظام المحاكم التجارية
Article: المادة الثانية والخمسون
Text: المادة الثانية والخمسون : الدعاوى والطلبات التي ترفع منمحام
يجب أن يكون رفع طلب النقض أو التماس إعادة النظر من محام.
يجب أن يكون الترافع أمام الدوائر الابتدائية ودوائر الاستئناف من محامء في الدعاوىالآتية:
أ - الدعاوى المنصوص عليها في الفقرات )١( و(١) و(5) و(4) من المادة السادسة عشرة من النظام؛ متى كانت قيمة المطالبة الأصلية تزيد على عشرة ملايينريال.
ب - الدعاوى المنصوص عليها في الفقرات (”*) و(5) و(1) و("") من المادة السادسة عشرة من النظام؛ متى كانت قيمة المطالبة الأصلية تزيد على مليونيريإل.
ج -الدعاوى المنصوص عليها في الفقرة (5) من المادة السادسة عشرة من النظام» متى كانت الدعوى تتعلق بطلب افتتاح إجراء إعادة تنظيممالي.",1.0,1.0,0.0,1.0,2.0,"```json
{
  ""correctness"": 4,
  ""faithfulness"": 3,
  ""arabic_quality"": 4,
  ""hallucination"": 0,
  ""reason"": ""الإجابة صحيحة بالنسبة للنص القانوني الذهبي، ولكنها تحتوي على بعض الطلب غير الداعم من السياق المسترجع.""
}
```

**تفصيل السبب:**
- **correctness (4):** الإجابة صحيحة لأنها تتبع النص القانوني الذهبي بشكل صحيح، حيث تذكر جميع الطلبات التي يمكن أن تصل رسومها إلى عشرة آلاف ربا.
- **faithfulness (3):** الإجابة غير كاملة لأنها تحتوي على طلبات مثل ""طلب العارض"" والتي ليست ضمن النص القانوني الذهبي المسترجع. هذا يقلل من درجة الدقة.
- **arabic_quality (4):** اللغة العربية في الإجابة واضحة ومهنية، ولكن يمكن تحسينها من خلال",17.543866411000636,1231,False,True,4.0,3.0,4.0,0,الإجابة صحيحة بالنسبة للنص القانوني الذهبي، ولكنها تحتوي على بعض الطلب غير الداعم من السياق المسترجع.
Q016,Qwen3-8B,"{
  ""answer_ar"": ""التكاليف القضائية المتعلقة بطلب نسخ أو الاطلاع على أوراق الدعوى تحدد كما يلي: طلب الاطلاع على أوراق الدعوى أو سجلاتها يُفرض عليه تكلفة قدرها 50 ريال، بينما يُفرض 100 ريال لطلب نسخة بديلة للوثائق القضائية."",
  ""citations"": [
    {""law"": ""اللائحة التنفيذية لنظام التكاليف القضائية"", ""article"": ""المادة السابعة""},
    {""law"": ""نظام التكاليف القضائية"", ""article"": ""المادة الثامنة""}
  ],
  ""insufficient_context"": false
}",17.387279368000236,877,False,True,التكاليف القضائية المتعلقة بطلب نسخ أو الاطلاع على أوراق الدعوى تحدد كما يلي: طلب الاطلاع على أوراق الدعوى أو سجلاتها يُفرض عليه تكلفة قدرها 50 ريال، بينما يُفرض 100 ريال لطلب نسخة بديلة للوثائق القضائية.,"[{'law': 'اللائحة التنفيذية لنظام التكاليف القضائية', 'article': 'المادة السابعة'}, {'law': 'نظام التكاليف القضائية', 'article': 'المادة الثامنة'}]",False,formal_direct,ما التكاليف القضائية المتعلقة بطلب نسخ أو الاطلاع على أوراق الدعوى؟,نظام التكاليف القضائية,المادة الثامنة,نظامالتكاليفالقضايية||المادةالثامنة,"المادة الثامنة
١.تُقرض على الطلبات الآتية تكاليف قضائية بمبلغ لا يزيد على ألف ريال وفقاً للمعايير والضوابط وقواعد التقدير التي تحددهااللائحة:
أ- طلب ذي المصلحة تسليمه نسخة مصدقة من أوراق الدعوى أو سجلاتها -الورقية أو الإلكترونية- أو الوثائق أو الأوراق التي تحت يدالمحكمة.
ب- طلب ذي المصلحة الاطلاع على أوراق الدعوى أو سجلاتها (الورقية أوالإلكترونية).
ج- طلب نسخة بديلة للوثائقالقضائية.
؟. لا تسري أحكام الفقرة )١( من هذه المادة على الطلبات التي تقدم أثناء نظر الدعوى من أطرافها أو المدخلينفيها.","[('اللائحة التنفيذية لنظام التكاليف القضائية', 'المادة السابعة'), ('نظام التكاليف القضائية', 'المادة الثامنة'), ('نظام التكاليف القضائية', 'المادة الرابعة')]","['اللايحةالتنفيذيةلنظامالتكاليفالقضايية||المادةالسابعة', 'نظامالتكاليفالقضايية||المادةالثامنة', 'نظامالتكاليفالقضايية||المادةالرابعة']",True,"User Query:
ما التكاليف القضائية المتعلقة بطلب نسخ أو الاطلاع على أوراق الدعوى؟

[Retrieved Article 1]
Law: اللائحة التنفيذية لنظام التكاليف القضائية
Article: المادة السابعة
Text: المادة السابعة
تكون التكاليف القضائية لكل طلب من الطلبات الواردة في المادة (الثامنة) من النظام على النحوالآتي:
-١ طلب ذي المصلحة الاطلاع على أوراق الدعوى أو سجلاتها - الورقية أو الإلكترونيق؛ خمسونريالاً.
- طلب نسخة بديلة للوثائق القضائية؛ مائةربإل.
3 ا الات ىل اهء 3 1 جا و اك04
الفصل الثالث: التقدير النهائي للتكاليف القضائيه»وتحصيلها

[Retrieved Article 2]
Law: نظام التكاليف القضائية
Article: المادة الثامنة
Text: المادة الثامنة
١.تُقرض على الطلبات الآتية تكاليف قضائية بمبلغ لا يزيد على ألف ريال وفقاً للمعايير والضوابط وقواعد التقدير التي تحددهااللائحة:
أ- طلب ذي المصلحة تسليمه نسخة مصدقة من أوراق الدعوى أو سجلاتها -الورقية أو الإلكترونية- أو الوثائق أو الأوراق التي تحت يدالمحكمة.
ب- طلب ذي المصلحة الاطلاع على أوراق الدعوى أو سجلاتها (الورقية أوالإلكترونية).
ج- طلب نسخة بديلة للوثائقالقضائية.
؟. لا تسري أحكام الفقرة )١( من هذه المادة على الطلبات التي تقدم أثناء نظر الدعوى من أطرافها أو المدخلينفيها.

[Retrieved Article 3]
Law: نظام التكاليف القضائية
Article: المادة الرابعة
Text: المادة الرابعة
إذا قررت المحكمة شطب الدعوىء أو حكمت باعتبارها كأن لم تكن» أو بعدم قبولها لعدم تحريرها؛ فتفرض تكاليف قضائية إضافية في حال نظرها مجدداً بما يعادل نسبة(/59؟)
من تكاليف نظر الدعوى في المرة الأولى» ويتحمل المدعي التكاليف الإضافية لنظرها ولو حكم لصالحه في موضوعالدعوى.",1.0,1.0,0.0,1.0,2.0,"```json
{
  ""correctness"": 2,
  ""faithfulness"": 1,
  ""arabic_quality"": 3,
  ""hallucination"": 1,
  ""reason"": ""الإجابة غير دقيقة لأنها تقدم تكاليف غير موجودة في النص القانوني الذهبي. النص القانوني الذهبي يحدد التكاليف القصوى عند ألف ريال، وليس التكاليف المحددة في الإجابة.""
}
```

**سبب مختصر:**
- **الدقة (correctness):** 2/5 - الإجابة غير دقيقة لأنها تقدم تكاليف غير موجودة في النص القانوني الذهبي. النص القانوني الذهبي يحدد التكاليف القصوى عند ألف ريال، وليس التكاليف المحددة في الإجابة.
- **الولاء (faithfulness):** 1/5 - الإجابة لا تدعمها السياق المسترجع، حيث أن النص القانوني ال",16.97416146499927,1217,False,True,2.0,1.0,3.0,1,الإجابة غير دقيقة لأنها تقدم تكاليف غير موجودة في النص القانوني الذهبي. النص القانوني الذهبي يحدد التكاليف القصوى عند ألف ريال، وليس التكاليف المحددة في الإجابة.
Q017,Qwen3-8B,"{
  ""answer_ar"": ""نعم، تُفرض تكاليف على الحصول على نسخة مصدقة من مستندات القضية، وفقاً للمادة الثامنة من نظام التكاليف القضائية، حيث يُحدد المبلغ المسموح به حسب نوع الطلب."",
  ""citations"": [
    {""law"": ""نظام التكاليف القضائية"", ""article"": ""المادة الثامنة""}
  ],
  ""insufficient_context"": false
}",12.09709290400042,871,False,True,نعم، تُفرض تكاليف على الحصول على نسخة مصدقة من مستندات القضية، وفقاً للمادة الثامنة من نظام التكاليف القضائية، حيث يُحدد المبلغ المسموح به حسب نوع الطلب.,"[{'law': 'نظام التكاليف القضائية', 'article': 'المادة الثامنة'}]",False,formal_paraphrase,هل تفرض تكاليف على الحصول على نسخة مصدقة من مستندات القضية؟,نظام التكاليف القضائية,المادة الثامنة,نظامالتكاليفالقضايية||المادةالثامنة,"المادة الثامنة
١.تُقرض على الطلبات الآتية تكاليف قضائية بمبلغ لا يزيد على ألف ريال وفقاً للمعايير والضوابط وقواعد التقدير التي تحددهااللائحة:
أ- طلب ذي المصلحة تسليمه نسخة مصدقة من أوراق الدعوى أو سجلاتها -الورقية أو الإلكترونية- أو الوثائق أو الأوراق التي تحت يدالمحكمة.
ب- طلب ذي المصلحة الاطلاع على أوراق الدعوى أو سجلاتها (الورقية أوالإلكترونية).
ج- طلب نسخة بديلة للوثائقالقضائية.
؟. لا تسري أحكام الفقرة )١( من هذه المادة على الطلبات التي تقدم أثناء نظر الدعوى من أطرافها أو المدخلينفيها.","[('نظام التكاليف القضائية', 'المادة الثامنة'), ('اللائحة التنفيذية لنظام التكاليف القضائية', 'المادة السابعة'), ('نظام التكاليف القضائية', 'المادة الرابعة')]","['نظامالتكاليفالقضايية||المادةالثامنة', 'اللايحةالتنفيذيةلنظامالتكاليفالقضايية||المادةالسابعة', 'نظامالتكاليفالقضايية||المادةالرابعة']",True,"User Query:
هل تفرض تكاليف على الحصول على نسخة مصدقة من مستندات القضية؟

[Retrieved Article 1]
Law: نظام التكاليف القضائية
Article: المادة الثامنة
Text: المادة الثامنة
١.تُقرض على الطلبات الآتية تكاليف قضائية بمبلغ لا يزيد على ألف ريال وفقاً للمعايير والضوابط وقواعد التقدير التي تحددهااللائحة:
أ- طلب ذي المصلحة تسليمه نسخة مصدقة من أوراق الدعوى أو سجلاتها -الورقية أو الإلكترونية- أو الوثائق أو الأوراق التي تحت يدالمحكمة.
ب- طلب ذي المصلحة الاطلاع على أوراق الدعوى أو سجلاتها (الورقية أوالإلكترونية).
ج- طلب نسخة بديلة للوثائقالقضائية.
؟. لا تسري أحكام الفقرة )١( من هذه المادة على الطلبات التي تقدم أثناء نظر الدعوى من أطرافها أو المدخلينفيها.

[Retrieved Article 2]
Law: اللائحة التنفيذية لنظام التكاليف القضائية
Article: المادة السابعة
Text: المادة السابعة
تكون التكاليف القضائية لكل طلب من الطلبات الواردة في المادة (الثامنة) من النظام على النحوالآتي:
-١ طلب ذي المصلحة الاطلاع على أوراق الدعوى أو سجلاتها - الورقية أو الإلكترونيق؛ خمسونريالاً.
- طلب نسخة بديلة للوثائق القضائية؛ مائةربإل.
3 ا الات ىل اهء 3 1 جا و اك04
الفصل الثالث: التقدير النهائي للتكاليف القضائيه»وتحصيلها

[Retrieved Article 3]
Law: نظام التكاليف القضائية
Article: المادة الرابعة
Text: المادة الرابعة
إذا قررت المحكمة شطب الدعوىء أو حكمت باعتبارها كأن لم تكن» أو بعدم قبولها لعدم تحريرها؛ فتفرض تكاليف قضائية إضافية في حال نظرها مجدداً بما يعادل نسبة(/59؟)
من تكاليف نظر الدعوى في المرة الأولى» ويتحمل المدعي التكاليف الإضافية لنظرها ولو حكم لصالحه في موضوعالدعوى.",1.0,1.0,0.0,1.0,1.0,"```json
{
  ""correctness"": 4,
  ""faithfulness"": 4,
  ""arabic_quality"": 4,
  ""hallucination"": 0,
  ""reason"": ""الإجابة دقيقة وموثقة من النص القانوني الذهبي، وواضحة باللغة العربية.""
}
```

**سبب مختصر:**
- **correctness:** الإجابة دقيقة لأنها مبنية على النص القانوني الذهبي الذي يؤكد على وجود تكاليف لطلبات الحصول على نسخ مصدقة من مستندات القضية.
- **faithfulness:** الدعم القانوني موجود في النص القانوني الذهبي، حيث يذكر أن هناك تكاليف محددة لطلب نسخة مصدقة من أوراق الدعوى.
- **arabic_quality:** اللغة العربية في الإجابة واضحة ومهنية.
- **hallucination:** لا يوجد أي ادعاء قانوني مادي غير مدعوم بالسياق المسترجع.",16.88801344499916,1185,False,True,4.0,4.0,4.0,0,الإجابة دقيقة وموثقة من النص القانوني الذهبي، وواضحة باللغة العربية.
Q018,Qwen3-8B,"{
  ""answer_ar"": ""نعم، هناك رسوم تتعلق بالاطلاع على أوراق القضية أو نسخة منها، وفقاً للمادة الثامنة من نظام التكاليف القضائية، حيث تبلغ قيمة الطلب 50 ريالاً."",
  ""citations"": [
    {""law"": ""نظام التكاليف القضائية"", ""article"": ""المادة الثامنة""}
  ],
  ""insufficient_context"": false
}",11.781278862999898,903,False,True,نعم، هناك رسوم تتعلق بالاطلاع على أوراق القضية أو نسخة منها، وفقاً للمادة الثامنة من نظام التكاليف القضائية، حيث تبلغ قيمة الطلب 50 ريالاً.,"[{'law': 'نظام التكاليف القضائية', 'article': 'المادة الثامنة'}]",False,informal,إذا أبي نسخة من أوراق القضية أو أطلع عليها، فيه رسوم؟,نظام التكاليف القضائية,المادة الثامنة,نظامالتكاليفالقضايية||المادةالثامنة,"المادة الثامنة
١.تُقرض على الطلبات الآتية تكاليف قضائية بمبلغ لا يزيد على ألف ريال وفقاً للمعايير والضوابط وقواعد التقدير التي تحددهااللائحة:
أ- طلب ذي المصلحة تسليمه نسخة مصدقة من أوراق الدعوى أو سجلاتها -الورقية أو الإلكترونية- أو الوثائق أو الأوراق التي تحت يدالمحكمة.
ب- طلب ذي المصلحة الاطلاع على أوراق الدعوى أو سجلاتها (الورقية أوالإلكترونية).
ج- طلب نسخة بديلة للوثائقالقضائية.
؟. لا تسري أحكام الفقرة )١( من هذه المادة على الطلبات التي تقدم أثناء نظر الدعوى من أطرافها أو المدخلينفيها.","[('نظام التكاليف القضائية', 'المادة الثامنة'), ('نظام التوثيق', 'المادة الرابعةوالخمسون'), ('اللائحة التنفيذية لنظام التكاليف القضائية', 'المادة السابعة')]","['نظامالتكاليفالقضايية||المادةالثامنة', 'نظامالتوثيق||المادةالرابعةوالخمسون', 'اللايحةالتنفيذيةلنظامالتكاليفالقضايية||المادةالسابعة']",True,"User Query:
إذا أبي نسخة من أوراق القضية أو أطلع عليها، فيه رسوم؟

[Retrieved Article 1]
Law: نظام التكاليف القضائية
Article: المادة الثامنة
Text: المادة الثامنة
١.تُقرض على الطلبات الآتية تكاليف قضائية بمبلغ لا يزيد على ألف ريال وفقاً للمعايير والضوابط وقواعد التقدير التي تحددهااللائحة:
أ- طلب ذي المصلحة تسليمه نسخة مصدقة من أوراق الدعوى أو سجلاتها -الورقية أو الإلكترونية- أو الوثائق أو الأوراق التي تحت يدالمحكمة.
ب- طلب ذي المصلحة الاطلاع على أوراق الدعوى أو سجلاتها (الورقية أوالإلكترونية).
ج- طلب نسخة بديلة للوثائقالقضائية.
؟. لا تسري أحكام الفقرة )١( من هذه المادة على الطلبات التي تقدم أثناء نظر الدعوى من أطرافها أو المدخلينفيها.

[Retrieved Article 2]
Law: نظام التوثيق
Article: المادة الرابعةوالخمسون
Text: المادة الرابعةوالخمسون
١.يجوز تحصيل رسوم عن أي من أعمال التوثيق التي يقوم بها كاتب العدل» ويحدد -بقرار من مجلس الوزراء بناء على اقتراح من الوزير- مقدار هذه الرسوم» وحالاتتأجيل
تحصيلهاء أو إيقافهاء أو عدمتطبيقها.
"".تحدد اللائحة مقابلاً مالياً لا يقل عن مائة ربال ولا يزيد على خمسة آلاف ربال عن أي من أعمال التوثيق التي يقوم بها المرخصله.
"".لمجلس الوزراء تعديل الحد الأعلى للمقابل المالي المشار إليه في الفقرة )١( من هذهالمادة .

[Retrieved Article 3]
Law: اللائحة التنفيذية لنظام التكاليف القضائية
Article: المادة السابعة
Text: المادة السابعة
تكون التكاليف القضائية لكل طلب من الطلبات الواردة في المادة (الثامنة) من النظام على النحوالآتي:
-١ طلب ذي المصلحة الاطلاع على أوراق الدعوى أو سجلاتها - الورقية أو الإلكترونيق؛ خمسونريالاً.
- طلب نسخة بديلة للوثائق القضائية؛ مائةربإل.
3 ا الات ىل اهء 3 1 جا و اك04
الفصل الثالث: التقدير النهائي للتكاليف القضائيه»وتحصيلها",1.0,1.0,0.0,1.0,1.0,"```json
{
  ""correctness"": 4,
  ""faithfulness"": 4,
  ""arabic_quality"": 4,
  ""hallucination"": 0,
  ""reason"": ""الإجابة دقيقة وموثقة من النص القانوني المرجعي الذهبي، وواضحة ومكتوبة بشكل محترف.""
}
```

**تفصيل السبب:**
- **correctness (دقة):** 4/5 - الإجابة دقيقة وموثقة من النص القانوني المرجعي الذهبي.
- **faithfulness (ولاء):** 4/5 - السياق المسترجع يدعم تماماً الإدعاء القانوني في الإجابة.
- **arabic_quality (جودة اللغة العربية):** 4/5 - الإجابة واضحة ومكتوبة بشكل محترف.
- **hallucination (تخيل):** 0 - الإجابة لا تحتوي على أي ادعاء قانوني مادي غير مدعوم بالسياق المست",17.14411160399868,1213,False,True,4.0,4.0,4.0,0,الإجابة دقيقة وموثقة من النص القانوني المرجعي الذهبي، وواضحة ومكتوبة بشكل محترف.
Q019,Qwen3-8B,"{
  ""answer_ar"": ""تتأثر التكاليف القضائية عند تغير قيمة الدعوى وفقاً للقيمة الجديدة بعد التغير، وذلك وفقاً للمادة التاسعة من نظام التكاليف القضائية، حيث تُحسب التكاليف بناءً على تقدير القيمة الجديدة للدعوى، مع مراعاة النسب المحددة في اللائحة التنفيذية لنظام التكاليف القضائية."",
  ""citations"": [
    {""law"": ""نظام التكاليف القضائية"", ""article"": ""المادة التاسعة""},
    {""law"": ""اللائحة التنفيذية لنظام التكاليف القضائية"", ""article"": ""المادة الثانية""}
  ],
  ""insufficient_context"": false
}",18.17487339099989,909,False,True,تتأثر التكاليف القضائية عند تغير قيمة الدعوى وفقاً للقيمة الجديدة بعد التغير، وذلك وفقاً للمادة التاسعة من نظام التكاليف القضائية، حيث تُحسب التكاليف بناءً على تقدير القيمة الجديدة للدعوى، مع مراعاة النسب المحددة في اللائحة التنفيذية لنظام التكاليف القضائية.,"[{'law': 'نظام التكاليف القضائية', 'article': 'المادة التاسعة'}, {'law': 'اللائحة التنفيذية لنظام التكاليف القضائية', 'article': 'المادة الثانية'}]",False,formal_direct,كيف تتأثر التكاليف القضائية عند تغير قيمة الدعوى؟,نظام التكاليف القضائية,المادة التاسعة,نظامالتكاليفالقضايية||المادةالتاسعة,"المادة التاسعة
إذا ترتب على الطلب تغير في تقدير قيمة الدعوى سواء بالزيادة أو النقص» فتُحسب التكاليف القضائية للدعوى بناء على تقدير القيمة الجديدة لهاء وذلك مع عدم الإخلالبالتكاليف
القضائية المحددة للطلبذاته.","[('نظام التكاليف القضائية', 'المادة التاسعة'), ('اللائحة التنفيذية لنظام التكاليف القضائية', 'المادة الثانية'), ('نظام التكاليف القضائية', 'المادة الثالثة')]","['نظامالتكاليفالقضايية||المادةالتاسعة', 'اللايحةالتنفيذيةلنظامالتكاليفالقضايية||المادةالثانية', 'نظامالتكاليفالقضايية||المادةالثالثة']",True,"User Query:
كيف تتأثر التكاليف القضائية عند تغير قيمة الدعوى؟

[Retrieved Article 1]
Law: نظام التكاليف القضائية
Article: المادة التاسعة
Text: المادة التاسعة
إذا ترتب على الطلب تغير في تقدير قيمة الدعوى سواء بالزيادة أو النقص» فتُحسب التكاليف القضائية للدعوى بناء على تقدير القيمة الجديدة لهاء وذلك مع عدم الإخلالبالتكاليف
القضائية المحددة للطلبذاته.

[Retrieved Article 2]
Law: اللائحة التنفيذية لنظام التكاليف القضائية
Article: المادة الثانية
Text: المادة الثانية
-١ مع مراعاة ما تقضي به المادة (الثالثة) من النظامء تُقدّر التكاليف القضائية للدعوى المحددة القيمة؛ على أساس نسبة من قيمة المطالبة فيهاء وذلك على النحوالآتي:
3 نسبة (9/05) إذا كانت قيمة المطالبة أقل من مائة ألفربال.
ب- نسبة (905) إذا كانت قيمة المطالبة مائة ألف ربإل فأكثرء وتقل عن خمسمائة ألفربال.
ج- نسبة (907) إذا كانت قيمة المطالبة خمسمائة ألف ريال فأكثرء وتقل عن مليونربال.
د- نسبة (907) إذا كانت قيمة المطالبة مليون ربإلفأعلى.
؟- تُحدد قيمة المطالبة على النحوالآتي:
أ- فيما يتعلق بالدعاوى المالية» تحدد على أساس المبلغ الذي يطلب المدعي الحكمبه.
اب- في الدعاوى المتعلقة بإثنبات صحة عقد أو فسخه أو إبطاله أو الإلزام بتنفيذه» تُحدد على أساس قيمة الشسيء المتنازع عليه وفقاً لقيمته المحددة فيالعقد.
ج- في الدعاوى المتعلقة بمنازعات ملكية عقار؛ تُحدد على أساس قيمة العقار عند رفع الدعوىء وتُحدد قيمة العقار بناء على البيانات التاريخية - الموثقة لدى وزارة العدل -لقيمة
مبايعات هذا العقار والعقارات المجاورة له» ونحو ذلك من الوسائل الأخرى التي ثُمكن الوزارة من تحليلقيمته.

[Retrieved Article 3]
Law: نظام التكاليف القضائية
Article: المادة الثالثة
Text: المادة الثالثة
تفرض تكاليف قضائية على الدعوى بمبلغ لا يزيد على ما نسبته (590) من قيمة المطالبة» وبحد أعلى مبلغ مليون ريال. وتحدد اللائحة معايير تقدير التكاليف القضائيةوالضوابط
والقواعد المنظمةلذلك.",1.0,1.0,0.0,1.0,2.0,"```json
{
  ""correctness"": 4,
  ""faithfulness"": 3,
  ""arabic_quality"": 4,
  ""hallucination"": 0,
  ""reason"": ""الإجابة دقيقة وموثقة من النص القانوني الذهبي، ولكنها لم تذكر النسب المحددة في اللائحة التنفيذية بشكل كامل.""
}
```

**تفصيل الأسباب:**
- **الدقة (Correctness):** 4/5 - الإجابة دقيقة وموثقة من النص القانوني الذهبي.
- **الولاء (Faithfulness):** 3/5 - الإجابة تدعمها النص القانوني الذهبي، ولكنها لم تذكر النسب المحددة في اللائحة التنفيذية بشكل كامل.
- **جودة اللغة العربية (Arabic Quality):** 4/5 - الإجابة واضحة ومهنية، ولكن يمكن تحسينها من خلال استخدام بعض الكلمات الدقيقة.
- **التشو",17.20065934900049,1127,False,True,4.0,3.0,4.0,0,الإجابة دقيقة وموثقة من النص القانوني الذهبي، ولكنها لم تذكر النسب المحددة في اللائحة التنفيذية بشكل كامل.
Q020,Qwen3-8B,"{
  ""answer_ar"": ""عند زيادة أو نقصان قيمة المطالبة، يُعاد احتساب التكاليف القضائية بناءً على تقدير القيمة الجديدة للمطالبة، وذلك وفقًا لنسبة محددة حسب قيمة المطالبة حسب المراحل المذكورة في اللائحة التنفيذية لنظام التكاليف القضائية."",
  ""citations"": [
    {""law"": ""نظام التكاليف القضائية"", ""article"": ""المادة التاسعة""},
    {""law"": ""اللائحة التنفيذية لنظام التكاليف القضائية"", ""article"": ""المادة الثانية""},
    {""law"": ""اللائحة التنفيذية لنظام التكاليف القضائية"", ""article"": ""المادة التاسعة""}
  ],
  ""insufficient_context"": false
}",19.98614410099981,952,False,True,عند زيادة أو نقصان قيمة المطالبة، يُعاد احتساب التكاليف القضائية بناءً على تقدير القيمة الجديدة للمطالبة، وذلك وفقًا لنسبة محددة حسب قيمة المطالبة حسب المراحل المذكورة في اللائحة التنفيذية لنظام التكاليف القضائية.,"[{'law': 'نظام التكاليف القضائية', 'article': 'المادة التاسعة'}, {'law': 'اللائحة التنفيذية لنظام التكاليف القضائية', 'article': 'المادة الثانية'}, {'law': 'اللائحة التنفيذية لنظام التكاليف القضائية', 'article': 'المادة التاسعة'}]",False,formal_paraphrase,كيف يعاد احتساب التكاليف عند زيادة أو نقصان قيمة المطالبة؟,نظام التكاليف القضائية,المادة التاسعة,نظامالتكاليفالقضايية||المادةالتاسعة,"المادة التاسعة
إذا ترتب على الطلب تغير في تقدير قيمة الدعوى سواء بالزيادة أو النقص» فتُحسب التكاليف القضائية للدعوى بناء على تقدير القيمة الجديدة لهاء وذلك مع عدم الإخلالبالتكاليف
القضائية المحددة للطلبذاته.","[('نظام التكاليف القضائية', 'المادة التاسعة'), ('اللائحة التنفيذية لنظام التكاليف القضائية', 'المادة الثانية'), ('اللائحة التنفيذية لنظام التكاليف القضائية', 'المادة التاسعة')]","['نظامالتكاليفالقضايية||المادةالتاسعة', 'اللايحةالتنفيذيةلنظامالتكاليفالقضايية||المادةالثانية', 'اللايحةالتنفيذيةلنظامالتكاليفالقضايية||المادةالتاسعة']",True,"User Query:
كيف يعاد احتساب التكاليف عند زيادة أو نقصان قيمة المطالبة؟

[Retrieved Article 1]
Law: نظام التكاليف القضائية
Article: المادة التاسعة
Text: المادة التاسعة
إذا ترتب على الطلب تغير في تقدير قيمة الدعوى سواء بالزيادة أو النقص» فتُحسب التكاليف القضائية للدعوى بناء على تقدير القيمة الجديدة لهاء وذلك مع عدم الإخلالبالتكاليف
القضائية المحددة للطلبذاته.

[Retrieved Article 2]
Law: اللائحة التنفيذية لنظام التكاليف القضائية
Article: المادة الثانية
Text: المادة الثانية
-١ مع مراعاة ما تقضي به المادة (الثالثة) من النظامء تُقدّر التكاليف القضائية للدعوى المحددة القيمة؛ على أساس نسبة من قيمة المطالبة فيهاء وذلك على النحوالآتي:
3 نسبة (9/05) إذا كانت قيمة المطالبة أقل من مائة ألفربال.
ب- نسبة (905) إذا كانت قيمة المطالبة مائة ألف ربإل فأكثرء وتقل عن خمسمائة ألفربال.
ج- نسبة (907) إذا كانت قيمة المطالبة خمسمائة ألف ريال فأكثرء وتقل عن مليونربال.
د- نسبة (907) إذا كانت قيمة المطالبة مليون ربإلفأعلى.
؟- تُحدد قيمة المطالبة على النحوالآتي:
أ- فيما يتعلق بالدعاوى المالية» تحدد على أساس المبلغ الذي يطلب المدعي الحكمبه.
اب- في الدعاوى المتعلقة بإثنبات صحة عقد أو فسخه أو إبطاله أو الإلزام بتنفيذه» تُحدد على أساس قيمة الشسيء المتنازع عليه وفقاً لقيمته المحددة فيالعقد.
ج- في الدعاوى المتعلقة بمنازعات ملكية عقار؛ تُحدد على أساس قيمة العقار عند رفع الدعوىء وتُحدد قيمة العقار بناء على البيانات التاريخية - الموثقة لدى وزارة العدل -لقيمة
مبايعات هذا العقار والعقارات المجاورة له» ونحو ذلك من الوسائل الأخرى التي ثُمكن الوزارة من تحليلقيمته.

[Retrieved Article 3]
Law: اللائحة التنفيذية لنظام التكاليف القضائية
Article: المادة التاسعة
Text: المادة التاسعة
فيما عدا طلب النقض وطلب التماس إعادة النظرء تصدر الإدارة المختصة -التي يحددها وزير العدل- التقدير النهائي لمبلغ التكاليف القضائية للطلب بعد البت فيه ويبلغ المكلفبأداء
هذه التكاليف؛ ولا يُحصل مبلغ التكاليف من المكلف إلا بعد انتهاء مدة الاعتراض على التقدير أو صدور قرار في شأناعتراضه.",1.0,1.0,0.0,1.0,3.0,"```json
{
  ""correctness"": 4,
  ""faithfulness"": 3,
  ""arabic_quality"": 4,
  ""hallucination"": 0,
  ""reason"": ""الإجابة دقيقة وموثقة من النص القانوني المرجعي الذهبي، لكنها لم تذكر التفاصيل الدقيقة حول النسب المحددة في اللائحة التنفيذية.""
}
```

**تفصيل الأسباب:**
- **correctness (دقة):** 4/5 - الإجابة دقيقة وموثقة من النص القانوني المرجعي الذهبي.
- **faithfulness (ولاء):** 3/5 - الإجابة تلخص بشكل صحيح ما جاء في النص القانوني، لكنها لم تقدم التفاصيل الدقيقة حول النسب المحددة في اللائحة التنفيذية.
- **arabic_quality (جودة اللغة العربية):** 4/5 - الإجابة واضحة ومكتوبة بشكل جيد، لكن يمكن",16.941648586000156,1154,False,True,4.0,3.0,4.0,0,الإجابة دقيقة وموثقة من النص القانوني المرجعي الذهبي، لكنها لم تذكر التفاصيل الدقيقة حول النسب المحددة في اللائحة التنفيذية.
Q021,Qwen3-8B,"{
  ""answer_ar"": ""نعم، إذا تغير مبلغ المطالبة، تتغير الرسوم القضائية وفقاً للقيمة الجديدة للمطالبة، وذلك وفقاً للمادة التاسعة من نظام التكاليف القضائية."",
  ""citations"": [
    {""law"": ""نظام التكاليف القضائية"", ""article"": ""المادة التاسعة""}
  ],
  ""insufficient_context"": false
}",12.617935180000131,1588,False,True,نعم، إذا تغير مبلغ المطالبة، تتغير الرسوم القضائية وفقاً للقيمة الجديدة للمطالبة، وذلك وفقاً للمادة التاسعة من نظام التكاليف القضائية.,"[{'law': 'نظام التكاليف القضائية', 'article': 'المادة التاسعة'}]",False,informal,إذا تغير مبلغ المطالبة تتغير الرسوم بعد؟,نظام التكاليف القضائية,المادة التاسعة,نظامالتكاليفالقضايية||المادةالتاسعة,"المادة التاسعة
إذا ترتب على الطلب تغير في تقدير قيمة الدعوى سواء بالزيادة أو النقص» فتُحسب التكاليف القضائية للدعوى بناء على تقدير القيمة الجديدة لهاء وذلك مع عدم الإخلالبالتكاليف
القضائية المحددة للطلبذاته.","[('نظام التكاليف القضائية', 'المادة التاسعة'), ('نظام المعاملات المدنية', 'المادة الثالثة والعشرون بعدالثلاثمائة'), ('نظام المعاملات المدنية', 'المادة الحادية والسبعون بعدالأربعمائة')]","['نظامالتكاليفالقضايية||المادةالتاسعة', 'نظامالمعاملاتالمدنية||المادةالثالثةوالعشرونبعدالثلاثماية', 'نظامالمعاملاتالمدنية||المادةالحاديةوالسبعونبعدالاربعماية']",True,"User Query:
إذا تغير مبلغ المطالبة تتغير الرسوم بعد؟

[Retrieved Article 1]
Law: نظام التكاليف القضائية
Article: المادة التاسعة
Text: المادة التاسعة
إذا ترتب على الطلب تغير في تقدير قيمة الدعوى سواء بالزيادة أو النقص» فتُحسب التكاليف القضائية للدعوى بناء على تقدير القيمة الجديدة لهاء وذلك مع عدم الإخلالبالتكاليف
القضائية المحددة للطلبذاته.

[Retrieved Article 2]
Law: نظام المعاملات المدنية
Article: المادة الثالثة والعشرون بعدالثلاثمائة
Text: المادة الثالثة والعشرون بعدالثلاثمائة
-١ إذا عين مقدار المبيع عند العقد فبان فيه نقصٌ أو زيادةٌ ولم يوجد اتفاقٌ؛ وجب اتباعالآني:
أ- إذا كان المبيع مما تضره التجزئة والثمن المسمى لمجموعه وليس بالوحدة القياسية فالزيادة للمشتري والنقص لا يقابله شيء من الثمن» وفيما عداذلك
يكون النقص من حساب البائع والزيادة له يستردها عيناً إن كان المبيع لا تضره التجزئة أو يستحق ثمنها إن كان المبيع تضرهالتجزئة.
ب- إذا كانت الزيادة ُلزم المشتري أكثر مما اشترى به بمقدار جسيم أو كان النقص يُخل بغرضه بحيث لو علم به لما أتم العقد كان له طلب فسخالبيع.
-١ لا تسمع الدعوى بالفسخ أو إنقاص الثمن أو إكماله إذا انقضت (سنة) من تاريخ تسليمالمبيع.
-١ إذا عي
ا اشترى به بمقدار جسيم أو كان النقص يُخل بغرضه بحيث لو علم به لما أتم العقد كان له طلب فسخالبيع.
-١ لا تسمع الدعوى بالفسخ أو إنقاص الثمن أو إكماله إذا انقضت (سنة) من تاريخ تسليمالمبيع.
-١ إذا عين مقدار المبيع عند العقد فبان فيه نقصصٌ أو زيادةٌ ولم يوجد اتفاقٌ؛ وجب اتباعالآتي:
أ- إذا كان المبيع مما تضره التجزئة والثمن المسمى لمجموعه وليس بالوحدة القياسية فالزيادة للمشتري والنقص لا يقابله شيء من الثمن» وفيما عدا ذلك يكون النقص منحساب
البائع والزيادة له يستردها عيناً إن كان المبيع لا تضره التجزئة أو يستحق ثمنها إن كان المبيع تضرهالتجزئة.
ب- إذا كانت الزيادة ثلزم المشتري أكثر مما اشترى به بمقدار جسيم أو كان النقص يُخل بغرضه بحيث لو علم به لما أتم العقد كان له طلب فسخالبيع.
؟- لا تسمع الدعوى بالفسخ أو إنقاص الثمن أو إكماله إذا انقضت (سنة) من تاريخ تسليمالمبيع.

[Retrieved Article 3]
Law: نظام المعاملات المدنية
Article: المادة الحادية والسبعون بعدالأربعمائة
Text: المادة الحادية والسبعون بعدالأربعمائة
-١ إذا تم عقد المقاولة بموجب تصميم متفق عليه مقابل أجِرٍ إجماليّ فليس للمقاول أن يطالب بأيّ زيادةٍ في الأجر ولو ارتفعت أسعار المواد المستخدمةفي
؟- ليس للمقاول إذا حدث في التصميم تعديل أو إضافة أن يطالب بأي زيادة في الأجر إلا إذا كان ذلك راجعاً إلى خطأ صاحب العمل أو كان بإذنه واتفقمع
المقاول على الزيادة فيالأجر.
""- إذا انهار التوازن العقدي بين التزامات كل من صاحب العمل والمقاول بسبب ظروف استثنائية عامّةٍ لم يكن في الوسع توقعها وقت التعاقد وتداعىبذلك
الأساس الذي قام عليه التقدير المالي لعقد المقاولة» فللمحكمة تبعاً للظروف بعد الموازنة بين مصلحة الطرفين أن تقضي بإعادة التوازن العقديء بما فيذلك
تمديد مدة التنفيذ أو زيادة الأجر أو إنقاصه؛ أو أن تقضي بفسخالعقد.
-١ إذا تم عقد المقاولة بموجب تصميم متفق عليه مقابل أجرٍ إجماليّ فليس للمقاول أن يطالب بأيّ زيادةٍ في الأجر ولو ارتفعت أسعار المواد المستخدمة في العمل أو ارتفعتأجور
العمال أو غيرها منالنفقات.
""- ليس للمقاول إذا حدث في التصميم تعديل أو إضافة أن يطالب بأي زيادة في الأجر إلا إذا كان ذلك راجعاً إلى خطأ صاحب العمل أو كان بإذنه واتفق مع المقاول على الزيادةفي
الأجر.
""- إذا انهار التوازن العقدي بين التزامات كل من صاحب العمل والمقاول بسبب ظروف استثنائيةٍ عامَّةٍ لم يكن في الوسع توقعها وقت التعاقد وتداعى بذلك الأساس الذي قامعليه
التقدير المالي لعقد المقاولة» فللمحكمة تبعاً للظلروف بعد الموازنة بين مصلحة الطرفين أن تقضي بإعادة التوازن العقديء؛ بما في ذلك تمديد مدة التنفيذ أو زيادة الأجر أو إنقاصه؛أو
أن تقضي بفسخالعقد.",1.0,1.0,0.0,1.0,1.0,"```json
{
  ""correctness"": 4,
  ""faithfulness"": 5,
  ""arabic_quality"": 4,
  ""hallucination"": 0,
  ""reason"": ""الإجابة دقيقة وموثقة من النص القانوني المرجعي الذهبي، وتحافظ على صحة اللغة العربية.""
}
```

**تفصيل السبب:**
- **correctness (دقة):** 4/5 - الإجابة دقيقة وموثقة من النص القانوني المرجعي الذهبي، حيث تؤكد على أن تغير مبلغ المطالبة يؤدي إلى تغيير الرسوم القضائية بناءً على القيمة الجديدة للمطالبة.
- **faithfulness (ولاء):** 5/5 - الإجابة متوافقة تماماً مع النص القانوني المرجعي الذهبي، حيث تم استخدام العبارة ""وفقًا للقيمة الجديدة للمطالبة"" التي تتطابق مع النص القانوني.
- **arabic_quality (ج",19.05451868399905,1761,False,True,4.0,5.0,4.0,0,الإجابة دقيقة وموثقة من النص القانوني المرجعي الذهبي، وتحافظ على صحة اللغة العربية.
Q022,Qwen3-8B,"{
  ""answer_ar"": ""الدعاوى التي يجب فيها اللجوء إلى المصالحة أو الوساطة قبل قيد الدعوى هي: الدعاوى المنصوص عليها في الفقرة (؟) من المادة السادسة عشرة من النظام، والدعاوى المنصوص عليها في الفقرة (١) من المادة الحادية عشرة من اللائحة، والدعاوى التي يكون أطرافها زوجين أو تربطهم صلة قرابة إلى الدرجة الرابعة، والدعاوى المتعلقة بالعقود التي تتضمن اتفاقاً كتابةً على اللجوء إلى المصالحة والوساطة والتسوية الودية قبل اللجوء إلى القضاء."",
  ""citations"": [
    {""law"": ""اللائحة التنفيذية لنظام المحاكم التجارية"", ""article"": ""المادة الثامنة والخمسون""},
    {""law"": ""اللائحة التنفيذية لنظام المحاكم التجارية"", ""article"": ""المادة التاسعة والخمسون""},
    {""law"": ""اللائحة التنفيذية لنظام المحاكم التجارية"", ""article"": ""المادة الأربعون بعد المائتين""}
  ],
  ""insufficient_context"": false
}",27.984783488000176,845,False,True,الدعاوى التي يجب فيها اللجوء إلى المصالحة أو الوساطة قبل قيد الدعوى هي: الدعاوى المنصوص عليها في الفقرة (؟) من المادة السادسة عشرة من النظام، والدعاوى المنصوص عليها في الفقرة (١) من المادة الحادية عشرة من اللائحة، والدعاوى التي يكون أطرافها زوجين أو تربطهم صلة قرابة إلى الدرجة الرابعة، والدعاوى المتعلقة بالعقود التي تتضمن اتفاقاً كتابةً على اللجوء إلى المصالحة والوساطة والتسوية الودية قبل اللجوء إلى القضاء.,"[{'law': 'اللائحة التنفيذية لنظام المحاكم التجارية', 'article': 'المادة الثامنة والخمسون'}, {'law': 'اللائحة التنفيذية لنظام المحاكم التجارية', 'article': 'المادة التاسعة والخمسون'}, {'law': 'اللائحة التنفيذية لنظام المحاكم التجارية', 'article': 'المادة الأربعون بعد المائتين'}]",False,formal_direct,ما الدعاوى التي يجب فيها اللجوء إلى المصالحة أو الوساطة قبل قيد الدعوى؟,اللائحة التنفيذية لنظام المحاكم التجارية,المادة الثامنة والخمسون,اللايحةالتنفيذيةلنظامالمحاكمالتجارية||المادةالثامنةوالخمسون,"المادة الثامنة والخمسون : الدعاوى التي يجب فيها سبق اللجوء للمصالحةوالوساطة
يجب اللجوء إلى المصالحة والوساطة قبل قيد أي من الدعاوىالآتية:
أ- الدعاوى المنصوص عليها في الفقرة (؟) من المادة السادسة عشرة منالنظام.
ب - الدعاوى المنصوص عليها في الفقرة )١( من المادة الحادية عشرة مناللائحة.
ج - الدعاوى التي يكون أطرافها زوجين» أو تربطهم صلة قرابة إلى الدرجةالرابعة.
د - الدعاوى المتعلقة بالعقود التي تتضمن الاتفاق - كتابة - على اللجوء إلى المصالحة والوساطة والتسوية الودية قبل اللجوء إلىالقضاء.","[('اللائحة التنفيذية لنظام المحاكم التجارية', 'المادة الثامنة والخمسون'), ('اللائحة التنفيذية لنظام المحاكم التجارية', 'المادة التاسعة والخمسون'), ('اللائحة التنفيذية لنظام المحاكم التجارية', 'المادة الأربعون بعد المائتين')]","['اللايحةالتنفيذيةلنظامالمحاكمالتجارية||المادةالثامنةوالخمسون', 'اللايحةالتنفيذيةلنظامالمحاكمالتجارية||المادةالتاسعةوالخمسون', 'اللايحةالتنفيذيةلنظامالمحاكمالتجارية||المادةالاربعونبعدالمايتين']",True,"User Query:
ما الدعاوى التي يجب فيها اللجوء إلى المصالحة أو الوساطة قبل قيد الدعوى؟

[Retrieved Article 1]
Law: اللائحة التنفيذية لنظام المحاكم التجارية
Article: المادة الثامنة والخمسون
Text: المادة الثامنة والخمسون : الدعاوى التي يجب فيها سبق اللجوء للمصالحةوالوساطة
يجب اللجوء إلى المصالحة والوساطة قبل قيد أي من الدعاوىالآتية:
أ- الدعاوى المنصوص عليها في الفقرة (؟) من المادة السادسة عشرة منالنظام.
ب - الدعاوى المنصوص عليها في الفقرة )١( من المادة الحادية عشرة مناللائحة.
ج - الدعاوى التي يكون أطرافها زوجين» أو تربطهم صلة قرابة إلى الدرجةالرابعة.
د - الدعاوى المتعلقة بالعقود التي تتضمن الاتفاق - كتابة - على اللجوء إلى المصالحة والوساطة والتسوية الودية قبل اللجوء إلىالقضاء.

[Retrieved Article 2]
Law: اللائحة التنفيذية لنظام المحاكم التجارية
Article: المادة التاسعة والخمسون
Text: المادة التاسعة والخمسون : الدعاوى التي يجب فيها سبق اللجوء للمصالحةوالوساطة
-١ يتحقق سبق اللجوء إلى المصالحة بتقديم وثيقة بانتهاء المصالحة بغير صلح أو بصلح في بعض المنازعة:» أو تقديم ما يثبت البدء في إجراءات المصالحة ومضي المدة المحددةفي
الفقرة )١( من المادة الثامنة من النظام» ولا يحول قيد الدعوى دون استمرار عملية المصالحةوالوساطة.
-١ تطبق أحكام المادة الحادية والعشرين من النظام في حال عدم تقديم المدعي ما نصت عليه الفقرة )١( من هذهالمادة .

[Retrieved Article 3]
Law: اللائحة التنفيذية لنظام المحاكم التجارية
Article: المادة الأربعون بعد المائتين
Text: المادة الأربعون بعد المائتين: إجراءات نظر الدعاوىاليسيرة
يجب أن يسبق نظر الدعاوى اليسيرة اللجوْ إلى المصالحة والوساطة:؛ على ألا تزيد مدة تلك الإجراءات على (خمسة عشر)يوماً.",1.0,1.0,0.0,1.0,3.0,"{
  ""correctness"": 5,
  ""faithfulness"": 5,
  ""arabic_quality"": 5,
  ""hallucination"": 0,
  ""reason"": ""الإجابة دقيقة وموثقة من النص القانوني المرجعي الذهبي، وواضحة ومفهومة.""
}",6.944988758999898,1221,False,True,5.0,5.0,5.0,0,الإجابة دقيقة وموثقة من النص القانوني المرجعي الذهبي، وواضحة ومفهومة.
Q023,Qwen3-8B,"{
  ""answer_ar"": ""سبق المصالحة أو الوساطة شرطًا قبل رفع الدعوى التجارية في الحالات المحددة في المادة الثامنة والخمسون من اللائحة التنفيذية لنظام المحاكم التجارية، وهي: الدعاوى المنصوص عليها في الفقرة (؟) من المادة السادسة عشرة من النظام، والدعاوى المنصوص عليها في الفقرة )١( من المادة الحادية عشرة من اللائحة، والدعاوى التي يكون أطرافها زوجين أو تربطهم صلة قرابة إلى الدرجة الرابعة، والدعاوى المتعلقة بالعقود التي تتضمن الاتفاق - كتابة - على اللجوء إلى المصالحة والوساطة والتسوية الودية قبل اللجوء إلى القضاء."",
  ""citations"": [
    {""law"": ""اللائحة التنفيذية لنظام المحاكم التجارية"", ""article"": ""المادة الثامنة والخمسون""}
  ],
  ""insufficient_context"": false
}",23.919609823999963,843,False,True,سبق المصالحة أو الوساطة شرطًا قبل رفع الدعوى التجارية في الحالات المحددة في المادة الثامنة والخمسون من اللائحة التنفيذية لنظام المحاكم التجارية، وهي: الدعاوى المنصوص عليها في الفقرة (؟) من المادة السادسة عشرة من النظام، والدعاوى المنصوص عليها في الفقرة )١( من المادة الحادية عشرة من اللائحة، والدعاوى التي يكون أطرافها زوجين أو تربطهم صلة قرابة إلى الدرجة الرابعة، والدعاوى المتعلقة بالعقود التي تتضمن الاتفاق - كتابة - على اللجوء إلى المصالحة والوساطة والتسوية الودية قبل اللجوء إلى القضاء.,"[{'law': 'اللائحة التنفيذية لنظام المحاكم التجارية', 'article': 'المادة الثامنة والخمسون'}]",False,formal_paraphrase,متى يكون سبق المصالحة أو الوساطة شرطًا قبل رفع الدعوى التجارية؟,اللائحة التنفيذية لنظام المحاكم التجارية,المادة الثامنة والخمسون,اللايحةالتنفيذيةلنظامالمحاكمالتجارية||المادةالثامنةوالخمسون,"المادة الثامنة والخمسون : الدعاوى التي يجب فيها سبق اللجوء للمصالحةوالوساطة
يجب اللجوء إلى المصالحة والوساطة قبل قيد أي من الدعاوىالآتية:
أ- الدعاوى المنصوص عليها في الفقرة (؟) من المادة السادسة عشرة منالنظام.
ب - الدعاوى المنصوص عليها في الفقرة )١( من المادة الحادية عشرة مناللائحة.
ج - الدعاوى التي يكون أطرافها زوجين» أو تربطهم صلة قرابة إلى الدرجةالرابعة.
د - الدعاوى المتعلقة بالعقود التي تتضمن الاتفاق - كتابة - على اللجوء إلى المصالحة والوساطة والتسوية الودية قبل اللجوء إلىالقضاء.","[('اللائحة التنفيذية لنظام المحاكم التجارية', 'المادة الثامنة والخمسون'), ('اللائحة التنفيذية لنظام المحاكم التجارية', 'المادة التاسعة والخمسون'), ('اللائحة التنفيذية لنظام المحاكم التجارية', 'المادة الأربعون بعد المائتين')]","['اللايحةالتنفيذيةلنظامالمحاكمالتجارية||المادةالثامنةوالخمسون', 'اللايحةالتنفيذيةلنظامالمحاكمالتجارية||المادةالتاسعةوالخمسون', 'اللايحةالتنفيذيةلنظامالمحاكمالتجارية||المادةالاربعونبعدالمايتين']",True,"User Query:
متى يكون سبق المصالحة أو الوساطة شرطًا قبل رفع الدعوى التجارية؟

[Retrieved Article 1]
Law: اللائحة التنفيذية لنظام المحاكم التجارية
Article: المادة الثامنة والخمسون
Text: المادة الثامنة والخمسون : الدعاوى التي يجب فيها سبق اللجوء للمصالحةوالوساطة
يجب اللجوء إلى المصالحة والوساطة قبل قيد أي من الدعاوىالآتية:
أ- الدعاوى المنصوص عليها في الفقرة (؟) من المادة السادسة عشرة منالنظام.
ب - الدعاوى المنصوص عليها في الفقرة )١( من المادة الحادية عشرة مناللائحة.
ج - الدعاوى التي يكون أطرافها زوجين» أو تربطهم صلة قرابة إلى الدرجةالرابعة.
د - الدعاوى المتعلقة بالعقود التي تتضمن الاتفاق - كتابة - على اللجوء إلى المصالحة والوساطة والتسوية الودية قبل اللجوء إلىالقضاء.

[Retrieved Article 2]
Law: اللائحة التنفيذية لنظام المحاكم التجارية
Article: المادة التاسعة والخمسون
Text: المادة التاسعة والخمسون : الدعاوى التي يجب فيها سبق اللجوء للمصالحةوالوساطة
-١ يتحقق سبق اللجوء إلى المصالحة بتقديم وثيقة بانتهاء المصالحة بغير صلح أو بصلح في بعض المنازعة:» أو تقديم ما يثبت البدء في إجراءات المصالحة ومضي المدة المحددةفي
الفقرة )١( من المادة الثامنة من النظام» ولا يحول قيد الدعوى دون استمرار عملية المصالحةوالوساطة.
-١ تطبق أحكام المادة الحادية والعشرين من النظام في حال عدم تقديم المدعي ما نصت عليه الفقرة )١( من هذهالمادة .

[Retrieved Article 3]
Law: اللائحة التنفيذية لنظام المحاكم التجارية
Article: المادة الأربعون بعد المائتين
Text: المادة الأربعون بعد المائتين: إجراءات نظر الدعاوىاليسيرة
يجب أن يسبق نظر الدعاوى اليسيرة اللجوْ إلى المصالحة والوساطة:؛ على ألا تزيد مدة تلك الإجراءات على (خمسة عشر)يوماً.",1.0,1.0,0.0,1.0,1.0,"```json
{
  ""correctness"": 4,
  ""faithfulness"": 4,
  ""arabic_quality"": 5,
  ""hallucination"": 0,
  ""reason"": ""الإجابة دقيقة وموثقة من النص القانوني المرجعي الذهبي، وواضحة ومكتوبة بشكل محترف.""
}
```

**تفصيل الأسباب:**

- **الدقة (correctness):** الإجابة دقيقة حيث تم ذكر جميع الحالات التي يجب فيها اللجوء إلى المصالحة والوساطة قبل رفع الدعوى التجارية كما هو مذكور في النص القانوني المرجعي الذهبي.
  
- **الوفاء بال Faithfulness:** الإجابة متوافقة مع السياق المسترجع، حيث تم ذكر الحالات المحددة في المادة الثامنة والخمسون من اللائحة التنفيذية لنظام المحاكم التجارية.

- **جودة اللغة العربية (arabic_quality):** الإجابة مكتوبة",16.978716571000405,1239,False,True,4.0,4.0,5.0,0,الإجابة دقيقة وموثقة من النص القانوني المرجعي الذهبي، وواضحة ومكتوبة بشكل محترف.
Q024,Qwen3-8B,"{
  ""answer_ar"": ""يجب ألا ترفع القضية إلا بعد محاولة المصالحة أو الوساطة، وذلك وفقًا للمادة الثامنة والخمسون من اللائحة التنفيذية لنظام المحاكم التجارية، وذلك في حال كانت الدعوى من بين تلك التي تُلزم باللجوء إلى المصالحة والوساطة."",
  ""citations"": [
    {""law"": ""اللائحة التنفيذية لنظام المحاكم التجارية"", ""article"": ""المادة الثامنة والخمسون""}
  ],
  ""insufficient_context"": false
}",14.217759291999757,918,False,True,يجب ألا ترفع القضية إلا بعد محاولة المصالحة أو الوساطة، وذلك وفقًا للمادة الثامنة والخمسون من اللائحة التنفيذية لنظام المحاكم التجارية، وذلك في حال كانت الدعوى من بين تلك التي تُلزم باللجوء إلى المصالحة والوساطة.,"[{'law': 'اللائحة التنفيذية لنظام المحاكم التجارية', 'article': 'المادة الثامنة والخمسون'}]",False,informal,متى لازم أحاول أصلح أو أتوسط قبل ما أرفع القضية؟,اللائحة التنفيذية لنظام المحاكم التجارية,المادة الثامنة والخمسون,اللايحةالتنفيذيةلنظامالمحاكمالتجارية||المادةالثامنةوالخمسون,"المادة الثامنة والخمسون : الدعاوى التي يجب فيها سبق اللجوء للمصالحةوالوساطة
يجب اللجوء إلى المصالحة والوساطة قبل قيد أي من الدعاوىالآتية:
أ- الدعاوى المنصوص عليها في الفقرة (؟) من المادة السادسة عشرة منالنظام.
ب - الدعاوى المنصوص عليها في الفقرة )١( من المادة الحادية عشرة مناللائحة.
ج - الدعاوى التي يكون أطرافها زوجين» أو تربطهم صلة قرابة إلى الدرجةالرابعة.
د - الدعاوى المتعلقة بالعقود التي تتضمن الاتفاق - كتابة - على اللجوء إلى المصالحة والوساطة والتسوية الودية قبل اللجوء إلىالقضاء.","[('اللائحة التنفيذية لنظام المحاكم التجارية', 'المادة الثامنة والخمسون'), ('اللائحة التنفيذية لنظام المحاكم التجارية', 'المادة السبعون بعد المائتين'), ('اللائحة التنفيذية لنظام المحاكم التجارية', 'المادة التاسعة والخمسون')]","['اللايحةالتنفيذيةلنظامالمحاكمالتجارية||المادةالثامنةوالخمسون', 'اللايحةالتنفيذيةلنظامالمحاكمالتجارية||المادةالسبعونبعدالمايتين', 'اللايحةالتنفيذيةلنظامالمحاكمالتجارية||المادةالتاسعةوالخمسون']",True,"User Query:
متى لازم أحاول أصلح أو أتوسط قبل ما أرفع القضية؟

[Retrieved Article 1]
Law: اللائحة التنفيذية لنظام المحاكم التجارية
Article: المادة الثامنة والخمسون
Text: المادة الثامنة والخمسون : الدعاوى التي يجب فيها سبق اللجوء للمصالحةوالوساطة
يجب اللجوء إلى المصالحة والوساطة قبل قيد أي من الدعاوىالآتية:
أ- الدعاوى المنصوص عليها في الفقرة (؟) من المادة السادسة عشرة منالنظام.
ب - الدعاوى المنصوص عليها في الفقرة )١( من المادة الحادية عشرة مناللائحة.
ج - الدعاوى التي يكون أطرافها زوجين» أو تربطهم صلة قرابة إلى الدرجةالرابعة.
د - الدعاوى المتعلقة بالعقود التي تتضمن الاتفاق - كتابة - على اللجوء إلى المصالحة والوساطة والتسوية الودية قبل اللجوء إلىالقضاء.

[Retrieved Article 2]
Law: اللائحة التنفيذية لنظام المحاكم التجارية
Article: المادة السبعون بعد المائتين
Text: المادة السبعون بعد المائتين: عرض التسوية في الدعوىالجماعية
يجب قبل نظر الدعوى الجماعية عرض التسوية على الأطرافء وفي حال توصل ممثل المدعين إلى تسوية مع المدعى عليه» فيجب على ممثل المدعين عرضها علىالمدعين
بالوسيلة المناسبة مع تحديد ميعاد لإبداء الموافقة على العرض من عدمه خلال مدة لا تتجاوز ثلاثين يومأ؛ وفي حال قبلها أغلبية المدعين» فتثبت التسوية بحق من قبل بهاوتنهي
المحكمة الدعوى الجماعيةبذلك.

[Retrieved Article 3]
Law: اللائحة التنفيذية لنظام المحاكم التجارية
Article: المادة التاسعة والخمسون
Text: المادة التاسعة والخمسون : الدعاوى التي يجب فيها سبق اللجوء للمصالحةوالوساطة
-١ يتحقق سبق اللجوء إلى المصالحة بتقديم وثيقة بانتهاء المصالحة بغير صلح أو بصلح في بعض المنازعة:» أو تقديم ما يثبت البدء في إجراءات المصالحة ومضي المدة المحددةفي
الفقرة )١( من المادة الثامنة من النظام» ولا يحول قيد الدعوى دون استمرار عملية المصالحةوالوساطة.
-١ تطبق أحكام المادة الحادية والعشرين من النظام في حال عدم تقديم المدعي ما نصت عليه الفقرة )١( من هذهالمادة .",1.0,1.0,0.0,1.0,1.0,"{
  ""correctness"": 4,
  ""faithfulness"": 3,
  ""arabic_quality"": 4,
  ""hallucination"": 0,
  ""reason"": ""الإجابة صحيحة بشكل عام، ولكنها لم تذكر جميع الحالات التي تُلزم باللجوء إلى المصالحة والوساطة كما هو مذكور في النص القانوني.""
}",8.074249306999263,1219,False,True,4.0,3.0,4.0,0,الإجابة صحيحة بشكل عام، ولكنها لم تذكر جميع الحالات التي تُلزم باللجوء إلى المصالحة والوساطة كما هو مذكور في النص القانوني.
Q025,Qwen3-8B,"{
  ""answer_ar"": ""يجب أن يتضمن الإخطار قبل رفع الدعوى بيانات الأطراف، وموضوع النزاع، والطلبات، ومستند المطالبة، بالإضافة إلى بيانات صحيفة الدعوى المذكورة في المادة السادسة والسبعون من اللائحة التنفيذية لنظام المحاكم التجارية."",
  ""citations"": [
    {""law"": ""اللوائح التنفيذية لنظام المحاكم التجارية"", ""article"": ""المادة السبعون""},
    {""law"": ""اللوائح التنفيذية لنظام المحاكم التجارية"", ""article"": ""المادة السادسة والسبعون""}
  ],
  ""insufficient_context"": false
}",16.01883229000032,689,False,True,يجب أن يتضمن الإخطار قبل رفع الدعوى بيانات الأطراف، وموضوع النزاع، والطلبات، ومستند المطالبة، بالإضافة إلى بيانات صحيفة الدعوى المذكورة في المادة السادسة والسبعون من اللائحة التنفيذية لنظام المحاكم التجارية.,"[{'law': 'اللوائح التنفيذية لنظام المحاكم التجارية', 'article': 'المادة السبعون'}, {'law': 'اللوائح التنفيذية لنظام المحاكم التجارية', 'article': 'المادة السادسة والسبعون'}]",False,formal_direct,ما البيانات التي يجب أن يتضمنها الإخطار قبل رفع الدعوى؟,اللائحة التنفيذية لنظام المحاكم التجارية,المادة السبعون,اللايحةالتنفيذيةلنظامالمحاكمالتجارية||المادةالسبعون,"المادة السبعون:
يجب أن يتضمن الإخطار بيانات الأطراف؛ وموضوع النزاع؛ والطلبات» ومستندالمطالبة.","[('اللائحة التنفيذية لنظام المحاكم التجارية', 'المادة السبعون'), ('اللائحة التنفيذية لنظام المحاكم التجارية', 'المادة السادسة والسبعون'), ('اللائحة التنفيذية لنظام المحاكم التجارية', 'المادة الثانيةوالسبعون')]","['اللايحةالتنفيذيةلنظامالمحاكمالتجارية||المادةالسبعون', 'اللايحةالتنفيذيةلنظامالمحاكمالتجارية||المادةالسادسةوالسبعون', 'اللايحةالتنفيذيةلنظامالمحاكمالتجارية||المادةالثانيةوالسبعون']",True,"User Query:
ما البيانات التي يجب أن يتضمنها الإخطار قبل رفع الدعوى؟

[Retrieved Article 1]
Law: اللائحة التنفيذية لنظام المحاكم التجارية
Article: المادة السبعون
Text: المادة السبعون:
يجب أن يتضمن الإخطار بيانات الأطراف؛ وموضوع النزاع؛ والطلبات» ومستندالمطالبة.

[Retrieved Article 2]
Law: اللائحة التنفيذية لنظام المحاكم التجارية
Article: المادة السادسة والسبعون
Text: المادة السادسة والسبعون : بيانات صحيفةالدعوى
يجب أن تتضمن صحيفة الدعوى - إضافة إلى البيانات المنصوص عليها في النظام ونظام المرافعات الشرعية -الآتي:
أ- الاسم الكامل للشخص الطبيعي للمدعي والمدعىعليه.
ب - رقم الهوية للشخص الطبيعيء ورقم السجل التجاري للشخص الاعتباري» وترخيص الاستثمار للمستثمر الأجنبي -بحسب الأحوال- للمدعي والمدعىعليه.
د - تاريخ الإخطار في الدعاوى التي يجب فيهاالإخطار.
ه - ما يتوافر من معلومات عن نشاط الطرف إذا كانتاجراً.
و - رقم رخصة المحاماة إذا كانت الدعوى يجب رفعها منمحام.
ز - بيانات الدعاوى المرتبطة - إن وجدت-.

[Retrieved Article 3]
Law: اللائحة التنفيذية لنظام المحاكم التجارية
Article: المادة الثانيةوالسبعون
Text: المادة الثانيةوالسبعون :
يجب أن يرافق صحيفة الدعوى ما يثبت الإخطارء وفي حال عدم إرفاق ما يثبت الإخطار فتطبق أحكام المادة الحادية والعشرين منالنظام.",1.0,0.0,1.0,0.0,2.0,"```json
{
  ""correctness"": 4,
  ""faithfulness"": 3,
  ""arabic_quality"": 4,
  ""hallucination"": 0,
  ""reason"": ""الإجابة تشمل جميع البيانات المطلوبة وفقًا للنص القانوني الذهبي، ولكنها تضيف معلومات غير ضرورية من سياق آخر.""
}
```

**تفصيل السبب:**
- **correctness (4):** الإجابة دقيقة فيما يتعلق بالمعلومات الأساسية المطلوبة وفقًا للنص القانوني الذهبي.
- **faithfulness (3):** الإجابة تدعم المعلومات الأساسية من النص القانوني الذهبي، ولكنها تضيف معلومات من سياق آخر (المادة السادسة والسبعون) التي ليست مباشرة متعلقة بالإخطار قبل رفع الدعوى.
- **arabic_quality (4):** اللغة العربية واضحة ومهنية، مع وجود بعض التكرار غير الضروري.
- **hallucination (0):",16.1913216920002,842,False,True,4.0,3.0,4.0,0,الإجابة تشمل جميع البيانات المطلوبة وفقًا للنص القانوني الذهبي، ولكنها تضيف معلومات غير ضرورية من سياق آخر.
Q026,Qwen3-8B,"{
  ""answer_ar"": ""يجب أن يتضمن إخطار الطرف الآخر بالنزاع بيانات الأطراف، وموضوع النزاع، والطلبات، ومستند المطالبة."",
  ""citations"": [
    {""law"": ""اللائحة التنفيذية لنظام المحاكم التجارية"", ""article"": ""المادة السبعون""}
  ],
  ""insufficient_context"": false
}",11.20665012399968,1173,False,True,يجب أن يتضمن إخطار الطرف الآخر بالنزاع بيانات الأطراف، وموضوع النزاع، والطلبات، ومستند المطالبة.,"[{'law': 'اللائحة التنفيذية لنظام المحاكم التجارية', 'article': 'المادة السبعون'}]",False,formal_paraphrase,ما المعلومات الواجب تضمينها في إخطار الطرف الآخر بالنزاع؟,اللائحة التنفيذية لنظام المحاكم التجارية,المادة السبعون,اللايحةالتنفيذيةلنظامالمحاكمالتجارية||المادةالسبعون,"المادة السبعون:
يجب أن يتضمن الإخطار بيانات الأطراف؛ وموضوع النزاع؛ والطلبات» ومستندالمطالبة.","[('اللائحة التنفيذية لنظام المحاكم التجارية', 'المادة السبعون'), ('نظام التحكيم', 'المادة السادسةوالثلاثون'), ('نظام التحكيم', 'المادة الثلاثون')]","['اللايحةالتنفيذيةلنظامالمحاكمالتجارية||المادةالسبعون', 'نظامالتحكيم||المادةالسادسةوالثلاثون', 'نظامالتحكيم||المادةالثلاثون']",True,"User Query:
ما المعلومات الواجب تضمينها في إخطار الطرف الآخر بالنزاع؟

[Retrieved Article 1]
Law: اللائحة التنفيذية لنظام المحاكم التجارية
Article: المادة السبعون
Text: المادة السبعون:
يجب أن يتضمن الإخطار بيانات الأطراف؛ وموضوع النزاع؛ والطلبات» ومستندالمطالبة.

[Retrieved Article 2]
Law: نظام التحكيم
Article: المادة السادسةوالثلاثون
Text: المادة السادسةوالثلاثون
-١ لهيئة التحكيم تعيين خبير أو أكثرء لتقديم تقرير مكتوب أو شفهي يثبت في محضر الجلسة في شأن مسائل معينة تحددها بقرار منهاء وتبلغ به كلاً من الطرفين ما لم يتفقا علىغير
""- على كل من الطرفين أن يقدم إلى الخبير المعلومات المتعلقة بالنزاع» وأن يمكنه من معاينة وفحص ما يطلبه من وثائق أو سلع أو أموال أخرى متعلقة بالنزاع. وتفصلهيئة
التحكيم في كل نزاع يقوم بين الخبير وأحد الطرفين في هذا الشأن بقرار غير قابل للطعن بأي طريق من طرقالطعن.
'- ترسل هيئة التحكيم صورة من تقرير الخبير بمجرد إيداعه لديها إلى كل من الطرفين؛ مع إتاحة الفرصة له لإبداء رأيه فيه. ولكليهما الحق في الاطلاع على الوثائق التياستند
إليها الخبير في تقريره وفحصها. ويصدر الخبير تقريره النهائي بعد الاطلاع على ما أبداه طرفا التحكيمحوله.
5- لهيئة التحكيم بعد تقديم تقرير الخبير أن تقرر من تلقاء نفسهاء أو بناءً على طلب أحد طرفي التحكيم» عقد جلسة لسماع أقوال الخبيرء مع إتاحة الفرصة للطرفين لسماعهومناقشته
في شأن ما ورد فيتقريره.

[Retrieved Article 3]
Law: نظام التحكيم
Article: المادة الثلاثون
Text: المادة الثلاثون
-١ يرسل المدعي خلال الميعاد المتفق عليه بين الطرفين» أو الذي تعينه هيئة التحكيم إلى المدعى عليه وإلى كل واحد من المحكمين ؛ بياناً مكتوباً بدعواه» يشتمل على اسمه؛وعنوانه»
واسم المدعى عليه» وعنوانه» وشرح لوقائع الدعوى؛ وطلباته» وأسانيده» وكل أمر آخر يوجب اتفاق الطرفين ذكره في هذا البيان. 11
؟- يرسل المدعى عليه خلال الميعاد المتفق عليه بين الطرفين أو الذي تعينه هيئة التحكيم إلى المدعي وإلى كل واحد من المحكمين ؛ جواباً مكتوباً بدفاعه رداً على ما جاء فيبيان
الدعوى. وله أن يضمن جوابه أي طلب متصل بموضوع النزاع. أو أن يتمسك بحق ناشئ منه بقصد الدفع بالمقاصة» وله ذلك ولو في مرحلة لاحقة من الإجراءات إذا رأتهيئة
التحكيم أن الظروف تسوغ التأخير. ٠
""- يجوز لكل واحد من الطرفين أن يرفق ببيان الدعوى أو بجوابه عليها على حسب الأحوال صوراً من الوثائق التي يستند إليهاء وأن يشير إلى كل الوثائق أو بعضهاءوأدلة
الإثبات التي يعتزم تقديمها. ولا يُخل هذا بحق هيئة التحكيم في أي مرحلة كانت عليها الدعوى في طلب تقديم أصول المستندات أو الوثائق التي يستند إليها أي من طرفي الدعوىءأو
صورمنها.",1.0,1.0,0.0,1.0,1.0,"{
  ""correctness"": 1,
  ""faithfulness"": 1,
  ""arabic_quality"": 1,
  ""hallucination"": 0,
  ""reason"": ""الإجابة مطابقة للمادة السبعون من اللائحة التنفيذية لنظام المحاكم التجارية، وهي دقيقة ودقيقة في تضمين المعلومات اللازمة في إخطار الطرف الآخر بالنزاع.""
}",8.008641514001283,1294,False,True,1.0,1.0,1.0,0,الإجابة مطابقة للمادة السبعون من اللائحة التنفيذية لنظام المحاكم التجارية، وهي دقيقة ودقيقة في تضمين المعلومات اللازمة في إخطار الطرف الآخر بالنزاع.
Q027,Qwen3-8B,"{
  ""answer_ar"": ""يجب أن يحتوي الإخطار على بيانات الأطراف، وموضوع النزاع، والطلبات، ومستند المطالبة، وفقًا للمادة السبعون من اللائحة التنفيذية لنظام المحاكم التجارية."",
  ""citations"": [
    {""law"": ""اللائحة التنفيذية لنظام المحاكم التجارية"", ""article"": ""المادة السبعون""}
  ],
  ""insufficient_context"": false
}",11.966028817000732,948,False,True,يجب أن يحتوي الإخطار على بيانات الأطراف، وموضوع النزاع، والطلبات، ومستند المطالبة، وفقًا للمادة السبعون من اللائحة التنفيذية لنظام المحاكم التجارية.,"[{'law': 'اللائحة التنفيذية لنظام المحاكم التجارية', 'article': 'المادة السبعون'}]",False,informal,وش لازم أكتب في الإخطار اللي أرسله للطرف الثاني؟,اللائحة التنفيذية لنظام المحاكم التجارية,المادة السبعون,اللايحةالتنفيذيةلنظامالمحاكمالتجارية||المادةالسبعون,"المادة السبعون:
يجب أن يتضمن الإخطار بيانات الأطراف؛ وموضوع النزاع؛ والطلبات» ومستندالمطالبة.","[('اللائحة التنفيذية لنظام المحاكم التجارية', 'المادة السبعون'), ('اللائحة التنفيذية لنظام المحاكم التجارية', 'المادة الحاديةوالسبعون'), ('نظام التحكيم', 'المادة الثلاثون')]","['اللايحةالتنفيذيةلنظامالمحاكمالتجارية||المادةالسبعون', 'اللايحةالتنفيذيةلنظامالمحاكمالتجارية||المادةالحاديةوالسبعون', 'نظامالتحكيم||المادةالثلاثون']",True,"User Query:
وش لازم أكتب في الإخطار اللي أرسله للطرف الثاني؟

[Retrieved Article 1]
Law: اللائحة التنفيذية لنظام المحاكم التجارية
Article: المادة السبعون
Text: المادة السبعون:
يجب أن يتضمن الإخطار بيانات الأطراف؛ وموضوع النزاع؛ والطلبات» ومستندالمطالبة.

[Retrieved Article 2]
Law: اللائحة التنفيذية لنظام المحاكم التجارية
Article: المادة الحاديةوالسبعون
Text: المادة الحاديةوالسبعون :
-١ يتحقق الإخطار بقيام المدعي بإرسال البيانات الواردة في المادة السبعين من اللائحة إلى أي من عناوين المدعى عليه بأي وسيلةكانت.
-١ يعد في حكم الإخطار تقديم ما يثبت اللجوء إلى التسوية الودية أو المصالحة أو الوساطة قبل قيد الدعوى» بشرط مضي المدة المنصوص عليها في الفقرة )١( من المادة التاسعة
عشرة منالنظام.

[Retrieved Article 3]
Law: نظام التحكيم
Article: المادة الثلاثون
Text: المادة الثلاثون
-١ يرسل المدعي خلال الميعاد المتفق عليه بين الطرفين» أو الذي تعينه هيئة التحكيم إلى المدعى عليه وإلى كل واحد من المحكمين ؛ بياناً مكتوباً بدعواه» يشتمل على اسمه؛وعنوانه»
واسم المدعى عليه» وعنوانه» وشرح لوقائع الدعوى؛ وطلباته» وأسانيده» وكل أمر آخر يوجب اتفاق الطرفين ذكره في هذا البيان. 11
؟- يرسل المدعى عليه خلال الميعاد المتفق عليه بين الطرفين أو الذي تعينه هيئة التحكيم إلى المدعي وإلى كل واحد من المحكمين ؛ جواباً مكتوباً بدفاعه رداً على ما جاء فيبيان
الدعوى. وله أن يضمن جوابه أي طلب متصل بموضوع النزاع. أو أن يتمسك بحق ناشئ منه بقصد الدفع بالمقاصة» وله ذلك ولو في مرحلة لاحقة من الإجراءات إذا رأتهيئة
التحكيم أن الظروف تسوغ التأخير. ٠
""- يجوز لكل واحد من الطرفين أن يرفق ببيان الدعوى أو بجوابه عليها على حسب الأحوال صوراً من الوثائق التي يستند إليهاء وأن يشير إلى كل الوثائق أو بعضهاءوأدلة
الإثبات التي يعتزم تقديمها. ولا يُخل هذا بحق هيئة التحكيم في أي مرحلة كانت عليها الدعوى في طلب تقديم أصول المستندات أو الوثائق التي يستند إليها أي من طرفي الدعوىءأو
صورمنها.",1.0,1.0,0.0,1.0,1.0,"{
  ""correctness"": 5,
  ""faithfulness"": 5,
  ""arabic_quality"": 5,
  ""hallucination"": 0,
  ""reason"": ""الإجابة تتبع المادة السبعون من اللائحة التنفيذية لنظام المحاكم التجارية بدقة، وتعكس جميع النقاط المطلوبة في الإخطار كما هو مذكور في السياق المسترجع.""
}",7.682046927000556,1086,False,True,5.0,5.0,5.0,0,الإجابة تتبع المادة السبعون من اللائحة التنفيذية لنظام المحاكم التجارية بدقة، وتعكس جميع النقاط المطلوبة في الإخطار كما هو مذكور في السياق المسترجع.
Q028,Qwen3-8B,"{
  ""answer_ar"": ""تتضمن صحيفة الدعوى التجارية البيانات التالية: أسماء وتفاصيل الأطراف (الشخص الطبيعي أو الاعتباري)، رقم الهوية أو السجل التجاري، رقم رخصة المحاماة إن وُجد، بيانات الدعاوى المرتبطة إن وُجدت، وبيان الارتباط بين الطلبات. كما يجب حصر الطلبات وتحديد جميع الأسانيد."",
  ""citations"": [
    {""law"": ""الائحة التنفيذية لنظام المحاكم التجارية"", ""article"": ""المادة السادسة والسبعون""},
    {""law"": ""الائحة التنفيذية لنظام المحاكم التجارية"", ""article"": ""المادة السابعة والسبعون""},
    {""law"": ""نظام المحاكم التجارية"", ""article"": ""المادة العشرون""}
  ],
  ""insufficient_context"": false
}",20.151371404999736,819,False,True,تتضمن صحيفة الدعوى التجارية البيانات التالية: أسماء وتفاصيل الأطراف (الشخص الطبيعي أو الاعتباري)، رقم الهوية أو السجل التجاري، رقم رخصة المحاماة إن وُجد، بيانات الدعاوى المرتبطة إن وُجدت، وبيان الارتباط بين الطلبات. كما يجب حصر الطلبات وتحديد جميع الأسانيد.,"[{'law': 'الائحة التنفيذية لنظام المحاكم التجارية', 'article': 'المادة السادسة والسبعون'}, {'law': 'الائحة التنفيذية لنظام المحاكم التجارية', 'article': 'المادة السابعة والسبعون'}, {'law': 'نظام المحاكم التجارية', 'article': 'المادة العشرون'}]",False,formal_direct,ما البيانات الواجب تضمينها في صحيفة الدعوى التجارية؟,اللائحة التنفيذية لنظام المحاكم التجارية,المادة السادسة والسبعون,اللايحةالتنفيذيةلنظامالمحاكمالتجارية||المادةالسادسةوالسبعون,"المادة السادسة والسبعون : بيانات صحيفةالدعوى
يجب أن تتضمن صحيفة الدعوى - إضافة إلى البيانات المنصوص عليها في النظام ونظام المرافعات الشرعية -الآتي:
أ- الاسم الكامل للشخص الطبيعي للمدعي والمدعىعليه.
ب - رقم الهوية للشخص الطبيعيء ورقم السجل التجاري للشخص الاعتباري» وترخيص الاستثمار للمستثمر الأجنبي -بحسب الأحوال- للمدعي والمدعىعليه.
د - تاريخ الإخطار في الدعاوى التي يجب فيهاالإخطار.
ه - ما يتوافر من معلومات عن نشاط الطرف إذا كانتاجراً.
و - رقم رخصة المحاماة إذا كانت الدعوى يجب رفعها منمحام.
ز - بيانات الدعاوى المرتبطة - إن وجدت-.","[('اللائحة التنفيذية لنظام المحاكم التجارية', 'المادة السادسة والسبعون'), ('اللائحة التنفيذية لنظام المحاكم التجارية', 'المادة السابعة والسبعون'), ('نظام المحاكم التجارية', 'المادة العشرون')]","['اللايحةالتنفيذيةلنظامالمحاكمالتجارية||المادةالسادسةوالسبعون', 'اللايحةالتنفيذيةلنظامالمحاكمالتجارية||المادةالسابعةوالسبعون', 'نظامالمحاكمالتجارية||المادةالعشرون']",True,"User Query:
ما البيانات الواجب تضمينها في صحيفة الدعوى التجارية؟

[Retrieved Article 1]
Law: اللائحة التنفيذية لنظام المحاكم التجارية
Article: المادة السادسة والسبعون
Text: المادة السادسة والسبعون : بيانات صحيفةالدعوى
يجب أن تتضمن صحيفة الدعوى - إضافة إلى البيانات المنصوص عليها في النظام ونظام المرافعات الشرعية -الآتي:
أ- الاسم الكامل للشخص الطبيعي للمدعي والمدعىعليه.
ب - رقم الهوية للشخص الطبيعيء ورقم السجل التجاري للشخص الاعتباري» وترخيص الاستثمار للمستثمر الأجنبي -بحسب الأحوال- للمدعي والمدعىعليه.
د - تاريخ الإخطار في الدعاوى التي يجب فيهاالإخطار.
ه - ما يتوافر من معلومات عن نشاط الطرف إذا كانتاجراً.
و - رقم رخصة المحاماة إذا كانت الدعوى يجب رفعها منمحام.
ز - بيانات الدعاوى المرتبطة - إن وجدت-.

[Retrieved Article 2]
Law: اللائحة التنفيذية لنظام المحاكم التجارية
Article: المادة السابعة والسبعون
Text: المادة السابعة والسبعون : بيانات صحيفةالدعوى
-١ يجب أن تتضمن صحيفة الدعوى بيان الارتباط بين الطلبات حالتعددها.
؟- دون إخلال بما نصت عليه المادة الحادية والعشرون من النظام» تحكم المحكمة بعدم قبول الدعوى عند تضمنها طلبات لا رابط بينهاء ما لم يحصر المدعي دعواه فيأحدها.

[Retrieved Article 3]
Law: نظام المحاكم التجارية
Article: المادة العشرون
Text: المادة العشرون
١.ترفع الدعوى بصحيفة تودع لدى المحكمة؛ وتحدد اللائحة الدعاوى التي يجب رفعها منمحام.
"".يجب أن تتضمن صحيفة الدعوىالآتي:
أ-بيانات الأطراف وممثليهم وصفاتهم وعناوينهم» والبيانات والوثائق التي تحددهااللائحة.
ب-حصر الطلبات» وتحديد جميع أسانيدالدعوى.
"".لا يجمع في صحيفة الدعوى بين عدة طلبات لا رابطبينها.",1.0,0.3333333333333333,0.6666666666666666,0.0,3.0,"```json
{
  ""correctness"": 4,
  ""faithfulness"": 3,
  ""arabic_quality"": 4,
  ""hallucination"": 0,
  ""reason"": ""الإجابة تشمل معظم البيانات المطلوبة وفقًا للنص القانوني، لكنها تضيف معلومات غير موجودة في النص القانوني مثل بيانات الارتباط بين الطلبات.""
}
```

**تفصيل الأسباب:**

- **الصواب (Correctness):** 4/5 - الإجابة تشمل معظم البيانات المطلوبة وفقًا للنص القانوني، ولكنها تضيف معلومات غير موجودة في النص القانوني مثل بيانات الارتباط بين الطلبات.
  
- **الولاء (Faithfulness):** 3/5 - السياق المسترجع يدعم معظم البيانات المذكورة في الإجابة، ولكن بعض المعلومات مثل بيانات الارتباط بين الطلبات ليست موجودة في النص القانوني المسترجع.

- **جودة العربية (",16.7631452659989,1147,False,True,4.0,3.0,4.0,0,الإجابة تشمل معظم البيانات المطلوبة وفقًا للنص القانوني، لكنها تضيف معلومات غير موجودة في النص القانوني مثل بيانات الارتباط بين الطلبات.
Q029,Qwen3-8B,"{
  ""answer_ar"": ""متطلبات بيانات أطراف الدعوى عند تقديم صحيفة الدعوى تشمل: الاسم الكامل للطرفين، رقم الهوية أو السجل التجاري، ورقم رخصة المحاماة إن وُجد، بالإضافة إلى بيانات الأطراف وممثليهم وصفاتهم وعناوينهم حسب ما نصت عليه اللائحة."",
  ""citations"": [
    {""law"": ""الائحة التنفيذية لنظام المحاكم التجارية"", ""article"": ""المادة السادسة والسبعون""},
    {""law"": ""نظام المحاكم التجارية"", ""article"": ""المادة العشرون""}
  ],
  ""insufficient_context"": false
}",16.586830221000127,825,False,True,متطلبات بيانات أطراف الدعوى عند تقديم صحيفة الدعوى تشمل: الاسم الكامل للطرفين، رقم الهوية أو السجل التجاري، ورقم رخصة المحاماة إن وُجد، بالإضافة إلى بيانات الأطراف وممثليهم وصفاتهم وعناوينهم حسب ما نصت عليه اللائحة.,"[{'law': 'الائحة التنفيذية لنظام المحاكم التجارية', 'article': 'المادة السادسة والسبعون'}, {'law': 'نظام المحاكم التجارية', 'article': 'المادة العشرون'}]",False,formal_paraphrase,ما متطلبات بيانات أطراف الدعوى عند تقديم صحيفة الدعوى؟,اللائحة التنفيذية لنظام المحاكم التجارية,المادة السادسة والسبعون,اللايحةالتنفيذيةلنظامالمحاكمالتجارية||المادةالسادسةوالسبعون,"المادة السادسة والسبعون : بيانات صحيفةالدعوى
يجب أن تتضمن صحيفة الدعوى - إضافة إلى البيانات المنصوص عليها في النظام ونظام المرافعات الشرعية -الآتي:
أ- الاسم الكامل للشخص الطبيعي للمدعي والمدعىعليه.
ب - رقم الهوية للشخص الطبيعيء ورقم السجل التجاري للشخص الاعتباري» وترخيص الاستثمار للمستثمر الأجنبي -بحسب الأحوال- للمدعي والمدعىعليه.
د - تاريخ الإخطار في الدعاوى التي يجب فيهاالإخطار.
ه - ما يتوافر من معلومات عن نشاط الطرف إذا كانتاجراً.
و - رقم رخصة المحاماة إذا كانت الدعوى يجب رفعها منمحام.
ز - بيانات الدعاوى المرتبطة - إن وجدت-.","[('اللائحة التنفيذية لنظام المحاكم التجارية', 'المادة السادسة والسبعون'), ('نظام المحاكم التجارية', 'المادة العشرون'), ('اللائحة التنفيذية لنظام المحاكم التجارية', 'المادة السابعة والسبعون')]","['اللايحةالتنفيذيةلنظامالمحاكمالتجارية||المادةالسادسةوالسبعون', 'نظامالمحاكمالتجارية||المادةالعشرون', 'اللايحةالتنفيذيةلنظامالمحاكمالتجارية||المادةالسابعةوالسبعون']",True,"User Query:
ما متطلبات بيانات أطراف الدعوى عند تقديم صحيفة الدعوى؟

[Retrieved Article 1]
Law: اللائحة التنفيذية لنظام المحاكم التجارية
Article: المادة السادسة والسبعون
Text: المادة السادسة والسبعون : بيانات صحيفةالدعوى
يجب أن تتضمن صحيفة الدعوى - إضافة إلى البيانات المنصوص عليها في النظام ونظام المرافعات الشرعية -الآتي:
أ- الاسم الكامل للشخص الطبيعي للمدعي والمدعىعليه.
ب - رقم الهوية للشخص الطبيعيء ورقم السجل التجاري للشخص الاعتباري» وترخيص الاستثمار للمستثمر الأجنبي -بحسب الأحوال- للمدعي والمدعىعليه.
د - تاريخ الإخطار في الدعاوى التي يجب فيهاالإخطار.
ه - ما يتوافر من معلومات عن نشاط الطرف إذا كانتاجراً.
و - رقم رخصة المحاماة إذا كانت الدعوى يجب رفعها منمحام.
ز - بيانات الدعاوى المرتبطة - إن وجدت-.

[Retrieved Article 2]
Law: نظام المحاكم التجارية
Article: المادة العشرون
Text: المادة العشرون
١.ترفع الدعوى بصحيفة تودع لدى المحكمة؛ وتحدد اللائحة الدعاوى التي يجب رفعها منمحام.
"".يجب أن تتضمن صحيفة الدعوىالآتي:
أ-بيانات الأطراف وممثليهم وصفاتهم وعناوينهم» والبيانات والوثائق التي تحددهااللائحة.
ب-حصر الطلبات» وتحديد جميع أسانيدالدعوى.
"".لا يجمع في صحيفة الدعوى بين عدة طلبات لا رابطبينها.

[Retrieved Article 3]
Law: اللائحة التنفيذية لنظام المحاكم التجارية
Article: المادة السابعة والسبعون
Text: المادة السابعة والسبعون : بيانات صحيفةالدعوى
-١ يجب أن تتضمن صحيفة الدعوى بيان الارتباط بين الطلبات حالتعددها.
؟- دون إخلال بما نصت عليه المادة الحادية والعشرون من النظام» تحكم المحكمة بعدم قبول الدعوى عند تضمنها طلبات لا رابط بينهاء ما لم يحصر المدعي دعواه فيأحدها.",1.0,0.5,0.5,0.0,2.0,"```json
{
  ""correctness"": 2,
  ""faithfulness"": 1,
  ""arabic_quality"": 4,
  ""hallucination"": 1,
  ""reason"": ""الإجابة تحتوي على معلومات غير دقيقة وغير مدعومة من النص القانوني المرجعي الذهبي، حيث أنها تضمنت بيانات الأطراف وممثليهم وصفاتهم وعناوينهم، والتي ليست جزءًا من متطلبات بيانات أطراف الدعوى وفقًا للنص القانوني.""
}
```

**تفصيل السبب:**
- **الدقة (Correctness):** 2/5 - الإجابة تحتوي على معلومات غير دقيقة وغير مدعومة من النص القانوني المرجعي الذهبي، حيث أنها تضمنت بيانات الأطراف وممثليهم وصفاتهم وعناوينهم، والتي ليست جزءًا من متطلبات بيانات أطراف الدعوى وفقًا للنص القانوني.
-",17.127102229998854,1146,False,True,2.0,1.0,4.0,1,الإجابة تحتوي على معلومات غير دقيقة وغير مدعومة من النص القانوني المرجعي الذهبي، حيث أنها تضمنت بيانات الأطراف وممثليهم وصفاتهم وعناوينهم، والتي ليست جزءًا من متطلبات بيانات أطراف الدعوى وفقًا للنص القانوني.
Q030,Qwen3-8B,"{
  ""answer_ar"": ""عند رفع دعوى تجارية، يجب أن تشمل المعلومات المطلوبة الاسم الكامل للطرفين، رقم الهوية أو السجل التجاري، ورقم رخصة المحاماة إن وُجد، بالإضافة إلى بيانات الدعاوى المرتبطة إن وُجدت، وفقًا للمادة السادسة والسبعون من اللائحة التنفيذية لنظام المحاكم التجارية."",
  ""citations"": [
    {""law"": ""اللائحة التنفيذية لنظام المحاكم التجارية"", ""article"": ""المادة السادسة والسبعون""}
  ],
  ""insufficient_context"": false
}",15.752404089000263,933,False,True,عند رفع دعوى تجارية، يجب أن تشمل المعلومات المطلوبة الاسم الكامل للطرفين، رقم الهوية أو السجل التجاري، ورقم رخصة المحاماة إن وُجد، بالإضافة إلى بيانات الدعاوى المرتبطة إن وُجدت، وفقًا للمادة السادسة والسبعون من اللائحة التنفيذية لنظام المحاكم التجارية.,"[{'law': 'اللائحة التنفيذية لنظام المحاكم التجارية', 'article': 'المادة السادسة والسبعون'}]",False,informal,إذا برفع دعوى تجارية، وش المعلومات اللي لازم أحطها؟,اللائحة التنفيذية لنظام المحاكم التجارية,المادة السادسة والسبعون,اللايحةالتنفيذيةلنظامالمحاكمالتجارية||المادةالسادسةوالسبعون,"المادة السادسة والسبعون : بيانات صحيفةالدعوى
يجب أن تتضمن صحيفة الدعوى - إضافة إلى البيانات المنصوص عليها في النظام ونظام المرافعات الشرعية -الآتي:
أ- الاسم الكامل للشخص الطبيعي للمدعي والمدعىعليه.
ب - رقم الهوية للشخص الطبيعيء ورقم السجل التجاري للشخص الاعتباري» وترخيص الاستثمار للمستثمر الأجنبي -بحسب الأحوال- للمدعي والمدعىعليه.
د - تاريخ الإخطار في الدعاوى التي يجب فيهاالإخطار.
ه - ما يتوافر من معلومات عن نشاط الطرف إذا كانتاجراً.
و - رقم رخصة المحاماة إذا كانت الدعوى يجب رفعها منمحام.
ز - بيانات الدعاوى المرتبطة - إن وجدت-.","[('اللائحة التنفيذية لنظام المحاكم التجارية', 'المادة الخمسون'), ('اللائحة التنفيذية لنظام المحاكم التجارية', 'المادة السادسة والسبعون'), ('اللائحة التنفيذية لنظام المحاكم التجارية', 'المادة الثامنة والأربعون')]","['اللايحةالتنفيذيةلنظامالمحاكمالتجارية||المادةالخمسون', 'اللايحةالتنفيذيةلنظامالمحاكمالتجارية||المادةالسادسةوالسبعون', 'اللايحةالتنفيذيةلنظامالمحاكمالتجارية||المادةالثامنةوالاربعون']",True,"User Query:
إذا برفع دعوى تجارية، وش المعلومات اللي لازم أحطها؟

[Retrieved Article 1]
Law: اللائحة التنفيذية لنظام المحاكم التجارية
Article: المادة الخمسون
Text: المادة الخمسون: إتاحة اطلاع العموم على بيانات الدعاوىالتجارية
-١ يكون تقرير سرية بعض أوراق الدعوى التجارية أو مستنداتها وفق أحكام الفقرة (؟) من المادة الثالثة عشرة من النظام بناءً على طلب يقدم من أي من الأطراف أو ذيمصلحة
متضمناً أسباب الطلب؛ وللمحكمة - عند الاقتضاء - تقرير سرية الأوراق أو المستندات مؤقتاً إلى حين الفصل فيالطلب.
؟- تفصل المحكمة في طلب السرية بقرار غير قابل للطعن بأي طريقء ولها في ذلكالآتي:
أ- تقرير سرية الأوراق أو المستندات لغير المحكمةوالأطراف.
ب - تقرير الاطلاع دون تداول الأوراق أوالمستندات.
ج - تقرير سرية الأوراق أو المستنداتمؤقتاً.

[Retrieved Article 2]
Law: اللائحة التنفيذية لنظام المحاكم التجارية
Article: المادة السادسة والسبعون
Text: المادة السادسة والسبعون : بيانات صحيفةالدعوى
يجب أن تتضمن صحيفة الدعوى - إضافة إلى البيانات المنصوص عليها في النظام ونظام المرافعات الشرعية -الآتي:
أ- الاسم الكامل للشخص الطبيعي للمدعي والمدعىعليه.
ب - رقم الهوية للشخص الطبيعيء ورقم السجل التجاري للشخص الاعتباري» وترخيص الاستثمار للمستثمر الأجنبي -بحسب الأحوال- للمدعي والمدعىعليه.
د - تاريخ الإخطار في الدعاوى التي يجب فيهاالإخطار.
ه - ما يتوافر من معلومات عن نشاط الطرف إذا كانتاجراً.
و - رقم رخصة المحاماة إذا كانت الدعوى يجب رفعها منمحام.
ز - بيانات الدعاوى المرتبطة - إن وجدت-.

[Retrieved Article 3]
Law: اللائحة التنفيذية لنظام المحاكم التجارية
Article: المادة الثامنة والأربعون
Text: المادة الثامنة والأربعون : إتاحة اطلاع العموم على بيانات الدعاوىالتجارية
يكون طلب الاطلاع وفق أحكام الفقرة )١( من المادة الثالثة عشرة من النظام إلكترونياً؛ ولا يجوز نشر أو تداول أي بيانات أو وثائق في القضية إلا وفق الأحكام المننصوصعليها
في الأنظمة والقرارات ذاتالصلة",1.0,1.0,0.0,1.0,1.0,"```json
{
  ""correctness"": 4,
  ""faithfulness"": 3,
  ""arabic_quality"": 4,
  ""hallucination"": 0,
  ""reason"": ""الإجابة تحتوي على المعلومات الأساسية المطلوبة وفقًا للنص القانوني، لكنها لم تذكر جميع النقاط المذكورة في المادة السادسة والسبعون بشكل دقيق. كما أن السياق المسترجع لا يدعم هذه المعلومات بشكل كامل.""
}
```

**تفصيل السبب:**
- **correctness (4):** الإجابة تحتوي على المعلومات الأساسية المطلوبة، مثل الاسم الكامل للطرفين، رقم الهوية أو السجل التجاري، ورقم رخصة المحاماة إن وُجد، بالإضافة إلى بيانات الدعاوى المرتبطة إن وُجدت. لكنها لم تذكر جميع النقاط المذكورة في المادة بشكل دقيق.
- **faithfulness (3):** السياق المسترجع يدعم جزءًا من المعلومات المطل",17.036725228999785,1264,False,True,4.0,3.0,4.0,0,الإجابة تحتوي على المعلومات الأساسية المطلوبة وفقًا للنص القانوني، لكنها لم تذكر جميع النقاط المذكورة في المادة السادسة والسبعون بشكل دقيق. كما أن السياق المسترجع لا يدعم هذه المعلومات بشكل كامل.
Q031,Qwen3-8B,"{
  ""answer_ar"": ""في الجلسة التحضيرية قبل المرافعة، يتم التحقق من الاختصاص القضائي وشروط قبول الدعوى، وعرض الصلح على الأطراف، وتحديد نطاق الأدلة وقائمة الشهود، واعتماد خطة إدارة الدعوى."",
  ""citations"": [
    {""law"": ""اللائحة التنفيذية لنظام المحاكم التجارية"", ""article"": ""المادة التسعون""}
  ],
  ""insufficient_context"": false
}",12.460987095000746,900,False,True,في الجلسة التحضيرية قبل المرافعة، يتم التحقق من الاختصاص القضائي وشروط قبول الدعوى، وعرض الصلح على الأطراف، وتحديد نطاق الأدلة وقائمة الشهود، واعتماد خطة إدارة الدعوى.,"[{'law': 'اللائحة التنفيذية لنظام المحاكم التجارية', 'article': 'المادة التسعون'}]",False,formal_direct,ما الإجراءات التي تتم في الجلسة التحضيرية قبل المرافعة؟,اللائحة التنفيذية لنظام المحاكم التجارية,المادة التسعون,اللايحةالتنفيذيةلنظامالمحاكمالتجارية||المادةالتسعون,"المادة التسعون: تنظيم الجلساتوإدارتها
تعقد المحكمة جلسة تحضيرية قبل المرافعة» على أن يجري فيهاالآتي:
أ- التحقق من الاختصاص القضائيء» وشروط قبولالدعوى.
ب - عرض الصلح علىالأطراف.
د - تحديد نطاق الأدلة وقائمةالشهود.
ه - اعتماد خطة إدارةالدعوى.","[('اللائحة التنفيذية لنظام المحاكم التجارية', 'المادة التسعون'), ('اللائحة التنفيذية لإجراءات الاستئناف', 'المادة السادسةعشرة'), ('اللائحة التنفيذية لطرق الاعتراض على الأحكام', 'المادة التاسعةوالعشرون')]","['اللايحةالتنفيذيةلنظامالمحاكمالتجارية||المادةالتسعون', 'اللايحةالتنفيذيةلاجراءاتالاستيناف||المادةالسادسةعشرة', 'اللايحةالتنفيذيةلطرقالاعتراضعليالاحكام||المادةالتاسعةوالعشرون']",True,"User Query:
ما الإجراءات التي تتم في الجلسة التحضيرية قبل المرافعة؟

[Retrieved Article 1]
Law: اللائحة التنفيذية لنظام المحاكم التجارية
Article: المادة التسعون
Text: المادة التسعون: تنظيم الجلساتوإدارتها
تعقد المحكمة جلسة تحضيرية قبل المرافعة» على أن يجري فيهاالآتي:
أ- التحقق من الاختصاص القضائيء» وشروط قبولالدعوى.
ب - عرض الصلح علىالأطراف.
د - تحديد نطاق الأدلة وقائمةالشهود.
ه - اعتماد خطة إدارةالدعوى.

[Retrieved Article 2]
Law: اللائحة التنفيذية لإجراءات الاستئناف
Article: المادة السادسةعشرة
Text: المادة السادسةعشرة
للدائرة في سبيل نظر القضية مرافعة الآتي:
-١ أن تعهد إلى أحد قضاتها بتحضير القضية للمرافعة» ومن ذلك دراسة القضية؛ وما يقدم من مذكرات ومستندات» وإعداد مشروع مسودة الحكم» دون سماع أقوالالخصوم.
-١ أن تمكن الخصوم بمحضر الجلسة من تبادل المذكرات والمستندات لدى إدارة المحكمة خلال مدة لا تتجاوز عشرين يوماًء على أن تحدد عدد المذكرات؛ وموعد إيداع كلمنهاء

[Retrieved Article 3]
Law: اللائحة التنفيذية لطرق الاعتراض على الأحكام
Article: المادة التاسعةوالعشرون
Text: المادة التاسعةوالعشرون
-١ للمحكمة أن تعهد إلى أحد قضاتها تحضير القضية وتهيئتها للمرافعة» بما في ذلك دراستها وتحديد نطاق الاستئناف؛ وعقد جلسة تحضيرية» واستكمال المستندات» واستدعاءذوي
الشأن لسؤالهم عن الوقائع التي يرى لزوم تحقيقهاء وإعداد مشروع مسودة الحكم؛ كما يجوز أن تعهد المحكمة بدراسة القضية والوقائع إلى الإدارةالمختصة.
؟- للمحكمة» وللقاضي الذي عهد إليه تحضير القضية أن يمكّن الخصوم من تبادل المذكرات والمستندات لدى الإدارة المختصة خلال مدة لا تتجاوز (عشرين) يومّاء على أنتُحتَدَ
عدد المذكرات؛ وموعد إيداع كل منهاء وموعد الجلسةالتالية.
-'٠"" يترتب على عدم تقديم المذكرة أو المستند في مرحلة تحضير القضية الأثر ذاته الذي يترتب على عدم تقديمه أمامالمحكمة.",1.0,1.0,0.0,1.0,1.0,"{
  ""correctness"": 5,
  ""faithfulness"": 5,
  ""arabic_quality"": 5,
  ""hallucination"": 0,
  ""reason"": ""الإجابة دقيقة وموثقة من النص القانوني المرجعي الذهبي، وواضحة ومكتوبة بشكل محترف باللغة العربية.""
}",6.762064960999851,1112,False,True,5.0,5.0,5.0,0,الإجابة دقيقة وموثقة من النص القانوني المرجعي الذهبي، وواضحة ومكتوبة بشكل محترف باللغة العربية.
Q032,Qwen3-8B,"{
  ""answer_ar"": ""تتناول الجلسة التحضيرية في المحاكم التجارية الموضوعات التالية: التحقق من الاختصاص القضائي وشروط قبول الدعوى، عرض الصلح على الأطراف، تحديد نطاق الأدلة وقائمة الشهود، واعتماد خطة إدارة الدعوى."",
  ""citations"": [
    {""law"": ""اللائحة التنفيذية لنظام المحاكم التجارية"", ""article"": ""المادة التسعون""}
  ],
  ""insufficient_context"": false
}",13.08003834400006,828,False,True,تتناول الجلسة التحضيرية في المحاكم التجارية الموضوعات التالية: التحقق من الاختصاص القضائي وشروط قبول الدعوى، عرض الصلح على الأطراف، تحديد نطاق الأدلة وقائمة الشهود، واعتماد خطة إدارة الدعوى.,"[{'law': 'اللائحة التنفيذية لنظام المحاكم التجارية', 'article': 'المادة التسعون'}]",False,formal_paraphrase,ما الموضوعات التي تنظر فيها المحكمة خلال الجلسة التحضيرية؟,اللائحة التنفيذية لنظام المحاكم التجارية,المادة التسعون,اللايحةالتنفيذيةلنظامالمحاكمالتجارية||المادةالتسعون,"المادة التسعون: تنظيم الجلساتوإدارتها
تعقد المحكمة جلسة تحضيرية قبل المرافعة» على أن يجري فيهاالآتي:
أ- التحقق من الاختصاص القضائيء» وشروط قبولالدعوى.
ب - عرض الصلح علىالأطراف.
د - تحديد نطاق الأدلة وقائمةالشهود.
ه - اعتماد خطة إدارةالدعوى.","[('اللائحة التنفيذية لنظام المحاكم التجارية', 'المادة التسعون'), ('اللائحة التنفيذية لنظام المحاكم التجارية', 'المادة الحادية والتسعون'), ('اللائحة التنفيذية لطرق الاعتراض على الأحكام', 'المادة التاسعةوالعشرون')]","['اللايحةالتنفيذيةلنظامالمحاكمالتجارية||المادةالتسعون', 'اللايحةالتنفيذيةلنظامالمحاكمالتجارية||المادةالحاديةوالتسعون', 'اللايحةالتنفيذيةلطرقالاعتراضعليالاحكام||المادةالتاسعةوالعشرون']",True,"User Query:
ما الموضوعات التي تنظر فيها المحكمة خلال الجلسة التحضيرية؟

[Retrieved Article 1]
Law: اللائحة التنفيذية لنظام المحاكم التجارية
Article: المادة التسعون
Text: المادة التسعون: تنظيم الجلساتوإدارتها
تعقد المحكمة جلسة تحضيرية قبل المرافعة» على أن يجري فيهاالآتي:
أ- التحقق من الاختصاص القضائيء» وشروط قبولالدعوى.
ب - عرض الصلح علىالأطراف.
د - تحديد نطاق الأدلة وقائمةالشهود.
ه - اعتماد خطة إدارةالدعوى.

[Retrieved Article 2]
Law: اللائحة التنفيذية لنظام المحاكم التجارية
Article: المادة الحادية والتسعون
Text: المادة الحادية والتسعون : تنظيم الجلساتوإدارتها
تُعقد الجلسة التحضيرية بحضور أطراف الدعوىء ويُعد -بناءً عليها- تقريرٌ يتضمن ما انتهت إليه الجلسة» ويعتمد من رئيسالدائرة.

[Retrieved Article 3]
Law: اللائحة التنفيذية لطرق الاعتراض على الأحكام
Article: المادة التاسعةوالعشرون
Text: المادة التاسعةوالعشرون
-١ للمحكمة أن تعهد إلى أحد قضاتها تحضير القضية وتهيئتها للمرافعة» بما في ذلك دراستها وتحديد نطاق الاستئناف؛ وعقد جلسة تحضيرية» واستكمال المستندات» واستدعاءذوي
الشأن لسؤالهم عن الوقائع التي يرى لزوم تحقيقهاء وإعداد مشروع مسودة الحكم؛ كما يجوز أن تعهد المحكمة بدراسة القضية والوقائع إلى الإدارةالمختصة.
؟- للمحكمة» وللقاضي الذي عهد إليه تحضير القضية أن يمكّن الخصوم من تبادل المذكرات والمستندات لدى الإدارة المختصة خلال مدة لا تتجاوز (عشرين) يومّاء على أنتُحتَدَ
عدد المذكرات؛ وموعد إيداع كل منهاء وموعد الجلسةالتالية.
-'٠"" يترتب على عدم تقديم المذكرة أو المستند في مرحلة تحضير القضية الأثر ذاته الذي يترتب على عدم تقديمه أمامالمحكمة.",1.0,1.0,0.0,1.0,1.0,"{
  ""correctness"": 5,
  ""faithfulness"": 5,
  ""arabic_quality"": 5,
  ""hallucination"": 0,
  ""reason"": ""الإجابة مطابقة تماماً للنص القانوني المرجعي الذهبي وتحتوي على جميع النقاط المذكورة فيه دون إضافة أي معلومات غير موجودة في السياق المسترجع.""
}",8.037064103000375,1045,False,True,5.0,5.0,5.0,0,الإجابة مطابقة تماماً للنص القانوني المرجعي الذهبي وتحتوي على جميع النقاط المذكورة فيه دون إضافة أي معلومات غير موجودة في السياق المسترجع.
Q033,Qwen3-8B,"{
  ""answer_ar"": ""في الجلسة التحضيرية قبل المرافعة، يتم التحقق من الاختصاص القضائي وشروط قبول الدعوى، وعرض الصلح على الأطراف، وتحديد نطاق الأدلة وقائمة الشهود، واعتماد خطة إدارة الدعوى."",
  ""citations"": [
    {""law"": ""اللائحة التنفيذية لنظام المحاكم التجارية"", ""article"": ""المادة التسعون""}
  ],
  ""insufficient_context"": false
}",13.133709660000022,974,False,True,في الجلسة التحضيرية قبل المرافعة، يتم التحقق من الاختصاص القضائي وشروط قبول الدعوى، وعرض الصلح على الأطراف، وتحديد نطاق الأدلة وقائمة الشهود، واعتماد خطة إدارة الدعوى.,"[{'law': 'اللائحة التنفيذية لنظام المحاكم التجارية', 'article': 'المادة التسعون'}]",False,informal,وش يصير بالجلسة التحضيرية قبل تبدأ المرافعة؟,اللائحة التنفيذية لنظام المحاكم التجارية,المادة التسعون,اللايحةالتنفيذيةلنظامالمحاكمالتجارية||المادةالتسعون,"المادة التسعون: تنظيم الجلساتوإدارتها
تعقد المحكمة جلسة تحضيرية قبل المرافعة» على أن يجري فيهاالآتي:
أ- التحقق من الاختصاص القضائيء» وشروط قبولالدعوى.
ب - عرض الصلح علىالأطراف.
د - تحديد نطاق الأدلة وقائمةالشهود.
ه - اعتماد خطة إدارةالدعوى.","[('اللائحة التنفيذية لنظام المحاكم التجارية', 'المادة التسعون'), ('اللائحة التنفيذية لطرق الاعتراض على الأحكام', 'المادة التاسعةوالعشرون'), ('اللائحة التنفيذية لنظام المحاكم التجارية', 'المادة الثالثة والتسعون')]","['اللايحةالتنفيذيةلنظامالمحاكمالتجارية||المادةالتسعون', 'اللايحةالتنفيذيةلطرقالاعتراضعليالاحكام||المادةالتاسعةوالعشرون', 'اللايحةالتنفيذيةلنظامالمحاكمالتجارية||المادةالثالثةوالتسعون']",True,"User Query:
وش يصير بالجلسة التحضيرية قبل تبدأ المرافعة؟

[Retrieved Article 1]
Law: اللائحة التنفيذية لنظام المحاكم التجارية
Article: المادة التسعون
Text: المادة التسعون: تنظيم الجلساتوإدارتها
تعقد المحكمة جلسة تحضيرية قبل المرافعة» على أن يجري فيهاالآتي:
أ- التحقق من الاختصاص القضائيء» وشروط قبولالدعوى.
ب - عرض الصلح علىالأطراف.
د - تحديد نطاق الأدلة وقائمةالشهود.
ه - اعتماد خطة إدارةالدعوى.

[Retrieved Article 2]
Law: اللائحة التنفيذية لطرق الاعتراض على الأحكام
Article: المادة التاسعةوالعشرون
Text: المادة التاسعةوالعشرون
-١ للمحكمة أن تعهد إلى أحد قضاتها تحضير القضية وتهيئتها للمرافعة» بما في ذلك دراستها وتحديد نطاق الاستئناف؛ وعقد جلسة تحضيرية» واستكمال المستندات» واستدعاءذوي
الشأن لسؤالهم عن الوقائع التي يرى لزوم تحقيقهاء وإعداد مشروع مسودة الحكم؛ كما يجوز أن تعهد المحكمة بدراسة القضية والوقائع إلى الإدارةالمختصة.
؟- للمحكمة» وللقاضي الذي عهد إليه تحضير القضية أن يمكّن الخصوم من تبادل المذكرات والمستندات لدى الإدارة المختصة خلال مدة لا تتجاوز (عشرين) يومّاء على أنتُحتَدَ
عدد المذكرات؛ وموعد إيداع كل منهاء وموعد الجلسةالتالية.
-'٠"" يترتب على عدم تقديم المذكرة أو المستند في مرحلة تحضير القضية الأثر ذاته الذي يترتب على عدم تقديمه أمامالمحكمة.

[Retrieved Article 3]
Law: اللائحة التنفيذية لنظام المحاكم التجارية
Article: المادة الثالثة والتسعون
Text: المادة الثالثة والتسعون : تنظيم الجلساتوإدارتها
-١ للمحكمة - بعد التحقق من المسائل الأولية في الجلسة التحضيرية - أن تؤجل الجلسة بما لا يتجاوز ستين يومأًء وإذا اقتضى الأمر التأجيل للمرة الثانية فلا يتجاوز التأجيلثلاثين
يومأء وعلى المحكمة أن تبين سبب التأجيل في محضرالقضية.
""- يكون الحد الأقصى للجلسات جلستي مرافعة بعد تبليغ المدعى عليه ولا يجوز التأجيل فيما زاد عليها إلا في الحالات والظروف الاستثنائية» ومن ذلك: إذا تبين للمحكمة أنأسباباً
خارجة عن إرادة الخصم حالت دون اتخاذ الإجراء المطلوب» كالمرض الطارئ لأحد أطراف الدعوى أو ممثليهم؛ أو عدم تمكن أحد الشهود من الحضور لظرفطارئ.",1.0,1.0,0.0,1.0,1.0,"{
  ""correctness"": 5,
  ""faithfulness"": 5,
  ""arabic_quality"": 5,
  ""hallucination"": 0,
  ""reason"": ""الإجابة متماشية تماماً مع النص القانوني المرجعي الذهبي وتحتوي على جميع النقاط المذكورة في المادة التسعون.""
}",6.9636963850007305,1186,False,True,5.0,5.0,5.0,0,الإجابة متماشية تماماً مع النص القانوني المرجعي الذهبي وتحتوي على جميع النقاط المذكورة في المادة التسعون.
Q034,Qwen3-8B,"{
  ""answer_ar"": ""يجوز استخدام تقنيات الذكاء الاصطناعي في الإجراءات الإلكترونية، وفقاً لأحكام المواد المذكورة."",
  ""citations"": [
    {""law"": ""اللائحة التنفيذية لنظام المحاكم التجارية"", ""article"": ""المادة الرابعة والعشرون""},
    {""law"": ""الأدلة الإجرائية لنظام الإثبات"", ""article"": ""المادة الثالثة والعشرون""},
    {""law"": ""اللائحة التنفيذية لنظام التوثيق"", ""article"": ""المادة العشرون""}
  ],
  ""insufficient_context"": false
}",15.84151850499984,655,False,True,يجوز استخدام تقنيات الذكاء الاصطناعي في الإجراءات الإلكترونية، وفقاً لأحكام المواد المذكورة.,"[{'law': 'اللائحة التنفيذية لنظام المحاكم التجارية', 'article': 'المادة الرابعة والعشرون'}, {'law': 'الأدلة الإجرائية لنظام الإثبات', 'article': 'المادة الثالثة والعشرون'}, {'law': 'اللائحة التنفيذية لنظام التوثيق', 'article': 'المادة العشرون'}]",False,formal_direct,هل يجوز استخدام تقنيات الذكاء الاصطناعي في الإجراءات الإلكترونية؟,اللائحة التنفيذية لنظام المحاكم التجارية,المادة الرابعة والعشرون,اللايحةالتنفيذيةلنظامالمحاكمالتجارية||المادةالرابعةوالعشرون,"المادة الرابعة والعشرون : أحكامعامة
يجوز الاستفادة من تقنيات الذكاء الاصطناعي في الإجراءات الإلكترونية, ويستغنى عن أي إجراء تحققت غايته باستخدام تلكالتقنية.","[('اللائحة التنفيذية لنظام المحاكم التجارية', 'المادة الرابعة والعشرون'), ('الأدلة الإجرائية لنظام الإثبات', 'المادة الثالثةوالعشرون'), ('اللائحة التنفيذية لنظام التوثيق', 'المادة العشرون')]","['اللايحةالتنفيذيةلنظامالمحاكمالتجارية||المادةالرابعةوالعشرون', 'الادلةالاجراييةلنظامالاثبات||المادةالثالثةوالعشرون', 'اللايحةالتنفيذيةلنظامالتوثيق||المادةالعشرون']",True,"User Query:
هل يجوز استخدام تقنيات الذكاء الاصطناعي في الإجراءات الإلكترونية؟

[Retrieved Article 1]
Law: اللائحة التنفيذية لنظام المحاكم التجارية
Article: المادة الرابعة والعشرون
Text: المادة الرابعة والعشرون : أحكامعامة
يجوز الاستفادة من تقنيات الذكاء الاصطناعي في الإجراءات الإلكترونية, ويستغنى عن أي إجراء تحققت غايته باستخدام تلكالتقنية.

[Retrieved Article 2]
Law: الأدلة الإجرائية لنظام الإثبات
Article: المادة الثالثةوالعشرون
Text: المادة الثالثةوالعشرون
يجوز الاستعانة بالتقنيات الحديثة في إجراءات الإثبات» بما في ذلك الذكاء الاصطناعيء ويُستغنى عن أي إجراء تحققت غايته باستخدام هذهالتقنيات.

[Retrieved Article 3]
Law: اللائحة التنفيذية لنظام التوثيق
Article: المادة العشرون
Text: المادة العشرون
-١ تعد وسائل التحقق الإلكترونية المعتمدة من الوزارة توقيعاًمعتمداً.
؟- يكون إجراء التوثيق وإصدار وثائقه عبر الوسائل الإلكترونية المعتمدة منالوزارة.
-'٠ يستفاد من التقنيات الحديثة والذكاء الاصطناعي في إجراءات التوثيق» ويستغنى عن أي إجراء تحققت غايته باستخدام تلكالتقنيات.
الفصل الثالث أوعية التوثيقوحفظها",1.0,1.0,0.0,1.0,3.0,"{
  ""correctness"": 5,
  ""faithfulness"": 5,
  ""arabic_quality"": 5,
  ""hallucination"": 0,
  ""reason"": ""الإجابة متوافقة مع النص القانوني المرجعي الذهبي وأدلة السياق المسترجع، وهي واضحة ومكتوبة بمهنية.""
}",6.694892405999781,798,False,True,5.0,5.0,5.0,0,الإجابة متوافقة مع النص القانوني المرجعي الذهبي وأدلة السياق المسترجع، وهي واضحة ومكتوبة بمهنية.
Q035,Qwen3-8B,"{
  ""answer_ar"": ""يجوز الاستفادة من الذكاء الاصطناعي في الإجراءات القضائية الإلكترونية، وفقاً لأحكام المادة الرابعة والعشرون من اللائحة التنفيذية لنظام المحاكم التجارية، والمادة الثالثة والعشرون من الأدلة الإجرائية لنظام الإثبات، وبما أن الإجراءات الإلكترونية مسموح بها بموجب المادة السابعة من نظام المحاكم التجارية."",
  ""citations"": [
    {""law"": ""اللوائح التنفيذية لنظام المحاكم التجارية"", ""article"": ""المادة الرابعة والعشرون""},
    {""law"": ""الأدلة الإجرائية لنظام الإثبات"", ""article"": ""المادة الثالثة والعشرون""},
    {""law"": ""نظام المحاكم التجارية"", ""article"": ""المادة السابعة""}
  ],
  ""insufficient_context"": false
}",20.88885393000055,632,False,True,يجوز الاستفادة من الذكاء الاصطناعي في الإجراءات القضائية الإلكترونية، وفقاً لأحكام المادة الرابعة والعشرون من اللائحة التنفيذية لنظام المحاكم التجارية، والمادة الثالثة والعشرون من الأدلة الإجرائية لنظام الإثبات، وبما أن الإجراءات الإلكترونية مسموح بها بموجب المادة السابعة من نظام المحاكم التجارية.,"[{'law': 'اللوائح التنفيذية لنظام المحاكم التجارية', 'article': 'المادة الرابعة والعشرون'}, {'law': 'الأدلة الإجرائية لنظام الإثبات', 'article': 'المادة الثالثة والعشرون'}, {'law': 'نظام المحاكم التجارية', 'article': 'المادة السابعة'}]",False,formal_paraphrase,ما حكم الاستفادة من الذكاء الاصطناعي في الإجراءات القضائية الإلكترونية؟,اللائحة التنفيذية لنظام المحاكم التجارية,المادة الرابعة والعشرون,اللايحةالتنفيذيةلنظامالمحاكمالتجارية||المادةالرابعةوالعشرون,"المادة الرابعة والعشرون : أحكامعامة
يجوز الاستفادة من تقنيات الذكاء الاصطناعي في الإجراءات الإلكترونية, ويستغنى عن أي إجراء تحققت غايته باستخدام تلكالتقنية.","[('اللائحة التنفيذية لنظام المحاكم التجارية', 'المادة الرابعة والعشرون'), ('الأدلة الإجرائية لنظام الإثبات', 'المادة الثالثةوالعشرون'), ('نظام المحاكم التجارية', 'المادة السابعة')]","['اللايحةالتنفيذيةلنظامالمحاكمالتجارية||المادةالرابعةوالعشرون', 'الادلةالاجراييةلنظامالاثبات||المادةالثالثةوالعشرون', 'نظامالمحاكمالتجارية||المادةالسابعة']",True,"User Query:
ما حكم الاستفادة من الذكاء الاصطناعي في الإجراءات القضائية الإلكترونية؟

[Retrieved Article 1]
Law: اللائحة التنفيذية لنظام المحاكم التجارية
Article: المادة الرابعة والعشرون
Text: المادة الرابعة والعشرون : أحكامعامة
يجوز الاستفادة من تقنيات الذكاء الاصطناعي في الإجراءات الإلكترونية, ويستغنى عن أي إجراء تحققت غايته باستخدام تلكالتقنية.

[Retrieved Article 2]
Law: الأدلة الإجرائية لنظام الإثبات
Article: المادة الثالثةوالعشرون
Text: المادة الثالثةوالعشرون
يجوز الاستعانة بالتقنيات الحديثة في إجراءات الإثبات» بما في ذلك الذكاء الاصطناعيء ويُستغنى عن أي إجراء تحققت غايته باستخدام هذهالتقنيات.

[Retrieved Article 3]
Law: نظام المحاكم التجارية
Article: المادة السابعة
Text: المادة السابعة
يجوز أن يكون أي من الإجراءات المنصوص عليها في النظام إلكترونيّاء بما في ذلك تقديم الدعاوى والطلبات وقيدهاء ونظرهاء والترافع عن بُعدء وتبادل المذكرات»؛والحكم»
والاعتراض. وتحدد اللائحة إجراءات إنفاذ أحكام هذه المادة بما في ذلك الأحكام المتعلقة بوقت اتخاذالإجراء.",1.0,0.6666666666666666,0.3333333333333333,0.0,3.0,"```json
{
  ""correctness"": 4,
  ""faithfulness"": 4,
  ""arabic_quality"": 4,
  ""hallucination"": 0,
  ""reason"": ""الإجابة متماسكة وموثقة بالنصوص القانونية المرجعية، ولكن يمكن تحسينها لجعلها أكثر دقة.""
}
```

**تفصيل السبب:**
- **correctness (دقة):** 4/5 - الإجابة دقيقة وموثقة بالنصوص القانونية المرجعية، ولكن يمكن توضيح استخدام المادة السابعة من نظام المحاكم التجارية بشكل أكبر.
- **faithfulness (ولاء):** 4/5 - الإجابة متوافقة مع السياق المسترجع، ولكن يمكن تحسين التفاصيل لتكون أكثر دقة.
- **arabic_quality (جودة اللغة العربية):** 4/5 - الإجابة واضحة ومهنية، ولكن يمكن تحسين الصياغة لتصبح أكثر س",16.110380292999253,835,False,True,4.0,4.0,4.0,0,الإجابة متماسكة وموثقة بالنصوص القانونية المرجعية، ولكن يمكن تحسينها لجعلها أكثر دقة.
Q036,Qwen3-8B,"{
  ""answer_ar"": ""نعم، يمكن للمحكمة استخدام الذكاء الاصطناعي في الإجراءات الإلكترونية، وفقاً لأحكام المادة الرابعة والعشرون من اللائحة التنفيذية لنظام المحاكم التجارية."",
  ""citations"": [
    {""law"": ""اللوائح التنفيذية لنظام المحاكم التجارية"", ""article"": ""المادة الرابعة والعشرون""}
  ],
  ""insufficient_context"": false
}",11.317601606000608,556,False,True,نعم، يمكن للمحكمة استخدام الذكاء الاصطناعي في الإجراءات الإلكترونية، وفقاً لأحكام المادة الرابعة والعشرون من اللائحة التنفيذية لنظام المحاكم التجارية.,"[{'law': 'اللوائح التنفيذية لنظام المحاكم التجارية', 'article': 'المادة الرابعة والعشرون'}]",False,informal,المحكمة تقدر تستخدم AI في الإجراءات الإلكترونية؟,اللائحة التنفيذية لنظام المحاكم التجارية,المادة الرابعة والعشرون,اللايحةالتنفيذيةلنظامالمحاكمالتجارية||المادةالرابعةوالعشرون,"المادة الرابعة والعشرون : أحكامعامة
يجوز الاستفادة من تقنيات الذكاء الاصطناعي في الإجراءات الإلكترونية, ويستغنى عن أي إجراء تحققت غايته باستخدام تلكالتقنية.","[('اللائحة التنفيذية لنظام المحاكم التجارية', 'المادة الرابعة والعشرون'), ('الأدلة الإجرائية لنظام الإثبات', 'المادة الثالثةوالعشرون'), ('اللائحة التنفيذية لنظام المحاكم التجارية', 'المادة الثالثئة والعشرون')]","['اللايحةالتنفيذيةلنظامالمحاكمالتجارية||المادةالرابعةوالعشرون', 'الادلةالاجراييةلنظامالاثبات||المادةالثالثةوالعشرون', 'اللايحةالتنفيذيةلنظامالمحاكمالتجارية||المادةالثالثيةوالعشرون']",True,"User Query:
المحكمة تقدر تستخدم AI في الإجراءات الإلكترونية؟

[Retrieved Article 1]
Law: اللائحة التنفيذية لنظام المحاكم التجارية
Article: المادة الرابعة والعشرون
Text: المادة الرابعة والعشرون : أحكامعامة
يجوز الاستفادة من تقنيات الذكاء الاصطناعي في الإجراءات الإلكترونية, ويستغنى عن أي إجراء تحققت غايته باستخدام تلكالتقنية.

[Retrieved Article 2]
Law: الأدلة الإجرائية لنظام الإثبات
Article: المادة الثالثةوالعشرون
Text: المادة الثالثةوالعشرون
يجوز الاستعانة بالتقنيات الحديثة في إجراءات الإثبات» بما في ذلك الذكاء الاصطناعيء ويُستغنى عن أي إجراء تحققت غايته باستخدام هذهالتقنيات.

[Retrieved Article 3]
Law: اللائحة التنفيذية لنظام المحاكم التجارية
Article: المادة الثالثئة والعشرون
Text: المادة الثالثئة والعشرون : أحكامعامة
تكون إجراءات التقاضي الإلكتروني عبر الأنظمة الإلكترونية المعتمدة منالوزارة.",1.0,0.0,1.0,0.0,1.0,"{
  ""correctness"": 5,
  ""faithfulness"": 5,
  ""arabic_quality"": 5,
  ""hallucination"": 0,
  ""reason"": ""الإجابة متوافقة مع النص القانوني المرجعي الذهبي والمادة الرابعة والعشرون من اللائحة التنفيذية لنظام المحاكم التجارية، وهي واضحة ومكتوبة بلغة عربية مهنية.""
}",8.023707122001724,713,False,True,5.0,5.0,5.0,0,الإجابة متوافقة مع النص القانوني المرجعي الذهبي والمادة الرابعة والعشرون من اللائحة التنفيذية لنظام المحاكم التجارية، وهي واضحة ومكتوبة بلغة عربية مهنية.
Q037,Qwen3-8B,"{
  ""answer_ar"": ""يتحقق تبليغ الشخص الاعتباري بتبليغ الشخص المفوض بتلقي التبليغات في السجل التجاري، وفقاً لأحكام اللائحة التنفيذية لنظام المحاكم التجارية."",
  ""citations"": [
    {""law"": ""اللائحة التنفيذية لنظام المحاكم التجارية"", ""article"": ""المادة الأربعون""}
  ],
  ""insufficient_context"": false
}",11.614788533999672,718,False,True,يتحقق تبليغ الشخص الاعتباري بتبليغ الشخص المفوض بتلقي التبليغات في السجل التجاري، وفقاً لأحكام اللائحة التنفيذية لنظام المحاكم التجارية.,"[{'law': 'اللائحة التنفيذية لنظام المحاكم التجارية', 'article': 'المادة الأربعون'}]",False,formal_direct,كيف يتحقق تبليغ الشخص الاعتباري؟,اللائحة التنفيذية لنظام المحاكم التجارية,المادة الأربعون,اللايحةالتنفيذيةلنظامالمحاكمالتجارية||المادةالاربعون,"المادة الأربعون: عنوانالتبليغ
يتحقق تبليغ الشخص الاعتباري بتبليغ الشخص المفوض بتلقي التبليغات في السجلالتجاري.","[('اللائحة التنفيذية لنظام المحاكم التجارية', 'المادة الأربعون'), ('اللائحة التنفيذية لنظام المحاكم التجارية', 'المادة الخامسة والأربعون'), ('نظام المحاكم التجارية', 'المادة الثلاثون')]","['اللايحةالتنفيذيةلنظامالمحاكمالتجارية||المادةالاربعون', 'اللايحةالتنفيذيةلنظامالمحاكمالتجارية||المادةالخامسةوالاربعون', 'نظامالمحاكمالتجارية||المادةالثلاثون']",True,"User Query:
كيف يتحقق تبليغ الشخص الاعتباري؟

[Retrieved Article 1]
Law: اللائحة التنفيذية لنظام المحاكم التجارية
Article: المادة الأربعون
Text: المادة الأربعون: عنوانالتبليغ
يتحقق تبليغ الشخص الاعتباري بتبليغ الشخص المفوض بتلقي التبليغات في السجلالتجاري.

[Retrieved Article 2]
Law: اللائحة التنفيذية لنظام المحاكم التجارية
Article: المادة الخامسة والأربعون
Text: المادة الخامسة والأربعون : إجراءاتالتبليغ
يعد تبليغ الشخص ذي الصفة الطبيعية تبليغاً لغير شخصه إذا تبلغ أحد الساكنين معه في مقر سكن من وجه إليهالتبليغ.
الفصل التاسع: حقالاطلاع

[Retrieved Article 3]
Law: نظام المحاكم التجارية
Article: المادة الثلاثون
Text: المادة الثلاثون
١.إذا تبلغ المدعى عليه لشخصه أو وكليه» أو حضر أي منهما في أي جلسة أمام المحكمة؛ أو قدم مذكرة بدفاعه؛ عدت الخصومة حضورية» ولو تخلف بعدذلك.
"".إذا لم يحضر المدعى عليه أو وكيله وكان قد تبلغ لغير شخصهه فعلى المحكمة تأجيل نظر الدعوى إلى جلسة تالية يبلغ بهاء فإن لم يحضر وكان قد تبلغ لغير شخصه -للمرةالثانيق
فصلت في الدعوىء ويعد الحكم في حق المدعى عليهحضوريًا.
"".في جميع الأحوال» يعد تبليغ الشخصية الاعتبارية -بموجب أحكام النظام- تبليغاًالشخصها.
5 .تحدد اللائحة الحالات التي يعد فيها التبليغ تبليغاً لغير شخص المطلوبإبلاغه.",1.0,1.0,0.0,1.0,1.0,"{
  ""correctness"": 5,
  ""faithfulness"": 5,
  ""arabic_quality"": 5,
  ""hallucination"": 0,
  ""reason"": ""الإجابة دقيقة وموثقة من النص القانوني المرجعي الذهبي، وواضحة ومتماسكة باللغة العربية.""
}",5.863997349000783,862,False,True,5.0,5.0,5.0,0,الإجابة دقيقة وموثقة من النص القانوني المرجعي الذهبي، وواضحة ومتماسكة باللغة العربية.
Q038,Qwen3-8B,"{
  ""answer_ar"": ""يُعتبر تبليغ الشركة أو الشخص الاعتباري صحيحًا إذا تم التبليغ وفقًا لأحكام النظام، أي عن طريق العنوان المعتمد أو ما يعادله، وفقًا للمادة الثامنة والسبعون بعد المائة من اللائحة التنفيذية لنظام الإجراءات الجزائية، ويُعتبر التبليغ لغير الشخص الاعتباري تبليغًا له بموجب أحكام النظام."",
  ""citations"": [
    {""law"": ""اللائحة التنفيذية لنظام الإجراءات الجزائية"", ""article"": ""المادة الثامنة والسبعون بعد المائة""},
    {""law"": ""نظام المحاكم التجارية"", ""article"": ""المادة الثلاثون""}
  ],
  ""insufficient_context"": false
}",19.25168399199993,760,False,True,يُعتبر تبليغ الشركة أو الشخص الاعتباري صحيحًا إذا تم التبليغ وفقًا لأحكام النظام، أي عن طريق العنوان المعتمد أو ما يعادله، وفقًا للمادة الثامنة والسبعون بعد المائة من اللائحة التنفيذية لنظام الإجراءات الجزائية، ويُعتبر التبليغ لغير الشخص الاعتباري تبليغًا له بموجب أحكام النظام.,"[{'law': 'اللائحة التنفيذية لنظام الإجراءات الجزائية', 'article': 'المادة الثامنة والسبعون بعد المائة'}, {'law': 'نظام المحاكم التجارية', 'article': 'المادة الثلاثون'}]",False,formal_paraphrase,متى يعد تبليغ الشركة أو الشخص الاعتباري صحيحًا؟,اللائحة التنفيذية لنظام المحاكم التجارية,المادة الأربعون,اللايحةالتنفيذيةلنظامالمحاكمالتجارية||المادةالاربعون,"المادة الأربعون: عنوانالتبليغ
يتحقق تبليغ الشخص الاعتباري بتبليغ الشخص المفوض بتلقي التبليغات في السجلالتجاري.","[('اللائحة التنفيذية لنظام الإجراءات الجزائية', 'المادة الثامنة والسبعون بعدالمائة'), ('اللائحة التنفيذية لنظام المحاكم التجارية', 'المادة الخامسة والأربعون'), ('نظام المحاكم التجارية', 'المادة الثلاثون')]","['اللايحةالتنفيذيةلنظامالاجراءاتالجزايية||المادةالثامنةوالسبعونبعدالماية', 'اللايحةالتنفيذيةلنظامالمحاكمالتجارية||المادةالخامسةوالاربعون', 'نظامالمحاكمالتجارية||المادةالثلاثون']",False,"User Query:
متى يعد تبليغ الشركة أو الشخص الاعتباري صحيحًا؟

[Retrieved Article 1]
Law: اللائحة التنفيذية لنظام الإجراءات الجزائية
Article: المادة الثامنة والسبعون بعدالمائة
Text: المادة الثامنة والسبعون بعدالمائة
يكون إجراء التبليغ صحيحاً متى بُلغ الشخص المطلوب عن طريق عنوانه المعتمد من الجهة المختصة أو ما يقوم مقامه نظاماًء وذلك فيما لم يرد به نصخاص.

[Retrieved Article 2]
Law: اللائحة التنفيذية لنظام المحاكم التجارية
Article: المادة الخامسة والأربعون
Text: المادة الخامسة والأربعون : إجراءاتالتبليغ
يعد تبليغ الشخص ذي الصفة الطبيعية تبليغاً لغير شخصه إذا تبلغ أحد الساكنين معه في مقر سكن من وجه إليهالتبليغ.
الفصل التاسع: حقالاطلاع

[Retrieved Article 3]
Law: نظام المحاكم التجارية
Article: المادة الثلاثون
Text: المادة الثلاثون
١.إذا تبلغ المدعى عليه لشخصه أو وكليه» أو حضر أي منهما في أي جلسة أمام المحكمة؛ أو قدم مذكرة بدفاعه؛ عدت الخصومة حضورية» ولو تخلف بعدذلك.
"".إذا لم يحضر المدعى عليه أو وكيله وكان قد تبلغ لغير شخصهه فعلى المحكمة تأجيل نظر الدعوى إلى جلسة تالية يبلغ بهاء فإن لم يحضر وكان قد تبلغ لغير شخصه -للمرةالثانيق
فصلت في الدعوىء ويعد الحكم في حق المدعى عليهحضوريًا.
"".في جميع الأحوال» يعد تبليغ الشخصية الاعتبارية -بموجب أحكام النظام- تبليغاًالشخصها.
5 .تحدد اللائحة الحالات التي يعد فيها التبليغ تبليغاً لغير شخص المطلوبإبلاغه.",1.0,1.0,0.0,0.0,2.0,"```json
{
  ""correctness"": 4,
  ""faithfulness"": 3,
  ""arabic_quality"": 4,
  ""hallucination"": 0,
  ""reason"": ""الإجابة صحيحة بشكل عام لكنها غير كاملة وغير دقيقة في بعض النقاط. فالنص القانوني الذهبي يشير إلى تبليغ الشخص الاعتباري عبر الشخص المفوض في السجل التجاري، وليس عن طريق العنوان المعتمد كما ذكرت. بالإضافة إلى ذلك، السياق المسترجع لا يدعم فكرة أن التبليغ لغير الشخص الاعتباري يعتبر تبليغًا له.""
}
```",11.27819183900101,954,False,True,4.0,3.0,4.0,0,الإجابة صحيحة بشكل عام لكنها غير كاملة وغير دقيقة في بعض النقاط. فالنص القانوني الذهبي يشير إلى تبليغ الشخص الاعتباري عبر الشخص المفوض في السجل التجاري، وليس عن طريق العنوان المعتمد كما ذكرت. بالإضافة إلى ذلك، السياق المسترجع لا يدعم فكرة أن التبليغ لغير الشخص الاعتباري يعتبر تبليغًا له.
Q039,Qwen3-8B,"{
  ""answer_ar"": ""في حالة الدعوى على شركة، لازم يستلم التبليغ ممثلها النظامي أو أحد الشركاء المتضامنين أو المدير أو من ينوب عنه، أو الإدارات القانونية في الشركة أو أحد أقسامها المخصصة لاستقبال المراسلات الموجهة إليها."",
  ""citations"": [
    {""law"": ""نظام المحاكم التجارية"", ""article"": ""المادة الحادية عشرة""}
  ],
  ""insufficient_context"": false
}",13.437523182000405,1077,False,True,في حالة الدعوى على شركة، لازم يستلم التبليغ ممثلها النظامي أو أحد الشركاء المتضامنين أو المدير أو من ينوب عنه، أو الإدارات القانونية في الشركة أو أحد أقسامها المخصصة لاستقبال المراسلات الموجهة إليها.,"[{'law': 'نظام المحاكم التجارية', 'article': 'المادة الحادية عشرة'}]",False,informal,إذا الدعوى على شركة، مين لازم يستلم التبليغ؟,اللائحة التنفيذية لنظام المحاكم التجارية,المادة الأربعون,اللايحةالتنفيذيةلنظامالمحاكمالتجارية||المادةالاربعون,"المادة الأربعون: عنوانالتبليغ
يتحقق تبليغ الشخص الاعتباري بتبليغ الشخص المفوض بتلقي التبليغات في السجلالتجاري.","[('نظام المحاكم التجارية', 'المادة الحاديةعشرة'), ('اللائحة التنفيذية لنظام المحاكم التجارية', 'المادة الثالثة والأربعون'), ('نظام المحاكم التجارية', 'المادة التاسعة')]","['نظامالمحاكمالتجارية||المادةالحاديةعشرة', 'اللايحةالتنفيذيةلنظامالمحاكمالتجارية||المادةالثالثةوالاربعون', 'نظامالمحاكمالتجارية||المادةالتاسعة']",False,"User Query:
إذا الدعوى على شركة، مين لازم يستلم التبليغ؟

[Retrieved Article 1]
Law: نظام المحاكم التجارية
Article: المادة الحاديةعشرة
Text: المادة الحاديةعشرة
فيما لم يرد فيه نص خاص؛ يوجه التبليغ وفقالآتي:
١.الشخص ذي الصفة الطبيعية: في محل إقامته أو مسكنه أو محل عمله أو في أي مكان آخر يكون فيه أو لوكيله أو لأحد العاملين معه في مقر العمل ذي الصلة بالتعامل التجاريمحل
الدعوى.
”.الشركات: لممثلها النظامي أو لأحد الشركاء المتضامنين أو للمدير أو من ينوب عنه أو للإدارات القانونية في الشركة أو أحد أقسامها المخصصة لاستقبال المراسلاتالموجهة
إليهاء وإذا تعلقت الدعوى بفرع الشركة» فيجوز توجيه التبليغ إلى مدير ذلك الفرع أو من ينوبعنه.
”.الشركات الأجنبية التي لها فرع أو ممثل تجاري في المملكة: لمدير ذلك الفرع أو ممثلها التجاري أو من ينوبعنهما.
5.الأشخاص ذوو الصفة الاعتبارية (الآخرون): للممثل النظامي أو من ينوبعنه.
5.الجهات الإدارية: للوزير المختص أو لرئيس المؤسسة أو الهيئة أو لمن يقوممقامهم.
5.السفينة التجارية: لمالك السفينة التجارية أو لمستأجرها أو لربانها أو وكلائهم متى كانت الدعوى متعلقةبالسفينة.

[Retrieved Article 2]
Law: اللائحة التنفيذية لنظام المحاكم التجارية
Article: المادة الثالثة والأربعون
Text: المادة الثالثة والأربعون : إجراءاتالتبليغ
يجب أن يتضمن إشعار حصول التبليغ بيان صفة الموجه إليهالتبليغ.

[Retrieved Article 3]
Law: نظام المحاكم التجارية
Article: المادة التاسعة
Text: المادة التاسعة
١.يعد عنواناً للتبليغ وفقاً لأحكام النظام الآتي:ْ
أ-العنوان الإلكتروني الموثق أو المختار منالأطراف.
ب-عنوان إقامة الشخص ذي الصفة الطبيعية أو الاعتبارية» ما لم يختر عنواناًآخر.
ج-العنوان المعتمد لدى الجهة البريديةالمختصة.
د-العنوان المدون في السجل التجاري فيما يتعلق بالنشاط المرتبط بذلكالسجل.
هالعنوان الذي يثبته الشخص في بيانات الدعوى أو الطلب أو المذكرة المقدمة للمحكمة في الدعوىذاتها.
و-العنوان المدون في العقد محل التعامل في المنازعات الناشئة عن ذلكالعقد.
ز-العنوان الذي يختاره الأجنبي فيالمملكة.
؟.للشخص ذي الصفة الطبيعية أو الاعتبارية أن يختار عنوان محاه لتلقي التبليغات عليه» وتسري عليه أحكام عنوان ذلكالشخص.
"".على الطرف حال تغييره العنوان المنصوص عليه في الفقرة (ه) من هذه المادة أن يبلغ المحكمة خلال (ثمانٍ وأربعين) ساعة من تاريخ التغييرء وإلا عد التبليغ على ذلكالعنوان
لدى المحكمة منتجاًلآثاره.",1.0,1.0,0.0,0.0,1.0,"```json
{
  ""correctness"": 4,
  ""faithfulness"": 4,
  ""arabic_quality"": 5,
  ""hallucination"": 0,
  ""reason"": ""الإجابة دقيقة وموثقة من النص القانوني المسترجع، وواضحة ومكتوبة بشكل محترف.""
}
```

**تفصيل السبب:**
- **correctness (دقة):** 4/5 - الإجابة دقيقة وموثقة من النص القانوني المسترجع، حيث ذكرت جميع الخيارات القانونية الممكنة لاستلام التبليغ في حالة الدعوى على شركة.
- **faithfulness (ولائية):** 4/5 - الإجابة متوافقة مع السياق المسترجع، حيث ذكرت جميع الخيارات القانونية الممكنة لاستلام التبليغ.
- **arabic_quality (جودة اللغة العربية):** 5/5 - الإجابة واضحة ومكتوبة بشكل محترف ومهني.
-",17.025013895001393,1237,False,True,4.0,4.0,5.0,0,الإجابة دقيقة وموثقة من النص القانوني المسترجع، وواضحة ومكتوبة بشكل محترف.
Q040,Qwen3-8B,"{
  ""answer_ar"": ""يُعتبر تبليغ الشخص الطبيعي قد تم لغير شخصه إذا تبلغ أحد الساكنين معه في مقر سكنه، وفقاً لأحكام المادة الخامسة والأربعون من اللائحة التنفيذية لنظام المحاكم التجارية."",
  ""citations"": [
    {""law"": ""اللائحة التنفيذية لنظام المحاكم التجارية"", ""article"": ""المادة الخامسة والأربعون""}
  ],
  ""insufficient_context"": false
}",12.768437429999722,758,False,True,يُعتبر تبليغ الشخص الطبيعي قد تم لغير شخصه إذا تبلغ أحد الساكنين معه في مقر سكنه، وفقاً لأحكام المادة الخامسة والأربعون من اللائحة التنفيذية لنظام المحاكم التجارية.,"[{'law': 'اللائحة التنفيذية لنظام المحاكم التجارية', 'article': 'المادة الخامسة والأربعون'}]",False,formal_direct,متى يعد تبليغ الشخص الطبيعي قد تم لغير شخصه؟,اللائحة التنفيذية لنظام المحاكم التجارية,المادة الخامسة والأربعون,اللايحةالتنفيذيةلنظامالمحاكمالتجارية||المادةالخامسةوالاربعون,"المادة الخامسة والأربعون : إجراءاتالتبليغ
يعد تبليغ الشخص ذي الصفة الطبيعية تبليغاً لغير شخصه إذا تبلغ أحد الساكنين معه في مقر سكن من وجه إليهالتبليغ.
الفصل التاسع: حقالاطلاع","[('اللائحة التنفيذية لنظام المحاكم التجارية', 'المادة الخامسة والأربعون'), ('اللائحة التنفيذية لنظام الإجراءات الجزائية', 'المادة الثامنة والسبعون بعدالمائة'), ('نظام المحاكم التجارية', 'المادة الثلاثون')]","['اللايحةالتنفيذيةلنظامالمحاكمالتجارية||المادةالخامسةوالاربعون', 'اللايحةالتنفيذيةلنظامالاجراءاتالجزايية||المادةالثامنةوالسبعونبعدالماية', 'نظامالمحاكمالتجارية||المادةالثلاثون']",True,"User Query:
متى يعد تبليغ الشخص الطبيعي قد تم لغير شخصه؟

[Retrieved Article 1]
Law: اللائحة التنفيذية لنظام المحاكم التجارية
Article: المادة الخامسة والأربعون
Text: المادة الخامسة والأربعون : إجراءاتالتبليغ
يعد تبليغ الشخص ذي الصفة الطبيعية تبليغاً لغير شخصه إذا تبلغ أحد الساكنين معه في مقر سكن من وجه إليهالتبليغ.
الفصل التاسع: حقالاطلاع

[Retrieved Article 2]
Law: اللائحة التنفيذية لنظام الإجراءات الجزائية
Article: المادة الثامنة والسبعون بعدالمائة
Text: المادة الثامنة والسبعون بعدالمائة
يكون إجراء التبليغ صحيحاً متى بُلغ الشخص المطلوب عن طريق عنوانه المعتمد من الجهة المختصة أو ما يقوم مقامه نظاماًء وذلك فيما لم يرد به نصخاص.

[Retrieved Article 3]
Law: نظام المحاكم التجارية
Article: المادة الثلاثون
Text: المادة الثلاثون
١.إذا تبلغ المدعى عليه لشخصه أو وكليه» أو حضر أي منهما في أي جلسة أمام المحكمة؛ أو قدم مذكرة بدفاعه؛ عدت الخصومة حضورية» ولو تخلف بعدذلك.
"".إذا لم يحضر المدعى عليه أو وكيله وكان قد تبلغ لغير شخصهه فعلى المحكمة تأجيل نظر الدعوى إلى جلسة تالية يبلغ بهاء فإن لم يحضر وكان قد تبلغ لغير شخصه -للمرةالثانيق
فصلت في الدعوىء ويعد الحكم في حق المدعى عليهحضوريًا.
"".في جميع الأحوال» يعد تبليغ الشخصية الاعتبارية -بموجب أحكام النظام- تبليغاًالشخصها.
5 .تحدد اللائحة الحالات التي يعد فيها التبليغ تبليغاً لغير شخص المطلوبإبلاغه.",1.0,1.0,0.0,1.0,1.0,"{
  ""correctness"": 5,
  ""faithfulness"": 5,
  ""arabic_quality"": 5,
  ""hallucination"": 0,
  ""reason"": ""الإجابة مطابقة للمادة الخامسة والأربعون من اللائحة التنفيذية لنظام المحاكم التجارية، وهي واضحة ومكتوبة بلغة عربية مهنية.""
}",7.4710868790007225,939,False,True,5.0,5.0,5.0,0,الإجابة مطابقة للمادة الخامسة والأربعون من اللائحة التنفيذية لنظام المحاكم التجارية، وهي واضحة ومكتوبة بلغة عربية مهنية.
Q041,Qwen3-8B,"{
  ""answer_ar"": ""نعم، يعد استلام أحد الساكنين مع الشخص تبليغًا صحيحًا، وفقًا للمادة الخامسة والأربعون من اللائحة التنفيذية لنظام المحاكم التجارية."",
  ""citations"": [
    {""law"": ""اللائحة التنفيذية لنظام المحاكم التجارية"", ""article"": ""المادة الخامسة والأربعون""}
  ],
  ""insufficient_context"": false
}",11.602065533000314,824,False,True,نعم، يعد استلام أحد الساكنين مع الشخص تبليغًا صحيحًا، وفقًا للمادة الخامسة والأربعون من اللائحة التنفيذية لنظام المحاكم التجارية.,"[{'law': 'اللائحة التنفيذية لنظام المحاكم التجارية', 'article': 'المادة الخامسة والأربعون'}]",False,formal_paraphrase,هل يعد استلام أحد الساكنين مع الشخص تبليغًا صحيحًا؟,اللائحة التنفيذية لنظام المحاكم التجارية,المادة الخامسة والأربعون,اللايحةالتنفيذيةلنظامالمحاكمالتجارية||المادةالخامسةوالاربعون,"المادة الخامسة والأربعون : إجراءاتالتبليغ
يعد تبليغ الشخص ذي الصفة الطبيعية تبليغاً لغير شخصه إذا تبلغ أحد الساكنين معه في مقر سكن من وجه إليهالتبليغ.
الفصل التاسع: حقالاطلاع","[('اللائحة التنفيذية لنظام المحاكم التجارية', 'المادة الخامسة والأربعون'), ('نظام المرافعات الشرعية', 'المادة الرابعةعشرة'), ('نظام الأحداث', 'المادة السادسة')]","['اللايحةالتنفيذيةلنظامالمحاكمالتجارية||المادةالخامسةوالاربعون', 'نظامالمرافعاتالشرعية||المادةالرابعةعشرة', 'نظامالاحداث||المادةالسادسة']",True,"User Query:
هل يعد استلام أحد الساكنين مع الشخص تبليغًا صحيحًا؟

[Retrieved Article 1]
Law: اللائحة التنفيذية لنظام المحاكم التجارية
Article: المادة الخامسة والأربعون
Text: المادة الخامسة والأربعون : إجراءاتالتبليغ
يعد تبليغ الشخص ذي الصفة الطبيعية تبليغاً لغير شخصه إذا تبلغ أحد الساكنين معه في مقر سكن من وجه إليهالتبليغ.
الفصل التاسع: حقالاطلاع

[Retrieved Article 2]
Law: نظام المرافعات الشرعية
Article: المادة الرابعةعشرة
Text: المادة الرابعةعشرة
يسلم المحضر صورة التبليغ ومرافقاتها إلى من وجهت إليه في مكان إقامته أو عمله إن وجدء وإلا فيسلمها إلى مَنْ يقرر أنه وكيله أو أنه يعمل في خدمته أو أنه من الساكنين معهمن
أهله وأقاربه وأصهاره: فإذا لم يوجد منهم أحد أو امتنع من وجد عن التسلّم أو كان قاصراً فيسلم الصورة ومرافقاتها بحسب الأحوال إلى عمدة الحي أو مركز الشرطة أورئيس
المركز أو معرف القبيلة الذين يقع مكان إقامة الموجه إليه التبليغ في نطاق اختصاصهم حسب الترتيب السابق» مع أخذ توقيعهم على الأصلبالتسلم.
وعلى المحضر خلال أربع وعشرين ساعة من تسليم الصورة إلى أي من الجهات المذكورة في هذه المادة أن يرسل إلى الموجه إليه التبليغ في مكان إقامته أو عمله خطاباً -مسجلاًمع
إشعار بالتسلّم- يخبره فيه بأن الصورة سلمت إلى تلك الجهة» وعلى المحضر كذلك أن يبين ذلك في حينه بالتفصيل في أصل التبليغ؛ ويعد التبليغ منتجاً لآثاره من وقتتسليم
الصورة وفقاً للأحوالالسابقة.

[Retrieved Article 3]
Law: نظام الأحداث
Article: المادة السادسة
Text: المادة السادسة
في جميع الأحوال لا يكون إجراء تبليغ الحدث صحيحاً إلا إذا بُلْغْ ولي أمره أو من يقوممقامه.",1.0,1.0,0.0,1.0,1.0,"{
  ""correctness"": 4,
  ""faithfulness"": 3,
  ""arabic_quality"": 4,
  ""hallucination"": 0,
  ""reason"": ""الإجابة صحيحة نسبياً لأنها تعتمد على النص القانوني المرجعي الذهبي، لكنها غير دقيقة تماماً لأن النص القانوني يشير إلى تبليغ الشخص ذي الصفة الطبيعية وليس تبليغ المحاكم التجارية. بالإضافة إلى ذلك، السياق المسترجع لا يدعم هذا الاستنتاج بشكل كامل.""
}",9.40213754600154,990,False,True,4.0,3.0,4.0,0,الإجابة صحيحة نسبياً لأنها تعتمد على النص القانوني المرجعي الذهبي، لكنها غير دقيقة تماماً لأن النص القانوني يشير إلى تبليغ الشخص ذي الصفة الطبيعية وليس تبليغ المحاكم التجارية. بالإضافة إلى ذلك، السياق المسترجع لا يدعم هذا الاستنتاج بشكل كامل.
Q042,Qwen3-8B,"{
  ""answer_ar"": ""نعم، إذا استلم أحد الساكنين التبليغ عنك، يعتبر تبليغاً لك وفقاً للقانون."",
  ""citations"": [
    {""law"": ""اللائحة التنفيذية لنظام المحاكم التجارية"", ""article"": ""المادة الخامسة والأربعون""}
  ],
  ""insufficient_context"": false
}",10.308161257000393,751,False,True,نعم، إذا استلم أحد الساكنين التبليغ عنك، يعتبر تبليغاً لك وفقاً للقانون.,"[{'law': 'اللائحة التنفيذية لنظام المحاكم التجارية', 'article': 'المادة الخامسة والأربعون'}]",False,informal,إذا واحد ساكن معي استلم التبليغ عني يعتبر تبلغت؟,اللائحة التنفيذية لنظام المحاكم التجارية,المادة الخامسة والأربعون,اللايحةالتنفيذيةلنظامالمحاكمالتجارية||المادةالخامسةوالاربعون,"المادة الخامسة والأربعون : إجراءاتالتبليغ
يعد تبليغ الشخص ذي الصفة الطبيعية تبليغاً لغير شخصه إذا تبلغ أحد الساكنين معه في مقر سكن من وجه إليهالتبليغ.
الفصل التاسع: حقالاطلاع","[('اللائحة التنفيذية لنظام المحاكم التجارية', 'المادة الخامسة والأربعون'), ('اللائحة التنفيذية لنظام الأحداث', 'المادة الخامسة'), ('نظام المحاكم التجارية', 'المادة الثلاثون')]","['اللايحةالتنفيذيةلنظامالمحاكمالتجارية||المادةالخامسةوالاربعون', 'اللايحةالتنفيذيةلنظامالاحداث||المادةالخامسة', 'نظامالمحاكمالتجارية||المادةالثلاثون']",True,"User Query:
إذا واحد ساكن معي استلم التبليغ عني يعتبر تبلغت؟

[Retrieved Article 1]
Law: اللائحة التنفيذية لنظام المحاكم التجارية
Article: المادة الخامسة والأربعون
Text: المادة الخامسة والأربعون : إجراءاتالتبليغ
يعد تبليغ الشخص ذي الصفة الطبيعية تبليغاً لغير شخصه إذا تبلغ أحد الساكنين معه في مقر سكن من وجه إليهالتبليغ.
الفصل التاسع: حقالاطلاع

[Retrieved Article 2]
Law: اللائحة التنفيذية لنظام الأحداث
Article: المادة الخامسة
Text: المادة الخامسة
وفقاً للحكم الوارد في المادة (السادسة) من النظام؛ إذا كان الحدث المودع في الدار مجهول الهوية فيكون التبليغ صحيحاً إذا بلغت الدارء وتشعر وزارة الداخليةبذلك.

[Retrieved Article 3]
Law: نظام المحاكم التجارية
Article: المادة الثلاثون
Text: المادة الثلاثون
١.إذا تبلغ المدعى عليه لشخصه أو وكليه» أو حضر أي منهما في أي جلسة أمام المحكمة؛ أو قدم مذكرة بدفاعه؛ عدت الخصومة حضورية» ولو تخلف بعدذلك.
"".إذا لم يحضر المدعى عليه أو وكيله وكان قد تبلغ لغير شخصهه فعلى المحكمة تأجيل نظر الدعوى إلى جلسة تالية يبلغ بهاء فإن لم يحضر وكان قد تبلغ لغير شخصه -للمرةالثانيق
فصلت في الدعوىء ويعد الحكم في حق المدعى عليهحضوريًا.
"".في جميع الأحوال» يعد تبليغ الشخصية الاعتبارية -بموجب أحكام النظام- تبليغاًالشخصها.
5 .تحدد اللائحة الحالات التي يعد فيها التبليغ تبليغاً لغير شخص المطلوبإبلاغه.",1.0,1.0,0.0,1.0,1.0,"```json
{
  ""correctness"": 4,
  ""faithfulness"": 3,
  ""arabic_quality"": 4,
  ""hallucination"": 0,
  ""reason"": ""الإجابة صحيحة وموثقة من النص القانوني المرجعي الذهبي، لكنها لم تستخدم النص القانوني بشكل كامل.""
}
```

**سبب مختصر:**
- **correctness:** الإجابة صحيحة لأنها تعكس المادة القانونية الصحيحة.
- **faithfulness:** الإجابة مدعومة من النص القانوني ولكنها لم تستخدم النص القانوني بشكل كامل.
- **arabic_quality:** اللغة العربية واضحة ومهنية.
- **hallucination:** لا يوجد ادعاء قانوني مادي غير مدعوم بالسياق المسترجع.",12.9748823860009,904,False,True,4.0,3.0,4.0,0,الإجابة صحيحة وموثقة من النص القانوني المرجعي الذهبي، لكنها لم تستخدم النص القانوني بشكل كامل.
Q043,Qwen3-8B,"{
  ""answer_ar"": ""نعم، يشترط الترافع بواسطة محام أمام الدائرة التجارية في المحكمة العليا."",
  ""citations"": [
    {""law"": ""اللائحة التنفيذية لنظام المحاكم التجارية"", ""article"": ""المادة الرابعة والخمسون""}
  ],
  ""insufficient_context"": false
}",8.952036711999426,784,False,True,نعم، يشترط الترافع بواسطة محام أمام الدائرة التجارية في المحكمة العليا.,"[{'law': 'اللائحة التنفيذية لنظام المحاكم التجارية', 'article': 'المادة الرابعة والخمسون'}]",False,formal_direct,هل يشترط الترافع بواسطة محام أمام الدائرة التجارية في المحكمة العليا؟,اللائحة التنفيذية لنظام المحاكم التجارية,المادة الرابعة والخمسون,اللايحةالتنفيذيةلنظامالمحاكمالتجارية||المادةالرابعةوالخمسون,"المادة الرابعة والخمسون : الترافع منمحام
في جميع الأحوال؛ يجب أن تكون المرافعة وتقديم أي مذكرات لدى الدائرة التجارية في المحكمة العليا منمحام.","[('اللائحة التنفيذية لنظام المحاكم التجارية', 'المادة الرابعة والخمسون'), ('اللائحة التنفيذية لنظام المحاكم التجارية', 'المادة الثانية والخمسون'), ('نظام المحاكم التجارية', 'المادة الثانيةوالسبعون')]","['اللايحةالتنفيذيةلنظامالمحاكمالتجارية||المادةالرابعةوالخمسون', 'اللايحةالتنفيذيةلنظامالمحاكمالتجارية||المادةالثانيةوالخمسون', 'نظامالمحاكمالتجارية||المادةالثانيةوالسبعون']",True,"User Query:
هل يشترط الترافع بواسطة محام أمام الدائرة التجارية في المحكمة العليا؟

[Retrieved Article 1]
Law: اللائحة التنفيذية لنظام المحاكم التجارية
Article: المادة الرابعة والخمسون
Text: المادة الرابعة والخمسون : الترافع منمحام
في جميع الأحوال؛ يجب أن تكون المرافعة وتقديم أي مذكرات لدى الدائرة التجارية في المحكمة العليا منمحام.

[Retrieved Article 2]
Law: اللائحة التنفيذية لنظام المحاكم التجارية
Article: المادة الثانية والخمسون
Text: المادة الثانية والخمسون : الدعاوى والطلبات التي ترفع منمحام
يجب أن يكون رفع طلب النقض أو التماس إعادة النظر من محام.
يجب أن يكون الترافع أمام الدوائر الابتدائية ودوائر الاستئناف من محامء في الدعاوىالآتية:
أ - الدعاوى المنصوص عليها في الفقرات )١( و(١) و(5) و(4) من المادة السادسة عشرة من النظام؛ متى كانت قيمة المطالبة الأصلية تزيد على عشرة ملايينريال.
ب - الدعاوى المنصوص عليها في الفقرات (”*) و(5) و(1) و("") من المادة السادسة عشرة من النظام؛ متى كانت قيمة المطالبة الأصلية تزيد على مليونيريإل.
ج -الدعاوى المنصوص عليها في الفقرة (5) من المادة السادسة عشرة من النظام» متى كانت الدعوى تتعلق بطلب افتتاح إجراء إعادة تنظيممالي.

[Retrieved Article 3]
Law: نظام المحاكم التجارية
Article: المادة الثانيةوالسبعون
Text: المادة الثانيةوالسبعون
فيما لم يرد فيه نص خاصء تسري على دوائر الاستئناف والدائرة التجارية في المحكمة العليا الإجراءات المقررة أمام الدوائر الابتدائية» بما في ذلك الأحكام المتعلقةبالآتي:
١.إجراءات حضور أطرافالدعوى.
"".إجراءات تهيئة الدعوىوتحضيرها.
”.إجراءات إصدارالأحكام.",1.0,1.0,0.0,1.0,1.0,"```json
{
  ""correctness"": 5,
  ""faithfulness"": 5,
  ""arabic_quality"": 5,
  ""hallucination"": 0,
  ""reason"": ""الإجابة متوافقة مع النص القانوني المرجعي الذهبي ودقيقة في تفسيرها لشروط الترافع أمام الدائرة التجارية في المحكمة العليا.""
}
```",7.258327261000886,902,False,True,5.0,5.0,5.0,0,الإجابة متوافقة مع النص القانوني المرجعي الذهبي ودقيقة في تفسيرها لشروط الترافع أمام الدائرة التجارية في المحكمة العليا.
Q044,Qwen3-8B,"{
  ""answer_ar"": ""يحق للمحامي تقديم المذكرات أمام الدائرة التجارية في المحكمة العليا."",
  ""citations"": [
    {""law"": ""اللائحة التنفيذية لنظام المحاكم التجارية"", ""article"": ""المادة الرابعة والخمسون""}
  ],
  ""insufficient_context"": false
}",9.657379070999925,739,False,True,يحق للمحامي تقديم المذكرات أمام الدائرة التجارية في المحكمة العليا.,"[{'law': 'اللائحة التنفيذية لنظام المحاكم التجارية', 'article': 'المادة الرابعة والخمسون'}]",False,formal_paraphrase,من يحق له تقديم المذكرات أمام الدائرة التجارية في المحكمة العليا؟,اللائحة التنفيذية لنظام المحاكم التجارية,المادة الرابعة والخمسون,اللايحةالتنفيذيةلنظامالمحاكمالتجارية||المادةالرابعةوالخمسون,"المادة الرابعة والخمسون : الترافع منمحام
في جميع الأحوال؛ يجب أن تكون المرافعة وتقديم أي مذكرات لدى الدائرة التجارية في المحكمة العليا منمحام.","[('اللائحة التنفيذية لنظام المحاكم التجارية', 'المادة الرابعة والخمسون'), ('نظام المحاكم التجارية', 'المادة الثامنةوالثمانون'), ('نظام المحاكم التجارية', 'المادة الثانيةوالسبعون')]","['اللايحةالتنفيذيةلنظامالمحاكمالتجارية||المادةالرابعةوالخمسون', 'نظامالمحاكمالتجارية||المادةالثامنةوالثمانون', 'نظامالمحاكمالتجارية||المادةالثانيةوالسبعون']",True,"User Query:
من يحق له تقديم المذكرات أمام الدائرة التجارية في المحكمة العليا؟

[Retrieved Article 1]
Law: اللائحة التنفيذية لنظام المحاكم التجارية
Article: المادة الرابعة والخمسون
Text: المادة الرابعة والخمسون : الترافع منمحام
في جميع الأحوال؛ يجب أن تكون المرافعة وتقديم أي مذكرات لدى الدائرة التجارية في المحكمة العليا منمحام.

[Retrieved Article 2]
Law: نظام المحاكم التجارية
Article: المادة الثامنةوالثمانون
Text: المادة الثامنةوالثمانون
تختص الدائرة التجارية في المحكمة العليا بالنظر في الاعتراضات على الأحكام والقرارات التي تصدرها دوائر الاستئناف في المحكمة؛ إذا كان محل الاعتراض على الحكم مايأتي:
١.مخالفة أحكام الشريعة الإسلامية أو الأنظمة» أو الخطأ في تطبيقها أو تأويلهاء أو مخالفة مبدأ قضائي صادر من المحكمةالعليا.
؟.صدوره من محكمة غير مختصة» أو صدوره من محكمة غير مشكلة تشكيلآً صحيحاً وفق أحكامالنظام.
”"".الخطأ في تكييف الواقعة أو فيوصفها.
:.فصله في نزاع خلافاً لحكم آخر سبق أن صدر بين أطرافالدعوى.

[Retrieved Article 3]
Law: نظام المحاكم التجارية
Article: المادة الثانيةوالسبعون
Text: المادة الثانيةوالسبعون
فيما لم يرد فيه نص خاصء تسري على دوائر الاستئناف والدائرة التجارية في المحكمة العليا الإجراءات المقررة أمام الدوائر الابتدائية» بما في ذلك الأحكام المتعلقةبالآتي:
١.إجراءات حضور أطرافالدعوى.
"".إجراءات تهيئة الدعوىوتحضيرها.
”.إجراءات إصدارالأحكام.",1.0,1.0,0.0,1.0,1.0,"{
  ""correctness"": 1,
  ""faithfulness"": 1,
  ""arabic_quality"": 1,
  ""hallucination"": 0,
  ""reason"": ""الإجابة متوافقة مع النص القانوني الذهبي حيث ينص على أن تقديم المذكرات يجب أن يكون من محام، وهو ما ذكرته الإجابة.""
}",6.6557690179997735,854,False,True,1.0,1.0,1.0,0,الإجابة متوافقة مع النص القانوني الذهبي حيث ينص على أن تقديم المذكرات يجب أن يكون من محام، وهو ما ذكرته الإجابة.
Q045,Qwen3-8B,"{
  ""answer_ar"": ""لا، لا يمكنك رفع الدعوى أمام الدائرة التجارية بالمحكمة العليا بنفسك، إذ يشترط أن يكون الترافع من محامٍ وفقًا للمادة 45 من اللائحة التنفيذية لنظام المحاكم التجارية."",
  ""citations"": [
    {""law"": ""اللائحة التنفيذية لنظام المحاكم التجارية"", ""article"": ""المادة الرابعة والخمسون""}
  ],
  ""insufficient_context"": false
}",13.471005729000352,737,False,True,لا، لا يمكنك رفع الدعوى أمام الدائرة التجارية بالمحكمة العليا بنفسك، إذ يشترط أن يكون الترافع من محامٍ وفقًا للمادة 45 من اللائحة التنفيذية لنظام المحاكم التجارية.,"[{'law': 'اللائحة التنفيذية لنظام المحاكم التجارية', 'article': 'المادة الرابعة والخمسون'}]",False,informal,أقدر أرافع بنفسي قدام الدائرة التجارية بالمحكمة العليا؟,اللائحة التنفيذية لنظام المحاكم التجارية,المادة الرابعة والخمسون,اللايحةالتنفيذيةلنظامالمحاكمالتجارية||المادةالرابعةوالخمسون,"المادة الرابعة والخمسون : الترافع منمحام
في جميع الأحوال؛ يجب أن تكون المرافعة وتقديم أي مذكرات لدى الدائرة التجارية في المحكمة العليا منمحام.","[('اللائحة التنفيذية لنظام المحاكم التجارية', 'المادة الرابعة والخمسون'), ('نظام المحاكم التجارية', 'المادة الثامنةوالثمانون'), ('نظام المحاكم التجارية', 'المادة الثانيةوالسبعون')]","['اللايحةالتنفيذيةلنظامالمحاكمالتجارية||المادةالرابعةوالخمسون', 'نظامالمحاكمالتجارية||المادةالثامنةوالثمانون', 'نظامالمحاكمالتجارية||المادةالثانيةوالسبعون']",True,"User Query:
أقدر أرافع بنفسي قدام الدائرة التجارية بالمحكمة العليا؟

[Retrieved Article 1]
Law: اللائحة التنفيذية لنظام المحاكم التجارية
Article: المادة الرابعة والخمسون
Text: المادة الرابعة والخمسون : الترافع منمحام
في جميع الأحوال؛ يجب أن تكون المرافعة وتقديم أي مذكرات لدى الدائرة التجارية في المحكمة العليا منمحام.

[Retrieved Article 2]
Law: نظام المحاكم التجارية
Article: المادة الثامنةوالثمانون
Text: المادة الثامنةوالثمانون
تختص الدائرة التجارية في المحكمة العليا بالنظر في الاعتراضات على الأحكام والقرارات التي تصدرها دوائر الاستئناف في المحكمة؛ إذا كان محل الاعتراض على الحكم مايأتي:
١.مخالفة أحكام الشريعة الإسلامية أو الأنظمة» أو الخطأ في تطبيقها أو تأويلهاء أو مخالفة مبدأ قضائي صادر من المحكمةالعليا.
؟.صدوره من محكمة غير مختصة» أو صدوره من محكمة غير مشكلة تشكيلآً صحيحاً وفق أحكامالنظام.
”"".الخطأ في تكييف الواقعة أو فيوصفها.
:.فصله في نزاع خلافاً لحكم آخر سبق أن صدر بين أطرافالدعوى.

[Retrieved Article 3]
Law: نظام المحاكم التجارية
Article: المادة الثانيةوالسبعون
Text: المادة الثانيةوالسبعون
فيما لم يرد فيه نص خاصء تسري على دوائر الاستئناف والدائرة التجارية في المحكمة العليا الإجراءات المقررة أمام الدوائر الابتدائية» بما في ذلك الأحكام المتعلقةبالآتي:
١.إجراءات حضور أطرافالدعوى.
"".إجراءات تهيئة الدعوىوتحضيرها.
”.إجراءات إصدارالأحكام.",1.0,1.0,0.0,1.0,1.0,"```json
{
  ""correctness"": 1,
  ""faithfulness"": 1,
  ""arabic_quality"": 1,
  ""hallucination"": 0,
  ""reason"": ""الإجابة صحيحة وموثقة من النص القانوني المرجعي الذهبي، وهي واضحة ومتماسكة باللغة العربية.""
}
```",6.682406222000282,889,False,True,1.0,1.0,1.0,0,الإجابة صحيحة وموثقة من النص القانوني المرجعي الذهبي، وهي واضحة ومتماسكة باللغة العربية.
Q046,Qwen3-8B,"{
  ""answer_ar"": ""يتم إثبات المصالحة التي يتوصل إليها الأطراف بعد قيد القضية بمحضر صلح يوقع من الخصوم ومن الموظف المختص، ويذيل بالصيغة التنفيذية، حسب ما ورد في اللائحة التنفيذية لنظام المحاكم التجارية."",
  ""citations"": [
    {""law"": ""اللوحة التنفيذية لنظام المحاكم التجارية"", ""article"": ""المادة الحادية والستون""}
  ],
  ""insufficient_context"": false
}",14.280839935000586,615,False,True,يتم إثبات المصالحة التي يتوصل إليها الأطراف بعد قيد القضية بمحضر صلح يوقع من الخصوم ومن الموظف المختص، ويذيل بالصيغة التنفيذية، حسب ما ورد في اللائحة التنفيذية لنظام المحاكم التجارية.,"[{'law': 'اللوحة التنفيذية لنظام المحاكم التجارية', 'article': 'المادة الحادية والستون'}]",False,formal_direct,كيف يتم إثبات المصالحة التي يتوصل إليها الأطراف بعد قيد القضية؟,اللائحة التنفيذية لنظام المحاكم التجارية,المادة الحادية والستون,اللايحةالتنفيذيةلنظامالمحاكمالتجارية||المادةالحاديةوالستون,"المادة الحادية والستون : المصالحة بعدالقيد
إذا توصل الأطراف إلى المصالحة أو التسوية بعد قيد القضية» أثبت ما اتفقوا عليه في محضر صلحء يوقع من الخصوم ومن الموظف المختصء ويذيل بالصيغةالتنفيذية.","[('اللائحة التنفيذية لنظام المحاكم التجارية', 'المادة الحادية والستون'), ('اللائحة التنفيذية لنظام المحاكم التجارية', 'المادة الستون'), ('اللائحة التنفيذية لنظام المحاكم التجارية', 'المادة الثانية والستون')]","['اللايحةالتنفيذيةلنظامالمحاكمالتجارية||المادةالحاديةوالستون', 'اللايحةالتنفيذيةلنظامالمحاكمالتجارية||المادةالستون', 'اللايحةالتنفيذيةلنظامالمحاكمالتجارية||المادةالثانيةوالستون']",True,"User Query:
كيف يتم إثبات المصالحة التي يتوصل إليها الأطراف بعد قيد القضية؟

[Retrieved Article 1]
Law: اللائحة التنفيذية لنظام المحاكم التجارية
Article: المادة الحادية والستون
Text: المادة الحادية والستون : المصالحة بعدالقيد
إذا توصل الأطراف إلى المصالحة أو التسوية بعد قيد القضية» أثبت ما اتفقوا عليه في محضر صلحء يوقع من الخصوم ومن الموظف المختصء ويذيل بالصيغةالتنفيذية.

[Retrieved Article 2]
Law: اللائحة التنفيذية لنظام المحاكم التجارية
Article: المادة الستون
Text: المادة الستون: المصالحة بعدالقيد
للمحكمة في أي مرحلة إحالة الأطراف - بشرط موافقتهم - إلى المصالحة والوساطة» ويثبت ذلك في محضر القضية»: وتراعي في الموعد التالي مدة إجراءات المصالحةوالوساطة.

[Retrieved Article 3]
Law: اللائحة التنفيذية لنظام المحاكم التجارية
Article: المادة الثانية والستون
Text: المادة الثانية والستون : المصالحة بعدالقيد
في الأحوال التي تنتهي المصالحة فيها بسند تنفيذي بموجب أحكام نظام التنفيذ» تزود المحكمة بصورة منه» وتعد الدعوى منقضيةبذلك.",1.0,0.0,1.0,0.0,1.0,"```json
{
  ""correctness"": 5,
  ""faithfulness"": 5,
  ""arabic_quality"": 5,
  ""hallucination"": 0,
  ""reason"": ""الإجابة دقيقة وموثقة من النص القانوني المرجعي الذهبي، وواضحة ومهنية باللغة العربية.""
}
```",6.0897432129986555,802,False,True,5.0,5.0,5.0,0,الإجابة دقيقة وموثقة من النص القانوني المرجعي الذهبي، وواضحة ومهنية باللغة العربية.
Q047,Qwen3-8B,"{
  ""answer_ar"": ""عند اتفاق الخصوم على التسوية بعد تسجيل الدعوى، يجب إثبات الاتفاق في محضر صلح يوقعه الخصوم والموظف المختص، وفقًا للمادة الحادية والستون من اللائحة التنفيذية لنظام المحاكم التجارية."",
  ""citations"": [
    {""law"": ""اللوائح التنفيذية لنظام المحاكم التجارية"", ""article"": ""المادة الحادية والستون""}
  ],
  ""insufficient_context"": false
}",13.815048261999436,726,False,True,عند اتفاق الخصوم على التسوية بعد تسجيل الدعوى، يجب إثبات الاتفاق في محضر صلح يوقعه الخصوم والموظف المختص، وفقًا للمادة الحادية والستون من اللائحة التنفيذية لنظام المحاكم التجارية.,"[{'law': 'اللوائح التنفيذية لنظام المحاكم التجارية', 'article': 'المادة الحادية والستون'}]",False,formal_paraphrase,ما الإجراء المتبع عند اتفاق الخصوم على التسوية بعد تسجيل الدعوى؟,اللائحة التنفيذية لنظام المحاكم التجارية,المادة الحادية والستون,اللايحةالتنفيذيةلنظامالمحاكمالتجارية||المادةالحاديةوالستون,"المادة الحادية والستون : المصالحة بعدالقيد
إذا توصل الأطراف إلى المصالحة أو التسوية بعد قيد القضية» أثبت ما اتفقوا عليه في محضر صلحء يوقع من الخصوم ومن الموظف المختصء ويذيل بالصيغةالتنفيذية.","[('اللائحة التنفيذية لنظام المحاكم التجارية', 'المادة الحادية والستون'), ('اللائحة التنفيذية لنظام المحاكم التجارية', 'المادة السبعون بعد المائتين'), ('اللائحة التنفيذية لطرق الاعتراض على الأحكام', 'المادة الخامسة')]","['اللايحةالتنفيذيةلنظامالمحاكمالتجارية||المادةالحاديةوالستون', 'اللايحةالتنفيذيةلنظامالمحاكمالتجارية||المادةالسبعونبعدالمايتين', 'اللايحةالتنفيذيةلطرقالاعتراضعليالاحكام||المادةالخامسة']",True,"User Query:
ما الإجراء المتبع عند اتفاق الخصوم على التسوية بعد تسجيل الدعوى؟

[Retrieved Article 1]
Law: اللائحة التنفيذية لنظام المحاكم التجارية
Article: المادة الحادية والستون
Text: المادة الحادية والستون : المصالحة بعدالقيد
إذا توصل الأطراف إلى المصالحة أو التسوية بعد قيد القضية» أثبت ما اتفقوا عليه في محضر صلحء يوقع من الخصوم ومن الموظف المختصء ويذيل بالصيغةالتنفيذية.

[Retrieved Article 2]
Law: اللائحة التنفيذية لنظام المحاكم التجارية
Article: المادة السبعون بعد المائتين
Text: المادة السبعون بعد المائتين: عرض التسوية في الدعوىالجماعية
يجب قبل نظر الدعوى الجماعية عرض التسوية على الأطرافء وفي حال توصل ممثل المدعين إلى تسوية مع المدعى عليه» فيجب على ممثل المدعين عرضها علىالمدعين
بالوسيلة المناسبة مع تحديد ميعاد لإبداء الموافقة على العرض من عدمه خلال مدة لا تتجاوز ثلاثين يومأ؛ وفي حال قبلها أغلبية المدعين» فتثبت التسوية بحق من قبل بهاوتنهي
المحكمة الدعوى الجماعيةبذلك.

[Retrieved Article 3]
Law: اللائحة التنفيذية لطرق الاعتراض على الأحكام
Article: المادة الخامسة
Text: المادة الخامسة
-١ يجوز لأطراف الدعوى الاتفاق كتابةً ولو قبل رفع الدعوى- على أن يكون الحكم الصادر من محكمة الدرجة الأولى نهائياًبحقهم.
2- يكون التمسك بالاتفاق الوارد في الفقرة )١( من هذه المادة أثناء نظر الدعوى لدى محكمة الدرجةالأولى.",1.0,0.0,1.0,0.0,1.0,"{
  ""correctness"": 4,
  ""faithfulness"": 3,
  ""arabic_quality"": 4,
  ""hallucination"": 0,
  ""reason"": ""الإجابة دقيقة فيما يتعلق بالمادة القانونية المرجعية، ولكن السياق المسترجع غير متعلق بالتسوية بعد تسجيل الدعوى.""
}",6.648258691000592,907,False,True,4.0,3.0,4.0,0,الإجابة دقيقة فيما يتعلق بالمادة القانونية المرجعية، ولكن السياق المسترجع غير متعلق بالتسوية بعد تسجيل الدعوى.
Q048,Qwen3-8B,"{
  ""answer_ar"": ""إذا تصالح الأطراف بعد تسجيل القضية، يتم تسجيل المصالحة في محضر صلح يوقعه الأطراف والموظف المختص، ويُحتفظ به ويشير إليه في الإجراءات القانونية، وفقًا لأحكام المادة الحادية والستون من اللائحة التنفيذية لنظام المحاكم التجارية، والمادة التاسعة والعشرين من نفس النظام."",
  ""citations"": [
    {""law"": ""اللائحة التنفيذية لنظام المحاكم التجارية"", ""article"": ""المادة الحادية والستون""},
    {""law"": ""اللائحة التنفيذية لنظام المحاكم التجارية"", ""article"": ""المادة الثالثة والستون""}
  ],
  ""insufficient_context"": false
}",20.55319450100069,908,False,True,إذا تصالح الأطراف بعد تسجيل القضية، يتم تسجيل المصالحة في محضر صلح يوقعه الأطراف والموظف المختص، ويُحتفظ به ويشير إليه في الإجراءات القانونية، وفقًا لأحكام المادة الحادية والستون من اللائحة التنفيذية لنظام المحاكم التجارية، والمادة التاسعة والعشرين من نفس النظام.,"[{'law': 'اللائحة التنفيذية لنظام المحاكم التجارية', 'article': 'المادة الحادية والستون'}, {'law': 'اللائحة التنفيذية لنظام المحاكم التجارية', 'article': 'المادة الثالثة والستون'}]",False,informal,إذا تصالحنا بعد ما سجلنا القضية، وش يصير؟,اللائحة التنفيذية لنظام المحاكم التجارية,المادة الحادية والستون,اللايحةالتنفيذيةلنظامالمحاكمالتجارية||المادةالحاديةوالستون,"المادة الحادية والستون : المصالحة بعدالقيد
إذا توصل الأطراف إلى المصالحة أو التسوية بعد قيد القضية» أثبت ما اتفقوا عليه في محضر صلحء يوقع من الخصوم ومن الموظف المختصء ويذيل بالصيغةالتنفيذية.","[('اللائحة التنفيذية لنظام المحاكم التجارية', 'المادة الحادية والستون'), ('قواعد العمل في مكاتب المصالحة وإجراءاته', 'المادة التاسعة عشر'), ('اللائحة التنفيذية لنظام المحاكم التجارية', 'المادة الثالثة والستون')]","['اللايحةالتنفيذيةلنظامالمحاكمالتجارية||المادةالحاديةوالستون', 'قواعدالعملفيمكاتبالمصالحةواجراءاته||المادةالتاسعةعشر', 'اللايحةالتنفيذيةلنظامالمحاكمالتجارية||المادةالثالثةوالستون']",True,"User Query:
إذا تصالحنا بعد ما سجلنا القضية، وش يصير؟

[Retrieved Article 1]
Law: اللائحة التنفيذية لنظام المحاكم التجارية
Article: المادة الحادية والستون
Text: المادة الحادية والستون : المصالحة بعدالقيد
إذا توصل الأطراف إلى المصالحة أو التسوية بعد قيد القضية» أثبت ما اتفقوا عليه في محضر صلحء يوقع من الخصوم ومن الموظف المختصء ويذيل بالصيغةالتنفيذية.

[Retrieved Article 2]
Law: قواعد العمل في مكاتب المصالحة وإجراءاته
Article: المادة التاسعة عشر
Text: المادة التاسعة عشر: تحريرالمحاضر
لا يحرر المصلح محضرًا لجلسات المصالحة» ويكتفي بتحريرالآتي:
١.إذا انتهت المصالحة بغير صلحء فيحرر المصلح تقريرًا بذلك يدوّن فيه المعلومات الأساسية وفمًا للنموذج المعتمدء بما يشمل: تاريخ جلسات المصالحة» ومكان انعقادهاءواسم
المصلح وأطراف المصالحة ومعلوماتهم الأساسية» وأسماء من حضر الجلسة» وملخص المنازعة محل المصالحة دون أن يذكر ما دار في الجلسة» وتحفظ المعاملة معإشعار
المحكمة المحيلة بذلك إذا كانت القضيةمحالة.
"" إذا انتهت المصالحة بصلح في بعض المنازعة؛ فيحرر المصلح تقريرًا بانتهاء المصالحة بغير صلح كامل وفمًا لما ورد في الفقرة السابقة» كما يحرر محضر صلح بماتمت
المصالحة فيه ويبين فيه جزء المنازعة الذي تم الصلح فيه» ويكون له أحكام وإجراءات محضر الصلح الواردة في الفصل الخامسء وتحفظ المعاملة مع إشعار المحكمة المحيلةبذلك
إذا كانت القضيةمحالة.
“.إذا انتهت المصالحة بصلح كامل» فيحرر المصلح محضر صلح وفقًا لأحكام الفصل الخامس» وتشعر المحكمة المحيلة بذلك إذا كانت القضيةمحالة.
الفصل الخامس: محضرالصلح

[Retrieved Article 3]
Law: اللائحة التنفيذية لنظام المحاكم التجارية
Article: المادة الثالثة والستون
Text: المادة الثالثة والستون : المصالحة بعدالقيد
تسري أحكام الفقرة )١( من المادة التاسعة والعشرين من النظام في أي مرحلة تم فيها الاتفاق ولو بعد قفل باب المرافعة أو أمام المحكمة المعترضأمامها.",1.0,1.0,0.0,1.0,2.0,"```json
{
  ""correctness"": 4,
  ""faithfulness"": 3,
  ""arabic_quality"": 4,
  ""hallucination"": 0,
  ""reason"": ""الإجابة دقيقة فيما يتعلق بالمادة القانونية المرجعية، ولكنها لم تدعم بشكل كافي من السياق المسترجع. بالإضافة إلى ذلك، يمكن تحسين الدقة اللغوية.""
}
```

**سبب مختصر:**
- **الدقة:** الإجابة دقيقة فيما يتعلق بالمادة القانونية المرجعية.
- **الولاء:** الدعم من السياق المسترجع غير كافٍ، حيث أن السياق المسترجع يحتوي على مواد أخرى غير ذات صلة.
- **جودة اللغة العربية:** اللغة العربية واضحة ومهنية، ولكن يمكن تحسين الدقة في بعض الجمل.
- **التصورات غير المدعومة:** لا يوجد ادعاءات غير مدعومة بالسياق المسترجع.",16.237182748000123,1118,False,True,4.0,3.0,4.0,0,الإجابة دقيقة فيما يتعلق بالمادة القانونية المرجعية، ولكنها لم تدعم بشكل كافي من السياق المسترجع. بالإضافة إلى ذلك، يمكن تحسين الدقة اللغوية.
Q049,Qwen3-8B,"{
  ""answer_ar"": ""يجب إثبات البيانات التالية عند إصدار أمر من المحكمة بسبب واقعة إخلال: الواقعة محل الإخلال، ومقدار الغرامة، وتحديد الشخص أو الأشخاص الصادر بحقهم الأمر، بالإضافة إلى البيانات المضمنة في طلب إصدار الأمر، وتاريخ إصداره، والمحكمة التي أصدرته، والدائرة، واسم القاضي."",
  ""citations"": [
    {""law"": ""اللائحة التنفيذية لنظام المحاكم التجارية"", ""article"": ""المادة الخامسة والستون""},
    {""law"": ""اللائحة التنفيذية لنظام المحاكم التجارية"", ""article"": ""المادة الثالثة والتسعون بعد المائة""}
  ],
  ""insufficient_context"": false
}",21.104002099000358,841,False,True,يجب إثبات البيانات التالية عند إصدار أمر من المحكمة بسبب واقعة إخلال: الواقعة محل الإخلال، ومقدار الغرامة، وتحديد الشخص أو الأشخاص الصادر بحقهم الأمر، بالإضافة إلى البيانات المضمنة في طلب إصدار الأمر، وتاريخ إصداره، والمحكمة التي أصدرته، والدائرة، واسم القاضي.,"[{'law': 'اللائحة التنفيذية لنظام المحاكم التجارية', 'article': 'المادة الخامسة والستون'}, {'law': 'اللائحة التنفيذية لنظام المحاكم التجارية', 'article': 'المادة الثالثة والتسعون بعد المائة'}]",False,formal_direct,ما البيانات التي يجب إثباتها عند إصدار أمر من المحكمة بسبب واقعة إخلال؟,اللائحة التنفيذية لنظام المحاكم التجارية,المادة الخامسة والستون,اللايحةالتنفيذيةلنظامالمحاكمالتجارية||المادةالخامسةوالستون,"المادة الخامسةوالستون :
يكون إثبات أمر المحكمة المنصوص عليه في الفقرة )١( من المادة الثالثة عشرة من النظام في محضر القضية» على أن يتضمن إثبات الواقعة محل الإخلال؛ ومقدار الغرامة»وتحديد
الشخص أو الأشخاص الصادر بحقهم الأمرء ويزود رئيس المحكمة بنسخة منه فورصدوره.","[('اللائحة التنفيذية لنظام المحاكم التجارية', 'المادة الخامسةوالستون'), ('اللائحة التنفيذية لنظام المحاكم التجارية', 'المادة الثالثة والتسعون بعد المائة'), ('القواعد المنظمة لإجراءات قضايا الإفلاس في المحاكم التجارية', 'المادة التاسعة')]","['اللايحةالتنفيذيةلنظامالمحاكمالتجارية||المادةالخامسةوالستون', 'اللايحةالتنفيذيةلنظامالمحاكمالتجارية||المادةالثالثةوالتسعونبعدالماية', 'القواعدالمنظمةلاجراءاتقضاياالافلاسفيالمحاكمالتجارية||المادةالتاسعة']",True,"User Query:
ما البيانات التي يجب إثباتها عند إصدار أمر من المحكمة بسبب واقعة إخلال؟

[Retrieved Article 1]
Law: اللائحة التنفيذية لنظام المحاكم التجارية
Article: المادة الخامسةوالستون
Text: المادة الخامسةوالستون :
يكون إثبات أمر المحكمة المنصوص عليه في الفقرة )١( من المادة الثالثة عشرة من النظام في محضر القضية» على أن يتضمن إثبات الواقعة محل الإخلال؛ ومقدار الغرامة»وتحديد
الشخص أو الأشخاص الصادر بحقهم الأمرء ويزود رئيس المحكمة بنسخة منه فورصدوره.

[Retrieved Article 2]
Law: اللائحة التنفيذية لنظام المحاكم التجارية
Article: المادة الثالثة والتسعون بعد المائة
Text: المادة الثالثة والتسعون بعد المائة: الفصل في طلب إصدار أمرالأداء
يصدر الأمر في النموذج الخاص بذلك» ويجب أن يحتوي على البياناتالآتية:
أ- البيانات المضمنة في طلب إصدارالأمر.
ب - تاريخ إصدار الأمرء والمحكمة التي أصدرته؛ والدائرة» واسمالقاضي.

[Retrieved Article 3]
Law: القواعد المنظمة لإجراءات قضايا الإفلاس في المحاكم التجارية
Article: المادة التاسعة
Text: المادة التاسعة
-١ يجب أن يشتمل الطلب المقدم للمحكمة على البيانات؛ والمرافقات المنصوص عليها في النظام؛ واللائحة التنفيذية» ولائحة المعلوماتوالوثائق.
؟- يكون تقديم الطلب لدى الوحدة المختصة فيالمحكمة.
“'- تقيد الوحدة المختصة بالمحكمة الطلبات بعد التأكد من استيفائها للمتطلبات النظامية» ولمقدم الطلب حق التظلم لرئيس المحكمة خلال خمسة أيام من تاريخ إبلاغه بعدم قيدالطلب»
ويفصل رئيس المحكمة في التظلم» ويعد قراره في ذلك نهائيّاء ولرئيس المحكمة عند الاقتضاء إحالة الطلب للدائرة؛ للنظر في قبوله» ولها تقرير قبول قيد الطلب متى رأت أنمرافقاته
تحقق الغاية من المعلومة»؛ أو الوثيقة التي لمتقدم.
٠بي
تعليق المطالبات والطلباتالتحفظيهة",1.0,1.0,0.0,1.0,2.0,"{
  ""correctness"": 4,
  ""faithfulness"": 3,
  ""arabic_quality"": 4,
  ""hallucination"": 0,
  ""reason"": ""الإجابة تتضمن البيانات الصحيحة المذكورة في النص القانوني الذهبي، لكنها تضيف بيانات أخرى غير موجودة في النص القانوني المسترجع.""
}",7.579799762999755,1076,False,True,4.0,3.0,4.0,0,الإجابة تتضمن البيانات الصحيحة المذكورة في النص القانوني الذهبي، لكنها تضيف بيانات أخرى غير موجودة في النص القانوني المسترجع.
Q050,Qwen3-8B,"{
  ""answer_ar"": ""يُوثق أمر المحكمة المتعلق بالغرامة والواقعة محل الإخلال في محضر القضية، ويجب أن يتضمن إثبات الواقعة محل الإخلال ومقدار الغرامة، وتحديد الشخص أو الأشخاص الصادر بحقهم الأمر، ويزود رئيس المحكمة بنسخة منه فور صدوره."",
  ""citations"": [
    {""law"": ""اللائحة التنفيذية لنظام المحاكم التجارية"", ""article"": ""المادة الخامسةوالستون""}
  ],
  ""insufficient_context"": false
}",15.097817582000062,791,False,True,يُوثق أمر المحكمة المتعلق بالغرامة والواقعة محل الإخلال في محضر القضية، ويجب أن يتضمن إثبات الواقعة محل الإخلال ومقدار الغرامة، وتحديد الشخص أو الأشخاص الصادر بحقهم الأمر، ويزود رئيس المحكمة بنسخة منه فور صدوره.,"[{'law': 'اللائحة التنفيذية لنظام المحاكم التجارية', 'article': 'المادة الخامسةوالستون'}]",False,formal_paraphrase,كيف يوثق أمر المحكمة المتعلق بالغرامة والواقعة محل الإخلال؟,اللائحة التنفيذية لنظام المحاكم التجارية,المادة الخامسة والستون,اللايحةالتنفيذيةلنظامالمحاكمالتجارية||المادةالخامسةوالستون,"المادة الخامسةوالستون :
يكون إثبات أمر المحكمة المنصوص عليه في الفقرة )١( من المادة الثالثة عشرة من النظام في محضر القضية» على أن يتضمن إثبات الواقعة محل الإخلال؛ ومقدار الغرامة»وتحديد
الشخص أو الأشخاص الصادر بحقهم الأمرء ويزود رئيس المحكمة بنسخة منه فورصدوره.","[('اللائحة التنفيذية لنظام المحاكم التجارية', 'المادة الخامسةوالستون'), ('نظام المحاكم التجارية', 'المادة الثالثةعشرة'), ('اللائحة التنفيذية لنظام الإجراءات الجزائية', 'المادة المائة')]","['اللايحةالتنفيذيةلنظامالمحاكمالتجارية||المادةالخامسةوالستون', 'نظامالمحاكمالتجارية||المادةالثالثةعشرة', 'اللايحةالتنفيذيةلنظامالاجراءاتالجزايية||المادةالماية']",True,"User Query:
كيف يوثق أمر المحكمة المتعلق بالغرامة والواقعة محل الإخلال؟

[Retrieved Article 1]
Law: اللائحة التنفيذية لنظام المحاكم التجارية
Article: المادة الخامسةوالستون
Text: المادة الخامسةوالستون :
يكون إثبات أمر المحكمة المنصوص عليه في الفقرة )١( من المادة الثالثة عشرة من النظام في محضر القضية» على أن يتضمن إثبات الواقعة محل الإخلال؛ ومقدار الغرامة»وتحديد
الشخص أو الأشخاص الصادر بحقهم الأمرء ويزود رئيس المحكمة بنسخة منه فورصدوره.

[Retrieved Article 2]
Law: نظام المحاكم التجارية
Article: المادة الثالثةعشرة
Text: المادة الثالثةعشرة
١.دون إخلال بأي عقوبة أخرى ينص عليها نظام آخر؛ للمحكمة عند إخلال أحد الأطراف بأي من إجراءات الدعوى أو نظام الجلسة أن تأمر بفرض غرامة لا تتجاوز عشرة آلاف
ربال» ويعد أمر المحكمة في هذا الشأننهائيًا.
"".يتاح اطلاع العموم على بيانات الدعاوى التجارية وأوراقها ومستنداتها لقاء مقابل مالي يعادل تكلفةالخدمة.
ويجوز -بناءًَ على طلب ذي مصلحة تقرير سرية بعض أوراق الدعوى التجارية أو مستنداتها لغير المحكمة» وذلك دون إخلال بعلنية المرافعة والأنظمة ذات العلاقة» وتحدداللائحة
الإجراءات والضوابط المنظمةذلك.

[Retrieved Article 3]
Law: اللائحة التنفيذية لنظام الإجراءات الجزائية
Article: المادة المائة
Text: المادة المائة
-١ على المحكمة تدوين ما يقع مما يخل بنظام الجلسة في محضرء أو في ضبطالدعوى.
؟ - يحرر الأمر الصادر بسجن من يخل بنظام الجلسة استناداً إلى المادة (الثانية والأربعين بعد المائة) من النظام؛ بكتاب رسميء ويُبعث للجهة المختصةلتنفيذه.",1.0,1.0,0.0,1.0,1.0,"{
  ""correctness"": 5,
  ""faithfulness"": 5,
  ""arabic_quality"": 5,
  ""hallucination"": 0,
  ""reason"": ""الإجابة دقيقة وموثقة من النص القانوني المرجعي الذهبي، وواضحة ومهنية باللغة العربية.""
}",5.8913957759996265,1012,False,True,5.0,5.0,5.0,0,الإجابة دقيقة وموثقة من النص القانوني المرجعي الذهبي، وواضحة ومهنية باللغة العربية.
Q051,Qwen3-8B,"{
  ""answer_ar"": ""تُسجل الغرامة المفروضة من المحكمة في ضبط الدعوى، ويدون أمرها وأسبابها في كتاب رسمي، ويُرسل هذا الكتاب إلى الجهة المختصة للتنفيذ."",
  ""citations"": [
    {""law"": ""اللائحة التنفيذية لنظام الإجراءات الجزائية"", ""article"": ""المادة الحادية والعشرون بعد المائة""}
  ],
  ""insufficient_context"": false
}",13.46449828599998,948,False,True,تُسجل الغرامة المفروضة من المحكمة في ضبط الدعوى، ويدون أمرها وأسبابها في كتاب رسمي، ويُرسل هذا الكتاب إلى الجهة المختصة للتنفيذ.,"[{'law': 'اللائحة التنفيذية لنظام الإجراءات الجزائية', 'article': 'المادة الحادية والعشرون بعد المائة'}]",False,informal,إذا المحكمة فرضت غرامة بسبب مخالفة، كيف يسجلونها؟,اللائحة التنفيذية لنظام المحاكم التجارية,المادة الخامسة والستون,اللايحةالتنفيذيةلنظامالمحاكمالتجارية||المادةالخامسةوالستون,"المادة الخامسةوالستون :
يكون إثبات أمر المحكمة المنصوص عليه في الفقرة )١( من المادة الثالثة عشرة من النظام في محضر القضية» على أن يتضمن إثبات الواقعة محل الإخلال؛ ومقدار الغرامة»وتحديد
الشخص أو الأشخاص الصادر بحقهم الأمرء ويزود رئيس المحكمة بنسخة منه فورصدوره.","[('نظام المحاكم التجارية', 'المادة الثالثةعشرة'), ('اللائحة التنفيذية لنظام الإجراءات الجزائية', 'المادة الحادية والعشرون بعدالمائة'), ('اللائحة التنفيذية لنظام الإجراءات الجزائية', 'المادة المائة')]","['نظامالمحاكمالتجارية||المادةالثالثةعشرة', 'اللايحةالتنفيذيةلنظامالاجراءاتالجزايية||المادةالحاديةوالعشرونبعدالماية', 'اللايحةالتنفيذيةلنظامالاجراءاتالجزايية||المادةالماية']",False,"User Query:
إذا المحكمة فرضت غرامة بسبب مخالفة، كيف يسجلونها؟

[Retrieved Article 1]
Law: نظام المحاكم التجارية
Article: المادة الثالثةعشرة
Text: المادة الثالثةعشرة
١.دون إخلال بأي عقوبة أخرى ينص عليها نظام آخر؛ للمحكمة عند إخلال أحد الأطراف بأي من إجراءات الدعوى أو نظام الجلسة أن تأمر بفرض غرامة لا تتجاوز عشرة آلاف
ربال» ويعد أمر المحكمة في هذا الشأننهائيًا.
"".يتاح اطلاع العموم على بيانات الدعاوى التجارية وأوراقها ومستنداتها لقاء مقابل مالي يعادل تكلفةالخدمة.
ويجوز -بناءًَ على طلب ذي مصلحة تقرير سرية بعض أوراق الدعوى التجارية أو مستنداتها لغير المحكمة» وذلك دون إخلال بعلنية المرافعة والأنظمة ذات العلاقة» وتحدداللائحة
الإجراءات والضوابط المنظمةذلك.

[Retrieved Article 2]
Law: اللائحة التنفيذية لنظام الإجراءات الجزائية
Article: المادة الحادية والعشرون بعدالمائة
Text: المادة الحادية والعشرون بعدالمائة
-١ يدون أي أمر تصدره المحكمة - وفقاً للمادة (السبعين بعد المائة) من النظام - وأسبابه في ضبط الدعوى؛ ويصدر به كتابرسمي.
؟ - يُضْمَّن الكتاب الرسمي الذي تصدره المحكمة لضبط شيء متعلق بالقضية تسمية الجهة التي تراها المحكمة للقيامبالضبط,
“ - للمحكمة إبقاء المضبوطات المشار إليها في المادة (السبعين بعد المائة) من النظام لديهاء أو لدى إحدى الجهاتالمختصة.
5 - إذا رأت المحكمة إبقاء مستند أو أي شيء آخر قدم إليها أثناء المحاكمة؛ فتُسلم مَنْ قدمه سنداً بذلك إذاطلبه.
5 - تكون إجراءات تحريز ورد ما ضبط استناداً إلى المادة (السبعين بعد المائة) من النظام؛ وفقاً للأحكام ذات الصلة المنصوص عليها في النظامواللائحة.

[Retrieved Article 3]
Law: اللائحة التنفيذية لنظام الإجراءات الجزائية
Article: المادة المائة
Text: المادة المائة
-١ على المحكمة تدوين ما يقع مما يخل بنظام الجلسة في محضرء أو في ضبطالدعوى.
؟ - يحرر الأمر الصادر بسجن من يخل بنظام الجلسة استناداً إلى المادة (الثانية والأربعين بعد المائة) من النظام؛ بكتاب رسميء ويُبعث للجهة المختصةلتنفيذه.",1.0,1.0,0.0,0.0,1.0,"```json
{
  ""correctness"": 4,
  ""faithfulness"": 3,
  ""arabic_quality"": 4,
  ""hallucination"": 0,
  ""reason"": ""الإجابة صحيحة بشكل عام لكنها لم تذكر التفاصيل الدقيقة من النص القانوني المرجعي الذهبي.""
}
```

**سبب مختصر:**
- **correctness:** الإجابة دقيقة في الأساس، حيث تشير إلى تسجيل الغرامة في ضبط الدعوى وتدوين أمرها وأسبابها في كتاب رسمي.
- **faithfulness:** الإجابة غير كاملة لأنها لم تذكر التفاصيل الدقيقة من النص القانوني المرجعي الذهبي، مثل تحديد مقدار الغرامة وتحديد الشخص أو الأشخاص الصادر بحقهم الأمر.
- **arabic_quality:** اللغة العربية واضحة ومهنية، لكن يمكن تحسينها من خلال استخدام ألفاظ أكثر دقة.
- **hallucination:** الإجابة",16.79153207700074,1139,False,True,4.0,3.0,4.0,0,الإجابة صحيحة بشكل عام لكنها لم تذكر التفاصيل الدقيقة من النص القانوني المرجعي الذهبي.
Q052,Qwen3-8B,"{
  ""answer_ar"": ""يجب على المدعي إخطار المدعى عليه وفق أحكام الفقرة (١) من المادة التاسعة عشرة من نظام المحاكم التجارية قبل رفع الدعوى التجارية، وذلك بكتابة أداء الحق المدعى به على الأقل بعد خمسة عشر يوماً من إقامة الدعوى."",
  ""citations"": [
    {""law"": ""نظام المحاكم التجارية"", ""article"": ""المادة التاسعة عشرة""},
    {""law"": ""الائحة التنفيذية لنظام المحاكم التجارية"", ""article"": ""المادة التاسعة والستون""}
  ],
  ""insufficient_context"": false
}",17.2111972900002,844,False,True,يجب على المدعي إخطار المدعى عليه وفق أحكام الفقرة (١) من المادة التاسعة عشرة من نظام المحاكم التجارية قبل رفع الدعوى التجارية، وذلك بكتابة أداء الحق المدعى به على الأقل بعد خمسة عشر يوماً من إقامة الدعوى.,"[{'law': 'نظام المحاكم التجارية', 'article': 'المادة التاسعة عشرة'}, {'law': 'الائحة التنفيذية لنظام المحاكم التجارية', 'article': 'المادة التاسعة والستون'}]",False,formal_direct,متى يجب على المدعي إخطار المدعى عليه قبل رفع الدعوى التجارية؟,اللائحة التنفيذية لنظام المحاكم التجارية,المادة التاسعة والستون,اللايحةالتنفيذيةلنظامالمحاكمالتجارية||المادةالتاسعةوالستون,"المادة التاسعةوالستون :
يجب أن يخطر المدعي المدعى عليه وفق أحكام الفقرة ( ١ ) من المادة التاسعة عشرة من النظام في جميع الدعاوى التي تختص بنظرها المحكمة»؛ فيما عداالآتي:
-١ الدعاوى المتصلة بالعقوبات المنصوص عليها في الأنظمةالتجارية.
-١ الدعاوى التي تكون جهة الإدارة طرفاًفيها.
3 الدعاوى المحددة إجراءات رفعها بموجب نصوص نظاميةخاصة.
:- الدعاوىاليسيرة.
5 الطلباتالمستعجلة.","[('اللائحة التنفيذية لنظام المحاكم التجارية', 'المادة التاسعةوالستون'), ('نظام المحاكم التجارية', 'المادة التاسعةعشر'), ('اللائحة التنفيذية لنظام المحاكم التجارية', 'المادة الحاديةوالسبعون')]","['اللايحةالتنفيذيةلنظامالمحاكمالتجارية||المادةالتاسعةوالستون', 'نظامالمحاكمالتجارية||المادةالتاسعةعشر', 'اللايحةالتنفيذيةلنظامالمحاكمالتجارية||المادةالحاديةوالسبعون']",True,"User Query:
متى يجب على المدعي إخطار المدعى عليه قبل رفع الدعوى التجارية؟

[Retrieved Article 1]
Law: اللائحة التنفيذية لنظام المحاكم التجارية
Article: المادة التاسعةوالستون
Text: المادة التاسعةوالستون :
يجب أن يخطر المدعي المدعى عليه وفق أحكام الفقرة ( ١ ) من المادة التاسعة عشرة من النظام في جميع الدعاوى التي تختص بنظرها المحكمة»؛ فيما عداالآتي:
-١ الدعاوى المتصلة بالعقوبات المنصوص عليها في الأنظمةالتجارية.
-١ الدعاوى التي تكون جهة الإدارة طرفاًفيها.
3 الدعاوى المحددة إجراءات رفعها بموجب نصوص نظاميةخاصة.
:- الدعاوىاليسيرة.
5 الطلباتالمستعجلة.

[Retrieved Article 2]
Law: نظام المحاكم التجارية
Article: المادة التاسعةعشر
Text: المادة التاسعةعشر
١.يجب في الدعاوى التي تحددها اللائحة أن يخطر المدعي المدعى عليه كتابة بأداء الحق المدعى به قبل (خمسة عشر) يوماً على الأقل من إقامةالدعوى.
؟.يجوز لأطراف التعامل التجاري قبل قيد الدعوى -وتحت إشراف المحكمة اتخاذ أي ممايأتي:
أ-إجراءات المصالحةوالوساطة.
ب-تبادل المستنداتوالمذكرات.
ج-عقد اجتماع لتحديد الطلبات والدفوعوالبينات.
وتحدد اللائحة أحكام إنفاذ هذه الفقرة بما في ذلك كيفية توثيق ما تماتخاذه.

[Retrieved Article 3]
Law: اللائحة التنفيذية لنظام المحاكم التجارية
Article: المادة الحاديةوالسبعون
Text: المادة الحاديةوالسبعون :
-١ يتحقق الإخطار بقيام المدعي بإرسال البيانات الواردة في المادة السبعين من اللائحة إلى أي من عناوين المدعى عليه بأي وسيلةكانت.
-١ يعد في حكم الإخطار تقديم ما يثبت اللجوء إلى التسوية الودية أو المصالحة أو الوساطة قبل قيد الدعوى» بشرط مضي المدة المنصوص عليها في الفقرة )١( من المادة التاسعة
عشرة منالنظام.",1.0,0.0,1.0,0.0,2.0,"```json
{
  ""correctness"": 4,
  ""faithfulness"": 3,
  ""arabic_quality"": 4,
  ""hallucination"": 0,
  ""reason"": ""الإجابة صحيحة بشكل عام لكنها غير كاملة. يجب الإشارة إلى أن الإخطار وفق أحكام الفقرة (١) من المادة التاسعة عشرة من النظام في جميع الدعاوى التجارية، وليس فقط في الدعاوى التي تحددها اللائحة.""
}
```

**تفصيل الأسباب:**
- **الصواب (Correctness):** 4/5 - الإجابة صحيحة بشكل عام، لكنها غير كاملة لأنها لم تذكر أن الإخطار يجب أن يكون وفق أحكام الفقرة (١) من المادة التاسعة عشرة من النظام في جميع الدعاوى التجارية، وليس فقط في الدعاوى التي تحددها اللائحة.
- **الولاء (Faithfulness):** 3/5 -",16.995783994001613,1110,False,True,4.0,3.0,4.0,0,الإجابة صحيحة بشكل عام لكنها غير كاملة. يجب الإشارة إلى أن الإخطار وفق أحكام الفقرة (١) من المادة التاسعة عشرة من النظام في جميع الدعاوى التجارية، وليس فقط في الدعاوى التي تحددها اللائحة.
Q053,Qwen3-8B,"{
  ""answer_ar"": ""الحالات المستثناة من وجوب الإخطار قبل إقامة الدعوى هي: 1- الدعاوى التي تتعلق ببلاغ المبلغ أو شهادة الشاهد أو خبرة الخبير، وذلك في حال ثبت كيدية البلاغ أو زور الشهادة أو كذب أو إهمال جسيم في الخبرة. 2- الدعاوى التي تُخضعها اللائحة التنفيذية لنظام المحاكم التجارية، حيث يُمكن الإخطار عبر وسائل مختلفة أو عبر إجراءات المصالحة أو الوساطة قبل قيد الدعوى."",
  ""citations"": [
    {""law"": ""نظام حماية المبلغين والشهود والخبراء والضحايا"", ""article"": ""المادة الثامنةعشر""},
    {""law"": ""اللائحة التنفيذية لنظام المحاكم التجارية"", ""article"": ""المادة الحاديةوالسبعون""},
    {""law"": ""نظام المحاكم التجارية"", ""article"": ""المادة التاسعةعشر""}
  ],
  ""insufficient_context"": false
}",27.82598581900038,826,False,True,الحالات المستثناة من وجوب الإخطار قبل إقامة الدعوى هي: 1- الدعاوى التي تتعلق ببلاغ المبلغ أو شهادة الشاهد أو خبرة الخبير، وذلك في حال ثبت كيدية البلاغ أو زور الشهادة أو كذب أو إهمال جسيم في الخبرة. 2- الدعاوى التي تُخضعها اللائحة التنفيذية لنظام المحاكم التجارية، حيث يُمكن الإخطار عبر وسائل مختلفة أو عبر إجراءات المصالحة أو الوساطة قبل قيد الدعوى.,"[{'law': 'نظام حماية المبلغين والشهود والخبراء والضحايا', 'article': 'المادة الثامنةعشر'}, {'law': 'اللائحة التنفيذية لنظام المحاكم التجارية', 'article': 'المادة الحاديةوالسبعون'}, {'law': 'نظام المحاكم التجارية', 'article': 'المادة التاسعةعشر'}]",False,formal_paraphrase,ما الحالات المستثناة من وجوب الإخطار قبل إقامة الدعوى؟,اللائحة التنفيذية لنظام المحاكم التجارية,المادة التاسعة والستون,اللايحةالتنفيذيةلنظامالمحاكمالتجارية||المادةالتاسعةوالستون,"المادة التاسعةوالستون :
يجب أن يخطر المدعي المدعى عليه وفق أحكام الفقرة ( ١ ) من المادة التاسعة عشرة من النظام في جميع الدعاوى التي تختص بنظرها المحكمة»؛ فيما عداالآتي:
-١ الدعاوى المتصلة بالعقوبات المنصوص عليها في الأنظمةالتجارية.
-١ الدعاوى التي تكون جهة الإدارة طرفاًفيها.
3 الدعاوى المحددة إجراءات رفعها بموجب نصوص نظاميةخاصة.
:- الدعاوىاليسيرة.
5 الطلباتالمستعجلة.","[('اللائحة التنفيذية لنظام المحاكم التجارية', 'المادة الحاديةوالسبعون'), ('نظام المحاكم التجارية', 'المادة التاسعةعشر'), ('نظام حماية المبلغين والشهود والخبراء والضحايا', 'المادة الثامنةعشر')]","['اللايحةالتنفيذيةلنظامالمحاكمالتجارية||المادةالحاديةوالسبعون', 'نظامالمحاكمالتجارية||المادةالتاسعةعشر', 'نظامحمايةالمبلغينوالشهودوالخبراءوالضحايا||المادةالثامنةعشر']",False,"User Query:
ما الحالات المستثناة من وجوب الإخطار قبل إقامة الدعوى؟

[Retrieved Article 1]
Law: اللائحة التنفيذية لنظام المحاكم التجارية
Article: المادة الحاديةوالسبعون
Text: المادة الحاديةوالسبعون :
-١ يتحقق الإخطار بقيام المدعي بإرسال البيانات الواردة في المادة السبعين من اللائحة إلى أي من عناوين المدعى عليه بأي وسيلةكانت.
-١ يعد في حكم الإخطار تقديم ما يثبت اللجوء إلى التسوية الودية أو المصالحة أو الوساطة قبل قيد الدعوى» بشرط مضي المدة المنصوص عليها في الفقرة )١( من المادة التاسعة
عشرة منالنظام.

[Retrieved Article 2]
Law: نظام المحاكم التجارية
Article: المادة التاسعةعشر
Text: المادة التاسعةعشر
١.يجب في الدعاوى التي تحددها اللائحة أن يخطر المدعي المدعى عليه كتابة بأداء الحق المدعى به قبل (خمسة عشر) يوماً على الأقل من إقامةالدعوى.
؟.يجوز لأطراف التعامل التجاري قبل قيد الدعوى -وتحت إشراف المحكمة اتخاذ أي ممايأتي:
أ-إجراءات المصالحةوالوساطة.
ب-تبادل المستنداتوالمذكرات.
ج-عقد اجتماع لتحديد الطلبات والدفوعوالبينات.
وتحدد اللائحة أحكام إنفاذ هذه الفقرة بما في ذلك كيفية توثيق ما تماتخاذه.

[Retrieved Article 3]
Law: نظام حماية المبلغين والشهود والخبراء والضحايا
Article: المادة الثامنةعشر
Text: المادة الثامنةعشر
لا تقام الدعوى الجزائية ضد المبلّغ أو الشاهد أو الخبير إلا في الحالاتالآتية:
١-إذا ثبت أن بلاغ المبلّغكيدي.
""-إذا ثبت أن شهادة الشاهدزور.
٠-إذا ثبت أن الخبرة التي قدمها الخبير كذب أو تضمنت إهمالاًجسيماً.
وفي جميع الأحوال لا تقبل دعوى الحق الخاص إلا بعد إقامة الدعوىالجزائية.",1.0,1.0,0.0,0.0,3.0,"```json
{
  ""correctness"": 2,
  ""faithfulness"": 1,
  ""arabic_quality"": 4,
  ""hallucination"": 1,
  ""reason"": ""الإجابة تحتوي على ادعاء غير صحيح من خلال إدراج حالات الدعاوى المتعلقة بالبلاغ والشهادة والخبرة، والتي ليست من الحالات المستثناة وفق النص القانوني الذهبي.""
}
```

**تفصيل السبب:**
- **الصواب (correctness):** 2/5 - الإجابة تحتوي على ادعاء غير صحيح، حيث أن الحالات المرتبطة بالبلاغ والشهادة والخبرة ليست من الحالات المستثناة وفق النص القانوني الذهبي.
- **الولاء (faithfulness):** 1/5 - السياق المسترجع لا يدعم ادعاءات الإجابة حول حالات الدعاوى المتعلقة بالبلاغ والشهادة والخبرة.
- **جودة اللغة العربية (arabic_quality):",16.90676869699928,1154,False,True,2.0,1.0,4.0,1,الإجابة تحتوي على ادعاء غير صحيح من خلال إدراج حالات الدعاوى المتعلقة بالبلاغ والشهادة والخبرة، والتي ليست من الحالات المستثناة وفق النص القانوني الذهبي.
Q054,Qwen3-8B,"{
  ""answer_ar"": ""نعم، يلزم إبلاغ الطرف الثاني كتابةً قبل رفع القضية التجارية، وذلك وفقًا لأحكام المادة التاسعة عشرة من نظام المحاكم التجارية."",
  ""citations"": [
    {""law"": ""نظام المحاكم التجارية"", ""article"": ""المادة التاسعة عشرة""}
  ],
  ""insufficient_context"": false
}",10.674728758999663,983,False,True,نعم، يلزم إبلاغ الطرف الثاني كتابةً قبل رفع القضية التجارية، وذلك وفقًا لأحكام المادة التاسعة عشرة من نظام المحاكم التجارية.,"[{'law': 'نظام المحاكم التجارية', 'article': 'المادة التاسعة عشرة'}]",False,informal,لازم أكلم الطرف الثاني قبل ما أرفع عليه قضية تجارية؟,اللائحة التنفيذية لنظام المحاكم التجارية,المادة التاسعة والستون,اللايحةالتنفيذيةلنظامالمحاكمالتجارية||المادةالتاسعةوالستون,"المادة التاسعةوالستون :
يجب أن يخطر المدعي المدعى عليه وفق أحكام الفقرة ( ١ ) من المادة التاسعة عشرة من النظام في جميع الدعاوى التي تختص بنظرها المحكمة»؛ فيما عداالآتي:
-١ الدعاوى المتصلة بالعقوبات المنصوص عليها في الأنظمةالتجارية.
-١ الدعاوى التي تكون جهة الإدارة طرفاًفيها.
3 الدعاوى المحددة إجراءات رفعها بموجب نصوص نظاميةخاصة.
:- الدعاوىاليسيرة.
5 الطلباتالمستعجلة.","[('نظام المحاكم التجارية', 'المادة التاسعةعشر'), ('نظام المحاكم التجارية', 'المادة السادسة والأربعون ملغاة'), ('اللائحة التنفيذية لنظام المحاكم التجارية', 'المادة التاسعةوالستون')]","['نظامالمحاكمالتجارية||المادةالتاسعةعشر', 'نظامالمحاكمالتجارية||المادةالسادسةوالاربعونملغاة', 'اللايحةالتنفيذيةلنظامالمحاكمالتجارية||المادةالتاسعةوالستون']",True,"User Query:
لازم أكلم الطرف الثاني قبل ما أرفع عليه قضية تجارية؟

[Retrieved Article 1]
Law: نظام المحاكم التجارية
Article: المادة التاسعةعشر
Text: المادة التاسعةعشر
١.يجب في الدعاوى التي تحددها اللائحة أن يخطر المدعي المدعى عليه كتابة بأداء الحق المدعى به قبل (خمسة عشر) يوماً على الأقل من إقامةالدعوى.
؟.يجوز لأطراف التعامل التجاري قبل قيد الدعوى -وتحت إشراف المحكمة اتخاذ أي ممايأتي:
أ-إجراءات المصالحةوالوساطة.
ب-تبادل المستنداتوالمذكرات.
ج-عقد اجتماع لتحديد الطلبات والدفوعوالبينات.
وتحدد اللائحة أحكام إنفاذ هذه الفقرة بما في ذلك كيفية توثيق ما تماتخاذه.

[Retrieved Article 2]
Law: نظام المحاكم التجارية
Article: المادة السادسة والأربعون ملغاة
Text: المادة السادسة والأربعون ملغاة
١-لأي من الأطراف حق طلب ما لدى الطرف الآخر من مستندات ذات صلة بالدعوى أو الاطلاع عليهاء وفق الضوابطالآتية:
أ-أن تكون المستندات محددة بذاتها أوأنواعها.
ب-أن تكون للمستندات علاقة بالتعامل التجاريء أو تؤدي إلى إظهار الحقيقةفيه.
ج-ألا يكون لها طابع السريّة.٠
""-إذا امتنع أي من أطراف الدعوى عن تقديم ما أمرت المحكمة بتقديمه إلى الطرف الآخر وفق أحكام الفقرة )١( من هذه المادة ؛ فللمحكمة أن تعد امتناعهقرينة.
“”-للمحكمة -بناءً على طلب أحد الأطراف- أن تأمربالآتي:
أ-إدخال طرف آخر لإلزامه بتقديم ورقة تحت يده ذات صلةبالدعوى.
ب-إلزام أي من الجهات الحكومية بتقديم ما لديها من معلومات أو مستندات ذات صلة بالدعوىء وذلك دون إخلال بالأنظمة ذاتالعلاقة.

[Retrieved Article 3]
Law: اللائحة التنفيذية لنظام المحاكم التجارية
Article: المادة التاسعةوالستون
Text: المادة التاسعةوالستون :
يجب أن يخطر المدعي المدعى عليه وفق أحكام الفقرة ( ١ ) من المادة التاسعة عشرة من النظام في جميع الدعاوى التي تختص بنظرها المحكمة»؛ فيما عداالآتي:
-١ الدعاوى المتصلة بالعقوبات المنصوص عليها في الأنظمةالتجارية.
-١ الدعاوى التي تكون جهة الإدارة طرفاًفيها.
3 الدعاوى المحددة إجراءات رفعها بموجب نصوص نظاميةخاصة.
:- الدعاوىاليسيرة.
5 الطلباتالمستعجلة.",1.0,0.0,1.0,0.0,1.0,"```json
{
  ""correctness"": 4,
  ""faithfulness"": 3,
  ""arabic_quality"": 4,
  ""hallucination"": 0,
  ""reason"": ""الإجابة صحيحة بشكل عام، ولكنها لم تدعم تمامًا من خلال السياق المسترجع. السياق المسترجع يشير إلى المادة التاسعة عشرة من نظام المحاكم التجارية، ولكن الإجابة لم تقدم تفاصيل حول كيفية الإبلاغ أو مهلة الإبلاغ.""
}
```",9.545139417999962,1213,False,True,4.0,3.0,4.0,0,الإجابة صحيحة بشكل عام، ولكنها لم تدعم تمامًا من خلال السياق المسترجع. السياق المسترجع يشير إلى المادة التاسعة عشرة من نظام المحاكم التجارية، ولكن الإجابة لم تقدم تفاصيل حول كيفية الإبلاغ أو مهلة الإبلاغ.
Q055,Qwen3-8B,"{
  ""answer_ar"": ""المحكمة تحكم بعدم قبول الدعوى إذا تضمنت صحيفة الدعوى طلبات لا رابط بينها، وفقًا للمادة 77 من اللائحة التنفيذية لنظام المحاكم التجارية، وذلك ما لم يحصر المدعي دعواه في أحدها."",
  ""citations"": [
    {""law"": ""اللائحة التنفيذية لنظام المحاكم التجارية"", ""article"": ""المادة السابعة والسبعون""}
  ],
  ""insufficient_context"": false
}",14.428118379999432,1081,False,True,المحكمة تحكم بعدم قبول الدعوى إذا تضمنت صحيفة الدعوى طلبات لا رابط بينها، وفقًا للمادة 77 من اللائحة التنفيذية لنظام المحاكم التجارية، وذلك ما لم يحصر المدعي دعواه في أحدها.,"[{'law': 'اللائحة التنفيذية لنظام المحاكم التجارية', 'article': 'المادة السابعة والسبعون'}]",False,formal_direct,ما الحكم إذا تضمنت صحيفة الدعوى عدة طلبات لا رابط بينها؟,اللائحة التنفيذية لنظام المحاكم التجارية,المادة السابعة والسبعون,اللايحةالتنفيذيةلنظامالمحاكمالتجارية||المادةالسابعةوالسبعون,"المادة السابعة والسبعون : بيانات صحيفةالدعوى
-١ يجب أن تتضمن صحيفة الدعوى بيان الارتباط بين الطلبات حالتعددها.
؟- دون إخلال بما نصت عليه المادة الحادية والعشرون من النظام» تحكم المحكمة بعدم قبول الدعوى عند تضمنها طلبات لا رابط بينهاء ما لم يحصر المدعي دعواه فيأحدها.","[('اللائحة التنفيذية لنظام المحاكم التجارية', 'المادة السابعة والسبعون'), ('نظام المحاكم التجارية', 'المادة العشرون'), ('نظام المرافعات الشرعية', 'المادة الحادية والأربعون معدلة')]","['اللايحةالتنفيذيةلنظامالمحاكمالتجارية||المادةالسابعةوالسبعون', 'نظامالمحاكمالتجارية||المادةالعشرون', 'نظامالمرافعاتالشرعية||المادةالحاديةوالاربعونمعدلة']",True,"User Query:
ما الحكم إذا تضمنت صحيفة الدعوى عدة طلبات لا رابط بينها؟

[Retrieved Article 1]
Law: اللائحة التنفيذية لنظام المحاكم التجارية
Article: المادة السابعة والسبعون
Text: المادة السابعة والسبعون : بيانات صحيفةالدعوى
-١ يجب أن تتضمن صحيفة الدعوى بيان الارتباط بين الطلبات حالتعددها.
؟- دون إخلال بما نصت عليه المادة الحادية والعشرون من النظام» تحكم المحكمة بعدم قبول الدعوى عند تضمنها طلبات لا رابط بينهاء ما لم يحصر المدعي دعواه فيأحدها.

[Retrieved Article 2]
Law: نظام المحاكم التجارية
Article: المادة العشرون
Text: المادة العشرون
١.ترفع الدعوى بصحيفة تودع لدى المحكمة؛ وتحدد اللائحة الدعاوى التي يجب رفعها منمحام.
"".يجب أن تتضمن صحيفة الدعوىالآتي:
أ-بيانات الأطراف وممثليهم وصفاتهم وعناوينهم» والبيانات والوثائق التي تحددهااللائحة.
ب-حصر الطلبات» وتحديد جميع أسانيدالدعوى.
"".لا يجمع في صحيفة الدعوى بين عدة طلبات لا رابطبينها.

[Retrieved Article 3]
Law: نظام المرافعات الشرعية
Article: المادة الحادية والأربعون معدلة
Text: المادة الحادية والأربعون معدلة
-١ ترفع الدعوى من المدعي بصحيفة -موقعة منه أو ممن يمثله- تودع لدى المحكمة من أصل وصور بعدد المدعىعليهم.
ويجب أن تشمل صحيفة الدعوى البيااتالآنية:
أ- الاسم الكامل للمدعيء ورقم هويته» ومهنته أو وظيفته ومكان إقامته» ومكان عمله؛ والاسم الكامل لمَنْ يمثله» ورقم هويته» ومهنته أو وظيفته؛ ومكان إقامته ومكانعمله.
ب- الاسم الكامل للمدعى عليه؛ وما يتوافر من معلومات عن مهنته أو وظيفته» ومكان إقامته ومكان عمله؛ فإن لم يكن له مكان إقامة معلوم فآخر مكان إقامة كانله.
ج- تاريخ تقديمالصحيفة.
د- المحكمة المرفوعة أمامهاالدعوى.
ه- مكان إقامة مختار للمدعي في البلد الذي فيه مقر المحكمة إن لم يكن له مكان إقامةفيها.
و- موضوع الدعوىء وما يطلبه المدعيءوأسانيده.
ويكتفى بالنسبة إلى الأجهزة الحكومية في الفقرات (أء ب» ه) من هذه المادة بذكر الاسموالمقر.
وللمجلس الأعلى للقضاء عند الاقتضاء إضافة ما يلزم من وسائل وبيانتأخرى.
؟- لا يجمع في صحيفة الدعوى بين عدة طلبات لا رابطبينها.
""- أ- تسري على المنازعات العمالية الجماعية القواعد والإجراءات المقررة في المنازعات العمالية الأخرىء مالم يقرر المجلس الأعلى للقضاء خلافذلك.
ب- تكون المنازعة العمالية جماعية عندما تنشأ المنازعة بين واحد (أو أكثر) من أصحاب العمل وجميع عماله؛ أو فريق منهم؛ بسبب العمل أو شروطالعمل.",1.0,1.0,0.0,1.0,1.0,"{
  ""correctness"": 4,
  ""faithfulness"": 4,
  ""arabic_quality"": 5,
  ""hallucination"": 0,
  ""reason"": ""الإجابة دقيقة وموثقة من النص القانوني المرجعي الذهبي، وواضحة ومهنية باللغة العربية. تم ذكر الاستثناء بشكل صحيح.""
}",7.204964026001107,1298,False,True,4.0,4.0,5.0,0,الإجابة دقيقة وموثقة من النص القانوني المرجعي الذهبي، وواضحة ومهنية باللغة العربية. تم ذكر الاستثناء بشكل صحيح.
Q056,Qwen3-8B,"{
  ""answer_ar"": ""يجب أن تتضمن صحيفة الدعوى بيان الارتباط بين الطلبات متعددة حسب المادة السابعة والسبعون من اللائحة التنفيذية لنظام المحاكم التجارية، وتحدد المادة العشرون من نظام المحاكم التجارية أن لا يجمع في صحيفة الدعوى بين عدة طلبات لا رابط بينها."",
  ""citations"": [
    {""law"": ""الائحة التنفيذية لنظام المحاكم التجارية"", ""article"": ""المادة السابعة والسبعون""},
    {""law"": ""نظام المحاكم التجارية"", ""article"": ""المادة العشرون""}
  ],
  ""insufficient_context"": false
}",17.348139095999613,1081,False,True,يجب أن تتضمن صحيفة الدعوى بيان الارتباط بين الطلبات متعددة حسب المادة السابعة والسبعون من اللائحة التنفيذية لنظام المحاكم التجارية، وتحدد المادة العشرون من نظام المحاكم التجارية أن لا يجمع في صحيفة الدعوى بين عدة طلبات لا رابط بينها.,"[{'law': 'الائحة التنفيذية لنظام المحاكم التجارية', 'article': 'المادة السابعة والسبعون'}, {'law': 'نظام المحاكم التجارية', 'article': 'المادة العشرون'}]",False,formal_paraphrase,ما المتطلبات المتعلقة بالارتباط بين الطلبات المتعددة في صحيفة الدعوى؟,اللائحة التنفيذية لنظام المحاكم التجارية,المادة السابعة والسبعون,اللايحةالتنفيذيةلنظامالمحاكمالتجارية||المادةالسابعةوالسبعون,"المادة السابعة والسبعون : بيانات صحيفةالدعوى
-١ يجب أن تتضمن صحيفة الدعوى بيان الارتباط بين الطلبات حالتعددها.
؟- دون إخلال بما نصت عليه المادة الحادية والعشرون من النظام» تحكم المحكمة بعدم قبول الدعوى عند تضمنها طلبات لا رابط بينهاء ما لم يحصر المدعي دعواه فيأحدها.","[('اللائحة التنفيذية لنظام المحاكم التجارية', 'المادة السابعة والسبعون'), ('نظام المحاكم التجارية', 'المادة العشرون'), ('نظام المرافعات الشرعية', 'المادة الحادية والأربعون معدلة')]","['اللايحةالتنفيذيةلنظامالمحاكمالتجارية||المادةالسابعةوالسبعون', 'نظامالمحاكمالتجارية||المادةالعشرون', 'نظامالمرافعاتالشرعية||المادةالحاديةوالاربعونمعدلة']",True,"User Query:
ما المتطلبات المتعلقة بالارتباط بين الطلبات المتعددة في صحيفة الدعوى؟

[Retrieved Article 1]
Law: اللائحة التنفيذية لنظام المحاكم التجارية
Article: المادة السابعة والسبعون
Text: المادة السابعة والسبعون : بيانات صحيفةالدعوى
-١ يجب أن تتضمن صحيفة الدعوى بيان الارتباط بين الطلبات حالتعددها.
؟- دون إخلال بما نصت عليه المادة الحادية والعشرون من النظام» تحكم المحكمة بعدم قبول الدعوى عند تضمنها طلبات لا رابط بينهاء ما لم يحصر المدعي دعواه فيأحدها.

[Retrieved Article 2]
Law: نظام المحاكم التجارية
Article: المادة العشرون
Text: المادة العشرون
١.ترفع الدعوى بصحيفة تودع لدى المحكمة؛ وتحدد اللائحة الدعاوى التي يجب رفعها منمحام.
"".يجب أن تتضمن صحيفة الدعوىالآتي:
أ-بيانات الأطراف وممثليهم وصفاتهم وعناوينهم» والبيانات والوثائق التي تحددهااللائحة.
ب-حصر الطلبات» وتحديد جميع أسانيدالدعوى.
"".لا يجمع في صحيفة الدعوى بين عدة طلبات لا رابطبينها.

[Retrieved Article 3]
Law: نظام المرافعات الشرعية
Article: المادة الحادية والأربعون معدلة
Text: المادة الحادية والأربعون معدلة
-١ ترفع الدعوى من المدعي بصحيفة -موقعة منه أو ممن يمثله- تودع لدى المحكمة من أصل وصور بعدد المدعىعليهم.
ويجب أن تشمل صحيفة الدعوى البيااتالآنية:
أ- الاسم الكامل للمدعيء ورقم هويته» ومهنته أو وظيفته ومكان إقامته» ومكان عمله؛ والاسم الكامل لمَنْ يمثله» ورقم هويته» ومهنته أو وظيفته؛ ومكان إقامته ومكانعمله.
ب- الاسم الكامل للمدعى عليه؛ وما يتوافر من معلومات عن مهنته أو وظيفته» ومكان إقامته ومكان عمله؛ فإن لم يكن له مكان إقامة معلوم فآخر مكان إقامة كانله.
ج- تاريخ تقديمالصحيفة.
د- المحكمة المرفوعة أمامهاالدعوى.
ه- مكان إقامة مختار للمدعي في البلد الذي فيه مقر المحكمة إن لم يكن له مكان إقامةفيها.
و- موضوع الدعوىء وما يطلبه المدعيءوأسانيده.
ويكتفى بالنسبة إلى الأجهزة الحكومية في الفقرات (أء ب» ه) من هذه المادة بذكر الاسموالمقر.
وللمجلس الأعلى للقضاء عند الاقتضاء إضافة ما يلزم من وسائل وبيانتأخرى.
؟- لا يجمع في صحيفة الدعوى بين عدة طلبات لا رابطبينها.
""- أ- تسري على المنازعات العمالية الجماعية القواعد والإجراءات المقررة في المنازعات العمالية الأخرىء مالم يقرر المجلس الأعلى للقضاء خلافذلك.
ب- تكون المنازعة العمالية جماعية عندما تنشأ المنازعة بين واحد (أو أكثر) من أصحاب العمل وجميع عماله؛ أو فريق منهم؛ بسبب العمل أو شروطالعمل.",1.0,0.5,0.5,0.0,2.0,"```json
{
  ""correctness"": 4,
  ""faithfulness"": 3,
  ""arabic_quality"": 4,
  ""hallucination"": 0,
  ""reason"": ""الإجابة دقيقة فيما يتعلق بالمتطلبات المتعلقة بالارتباط بين الطلبات المتعددة في صحيفة الدعوى، ولكنها لم تذكر المادة الحادية والعشرين من النظام التي تحدد كيفية التعامل مع الدعاوى التي تحتوي على طلبات غير مرتبطة.""
}
```",9.720652300000438,1308,False,True,4.0,3.0,4.0,0,الإجابة دقيقة فيما يتعلق بالمتطلبات المتعلقة بالارتباط بين الطلبات المتعددة في صحيفة الدعوى، ولكنها لم تذكر المادة الحادية والعشرين من النظام التي تحدد كيفية التعامل مع الدعاوى التي تحتوي على طلبات غير مرتبطة.
Q057,Qwen3-8B,"{
  ""answer_ar"": ""لا يجوز للمدعي أن يحاط أكثر من طلب في القضية حتى لو لم يكن بينهم علاقة، إلا إذا أوضح العلاقة بين الطلبات في صحيفة الدعوى، وفقًا للمادة السابعة والسبعون من اللائحة التنفيذية لنظام المحاكم التجارية."",
  ""citations"": [
    {""law"": ""اللائحة التنفيذية لنظام المحاكم التجارية"", ""article"": ""المادة السابعة والسبعون""}
  ],
  ""insufficient_context"": false
}",13.388697243000024,934,False,True,لا يجوز للمدعي أن يحاط أكثر من طلب في القضية حتى لو لم يكن بينهم علاقة، إلا إذا أوضح العلاقة بين الطلبات في صحيفة الدعوى، وفقًا للمادة السابعة والسبعون من اللائحة التنفيذية لنظام المحاكم التجارية.,"[{'law': 'اللائحة التنفيذية لنظام المحاكم التجارية', 'article': 'المادة السابعة والسبعون'}]",False,informal,عادي أحط أكثر من طلب في القضية حتى لو مالهم علاقة ببعض؟,اللائحة التنفيذية لنظام المحاكم التجارية,المادة السابعة والسبعون,اللايحةالتنفيذيةلنظامالمحاكمالتجارية||المادةالسابعةوالسبعون,"المادة السابعة والسبعون : بيانات صحيفةالدعوى
-١ يجب أن تتضمن صحيفة الدعوى بيان الارتباط بين الطلبات حالتعددها.
؟- دون إخلال بما نصت عليه المادة الحادية والعشرون من النظام» تحكم المحكمة بعدم قبول الدعوى عند تضمنها طلبات لا رابط بينهاء ما لم يحصر المدعي دعواه فيأحدها.","[('نظام المرافعات الشرعية', 'المادة التاسعةوالسبعون'), ('القواعد المنظمة لإجراءات الإفلاس العابرة للحدود', 'المادة الحاديةوالعشرون'), ('اللائحة التنفيذية لنظام المحاكم التجارية', 'المادة السابعة والسبعون')]","['نظامالمرافعاتالشرعية||المادةالتاسعةوالسبعون', 'القواعدالمنظمةلاجراءاتالافلاسالعابرةللحدود||المادةالحاديةوالعشرون', 'اللايحةالتنفيذيةلنظامالمحاكمالتجارية||المادةالسابعةوالسبعون']",True,"User Query:
عادي أحط أكثر من طلب في القضية حتى لو مالهم علاقة ببعض؟

[Retrieved Article 1]
Law: نظام المرافعات الشرعية
Article: المادة التاسعةوالسبعون
Text: المادة التاسعةوالسبعون
للخصم أن يطلب من المحكمة أن تُدخل في الدعوى من كان يصح اختصامه فيها عند رفعهاء وتُتّبع في اختصامه الإجراءات المعتادة في التكليف بالحضور. وتحكم المحكمةفي
موضوع طلب الإدخال والدعوى الأصلية بحكم واحد كلما أمكن ذلك؛ وإلا فصلت في موضوع طلب الإدخال بعد الحكم في الدعوىالأصلية.

[Retrieved Article 2]
Law: القواعد المنظمة لإجراءات الإفلاس العابرة للحدود
Article: المادة الحاديةوالعشرون
Text: المادة الحاديةوالعشرون
في حال تعدد إجراءات الإفلاس الأجنبية للمدين» يتعين على المحكمة للموافقة على طلب تقديم المساعدة القضائية التنسيق والتعاون وفقاً للمادة (التاسعة عشرة ) من القواعدء معمراعاة
مايأتي:
أ- إذا قبلت المحكمة طلب الاعتراف بإجراء الإفلاس الأجنبي غير الرئيسي بعد قبولها طلب الاعتراف بإجراء الإفلاس الأجنبي الرئيسيء فيتعين أن تكون المساعدة القضائيةمتسقة
مع إجراء الإفلاس الأجنبي الرئيسي المعترفبه.
ب- إذا قبلت المحكمة طلب الاعتراف بإجراء الإفلاس الأجنبي الرئيسي بعد قبولها طلب الاعتراف بإجراء الإفلاس الأجنبي غير الرئيسيء فيتعين تعديل أو إنهاء المساعدةالقضائية
لتتوافق مع إجراء الإفلاس الأجنبي الرئيسي المعترفبه.
ج- إذا قبلت المحكمة أكثر من طلب للاعتراف بإجراءات إفلاس أجنبية غير رئيسية»؛ فيتعين تعديل أو إنهاء المساعدة القضائية لها لتنسيق الإجراءات فيمابينها.

[Retrieved Article 3]
Law: اللائحة التنفيذية لنظام المحاكم التجارية
Article: المادة السابعة والسبعون
Text: المادة السابعة والسبعون : بيانات صحيفةالدعوى
-١ يجب أن تتضمن صحيفة الدعوى بيان الارتباط بين الطلبات حالتعددها.
؟- دون إخلال بما نصت عليه المادة الحادية والعشرون من النظام» تحكم المحكمة بعدم قبول الدعوى عند تضمنها طلبات لا رابط بينهاء ما لم يحصر المدعي دعواه فيأحدها.",1.0,1.0,0.0,1.0,1.0,"```json
{
  ""correctness"": 4,
  ""faithfulness"": 3,
  ""arabic_quality"": 4,
  ""hallucination"": 0,
  ""reason"": ""الإجابة صحيحة بشكل عام لكن يمكن تحسين الدقة من خلال الاستناد بشكل مباشر إلى النص القانوني المرجعي الذهبي.""
}
```

**تفصيل السبب:**
- **correctness (4):** الإجابة صحيحة لأنها تؤكد على عدم جواز تقديم طلبات غير مرتبطة في القضية إلا إذا تم إثبات العلاقة بينها. لكن يمكن تحسين الدقة من خلال الاستناد بشكل مباشر إلى النص القانوني المرجعي الذهبي.
- **faithfulness (3):** الإجابة متسقة مع السياق المسترجع، لكنها لا تستند بشكل مباشر إلى النص القانوني المرجعي الذهبي، مما يقلل من درجة الدقة.
- **arabic_quality (4):** اللغة العربية",16.7270264710005,1146,False,True,4.0,3.0,4.0,0,الإجابة صحيحة بشكل عام لكن يمكن تحسين الدقة من خلال الاستناد بشكل مباشر إلى النص القانوني المرجعي الذهبي.
Q058,Qwen3-8B,"{
  ""answer_ar"": ""يُعتمد خطة إدارة الدعوى من قبل رئيس الدائرة وتنفذها الإدارة المختصة وفقًا للخطة. تتضمن الخطة تصنيف الدعوى ووصفها والوقت المقترح لنظرها، وتحدد آلية التنفيذ."",
  ""citations"": [
    {""law"": ""اللائحة التنفيذية لنظام المحاكم التجارية"", ""article"": ""المادة الرابعة والثمانون""},
    {""law"": ""اللائحة التنفيذية لنظام المحاكم التجارية"", ""article"": ""المادة الخامسة والثمانون""},
    {""law"": ""اللائحة التنفيذية لنظام المحاكم التجارية"", ""article"": ""المادة السادسة والثمانون""}
  ],
  ""insufficient_context"": false
}",20.06409186000019,712,False,True,يُعتمد خطة إدارة الدعوى من قبل رئيس الدائرة وتنفذها الإدارة المختصة وفقًا للخطة. تتضمن الخطة تصنيف الدعوى ووصفها والوقت المقترح لنظرها، وتحدد آلية التنفيذ.,"[{'law': 'اللائحة التنفيذية لنظام المحاكم التجارية', 'article': 'المادة الرابعة والثمانون'}, {'law': 'اللائحة التنفيذية لنظام المحاكم التجارية', 'article': 'المادة الخامسة والثمانون'}, {'law': 'اللائحة التنفيذية لنظام المحاكم التجارية', 'article': 'المادة السادسة والثمانون'}]",False,formal_direct,من يعتمد خطة إدارة الدعوى وكيف يتم تنفيذها؟,اللائحة التنفيذية لنظام المحاكم التجارية,المادة الخامسة والثمانون,اللايحةالتنفيذيةلنظامالمحاكمالتجارية||المادةالخامسةوالثمانون,"المادة الخامسة والثمانون : تنفيذ خطة إدارةالدعوى
يعتمد رئيس الدائرة خطة إدارة الدعوى وتحال للإدارة المختصة لتنفيذهاء ويتاح للأطراف الاطلاععليها.","[('اللائحة التنفيذية لنظام المحاكم التجارية', 'المادة الخامسة والثمانون'), ('اللائحة التنفيذية لنظام المحاكم التجارية', 'المادة السادسة والثمانون'), ('اللائحة التنفيذية لنظام المحاكم التجارية', 'المادة الرابعة والثمانون')]","['اللايحةالتنفيذيةلنظامالمحاكمالتجارية||المادةالخامسةوالثمانون', 'اللايحةالتنفيذيةلنظامالمحاكمالتجارية||المادةالسادسةوالثمانون', 'اللايحةالتنفيذيةلنظامالمحاكمالتجارية||المادةالرابعةوالثمانون']",True,"User Query:
من يعتمد خطة إدارة الدعوى وكيف يتم تنفيذها؟

[Retrieved Article 1]
Law: اللائحة التنفيذية لنظام المحاكم التجارية
Article: المادة الخامسة والثمانون
Text: المادة الخامسة والثمانون : تنفيذ خطة إدارةالدعوى
يعتمد رئيس الدائرة خطة إدارة الدعوى وتحال للإدارة المختصة لتنفيذهاء ويتاح للأطراف الاطلاععليها.

[Retrieved Article 2]
Law: اللائحة التنفيذية لنظام المحاكم التجارية
Article: المادة السادسة والثمانون
Text: المادة السادسة والثمانون : تنفيذ خطة إدارةالدعوى
تتولى الإدارة المختصة مايلي:
-١ إدارة الدعوى وفق الخطةالمعتمدة.
؟- إجراءات تبادل المذكرات في حال تضمنته خطة إدارة الدعوى أو قررت الدائرة أو القاضي المحضر إجراء تبادلالمذكرات.
وللإدارة المختصة الرفع إلى الدائرة - عند الاقتضاء - عن أي صعوبات تواجهها؛ لتقرير ما تراهالدائرة.

[Retrieved Article 3]
Law: اللائحة التنفيذية لنظام المحاكم التجارية
Article: المادة الرابعة والثمانون
Text: المادة الرابعة والثمانون : خطة إدارةالدعوى
مع مراعاة المدد المنصوص عليها في المادة الثامنة والثلاثين من اللائحة؛ تعد الإدارة المختصة بعد قيد الدعوى مشروع خطة إدارة الدعوى, على أن تتضمنالآتي:
أ- تصنيفالدعوى.
ب - وصفاً مختصراً للدعوىوالطلب.
ج - الوقت المقترح لنظرالدعوى.
ه -اقتراح أي إجراء يتطلبه نظر الدعوى وآليةتنفيذه.",1.0,1.0,0.0,1.0,3.0,"{
  ""correctness"": 4,
  ""faithfulness"": 3,
  ""arabic_quality"": 4,
  ""hallucination"": 0,
  ""reason"": ""الإجابة دقيقة فيما يتعلق باعتماد رئيس الدائرة للخطة وإدارة تنفيذها من قبل الإدارة المختصة. كما أنها تشمل المعلومات الأساسية من النص القانوني المرجعي الذهبي. ومع ذلك، فإن الإجابة يمكن أن تكون أكثر تفصيلاً في وصف آلية التنفيذ.""
}",9.139928646000044,875,False,True,4.0,3.0,4.0,0,الإجابة دقيقة فيما يتعلق باعتماد رئيس الدائرة للخطة وإدارة تنفيذها من قبل الإدارة المختصة. كما أنها تشمل المعلومات الأساسية من النص القانوني المرجعي الذهبي. ومع ذلك، فإن الإجابة يمكن أن تكون أكثر تفصيلاً في وصف آلية التنفيذ.
Q059,Qwen3-8B,"{
  ""answer_ar"": ""بعد إعداد خطة إدارة الدعوى، يتم تعيينها من قبل الإدارة المختصة وتحال للتنفيذ، ويعتمد رئيس الدائرة الخطة ويتاح للأطراف الاطلاع عليها. كما تتولى الإدارة المختصة إدارة الدعوى وفق الخطة المعتمدة، بما في ذلك إجراءات تبادل المذكرات إن لزم."",
  ""citations"": [
    {""law"": ""اللائحة التنفيذية لنظام المحاكم التجارية"", ""article"": ""المادة الرابعة والثمانون""},
    {""law"": ""اللائحة التنفيذية لنظام المحاكم التجارية"", ""article"": ""المادة الخامسة والثمانون""},
    {""law"": ""اللائحة التنفيذية لنظام المحاكم التجارية"", ""article"": ""المادة السادسة والثمانون""}
  ],
  ""insufficient_context"": false
}",21.40131498000028,706,False,True,بعد إعداد خطة إدارة الدعوى، يتم تعيينها من قبل الإدارة المختصة وتحال للتنفيذ، ويعتمد رئيس الدائرة الخطة ويتاح للأطراف الاطلاع عليها. كما تتولى الإدارة المختصة إدارة الدعوى وفق الخطة المعتمدة، بما في ذلك إجراءات تبادل المذكرات إن لزم.,"[{'law': 'اللائحة التنفيذية لنظام المحاكم التجارية', 'article': 'المادة الرابعة والثمانون'}, {'law': 'اللائحة التنفيذية لنظام المحاكم التجارية', 'article': 'المادة الخامسة والثمانون'}, {'law': 'اللائحة التنفيذية لنظام المحاكم التجارية', 'article': 'المادة السادسة والثمانون'}]",False,formal_paraphrase,ماذا يحدث لخطة إدارة الدعوى بعد إعدادها؟,اللائحة التنفيذية لنظام المحاكم التجارية,المادة الخامسة والثمانون,اللايحةالتنفيذيةلنظامالمحاكمالتجارية||المادةالخامسةوالثمانون,"المادة الخامسة والثمانون : تنفيذ خطة إدارةالدعوى
يعتمد رئيس الدائرة خطة إدارة الدعوى وتحال للإدارة المختصة لتنفيذهاء ويتاح للأطراف الاطلاععليها.","[('اللائحة التنفيذية لنظام المحاكم التجارية', 'المادة الرابعة والثمانون'), ('اللائحة التنفيذية لنظام المحاكم التجارية', 'المادة الخامسة والثمانون'), ('اللائحة التنفيذية لنظام المحاكم التجارية', 'المادة السادسة والثمانون')]","['اللايحةالتنفيذيةلنظامالمحاكمالتجارية||المادةالرابعةوالثمانون', 'اللايحةالتنفيذيةلنظامالمحاكمالتجارية||المادةالخامسةوالثمانون', 'اللايحةالتنفيذيةلنظامالمحاكمالتجارية||المادةالسادسةوالثمانون']",True,"User Query:
ماذا يحدث لخطة إدارة الدعوى بعد إعدادها؟

[Retrieved Article 1]
Law: اللائحة التنفيذية لنظام المحاكم التجارية
Article: المادة الرابعة والثمانون
Text: المادة الرابعة والثمانون : خطة إدارةالدعوى
مع مراعاة المدد المنصوص عليها في المادة الثامنة والثلاثين من اللائحة؛ تعد الإدارة المختصة بعد قيد الدعوى مشروع خطة إدارة الدعوى, على أن تتضمنالآتي:
أ- تصنيفالدعوى.
ب - وصفاً مختصراً للدعوىوالطلب.
ج - الوقت المقترح لنظرالدعوى.
ه -اقتراح أي إجراء يتطلبه نظر الدعوى وآليةتنفيذه.

[Retrieved Article 2]
Law: اللائحة التنفيذية لنظام المحاكم التجارية
Article: المادة الخامسة والثمانون
Text: المادة الخامسة والثمانون : تنفيذ خطة إدارةالدعوى
يعتمد رئيس الدائرة خطة إدارة الدعوى وتحال للإدارة المختصة لتنفيذهاء ويتاح للأطراف الاطلاععليها.

[Retrieved Article 3]
Law: اللائحة التنفيذية لنظام المحاكم التجارية
Article: المادة السادسة والثمانون
Text: المادة السادسة والثمانون : تنفيذ خطة إدارةالدعوى
تتولى الإدارة المختصة مايلي:
-١ إدارة الدعوى وفق الخطةالمعتمدة.
؟- إجراءات تبادل المذكرات في حال تضمنته خطة إدارة الدعوى أو قررت الدائرة أو القاضي المحضر إجراء تبادلالمذكرات.
وللإدارة المختصة الرفع إلى الدائرة - عند الاقتضاء - عن أي صعوبات تواجهها؛ لتقرير ما تراهالدائرة.",1.0,1.0,0.0,1.0,3.0,"{
  ""correctness"": 4,
  ""faithfulness"": 3,
  ""arabic_quality"": 4,
  ""hallucination"": 0,
  ""reason"": ""الإجابة دقيقة فيما يتعلق بتنفيذ الخطة وإعطاء الأطراف إمكانية الاطلاع عليها، ولكنها لم تذكر التفاصيل الدقيقة من النص القانوني المرجعي الذهبي.""
}",6.846840520000114,896,False,True,4.0,3.0,4.0,0,الإجابة دقيقة فيما يتعلق بتنفيذ الخطة وإعطاء الأطراف إمكانية الاطلاع عليها، ولكنها لم تذكر التفاصيل الدقيقة من النص القانوني المرجعي الذهبي.
Q060,Qwen3-8B,"{
  ""answer_ar"": ""خطة إدارة الدعوى تُعتمد من قبل رئيس الدائرة وتحال للإدارة المختصة لتنفيذه، ويُتاح للأطراف الاطلاع عليها حسب المادة الخامسة والثمانون من اللائحة التنفيذية لنظام المحاكم التجارية."",
  ""citations"": [
    {""law"": ""الائحة التنفيذية لنظام المحاكم التجارية"", ""article"": ""المادة الخامسة والثمانون""}
  ],
  ""insufficient_context"": false
}",13.002168379000068,1064,False,True,خطة إدارة الدعوى تُعتمد من قبل رئيس الدائرة وتحال للإدارة المختصة لتنفيذه، ويُتاح للأطراف الاطلاع عليها حسب المادة الخامسة والثمانون من اللائحة التنفيذية لنظام المحاكم التجارية.,"[{'law': 'الائحة التنفيذية لنظام المحاكم التجارية', 'article': 'المادة الخامسة والثمانون'}]",False,informal,مين يعتمد خطة القضية وهل الأطراف يقدرون يشوفونها؟,اللائحة التنفيذية لنظام المحاكم التجارية,المادة الخامسة والثمانون,اللايحةالتنفيذيةلنظامالمحاكمالتجارية||المادةالخامسةوالثمانون,"المادة الخامسة والثمانون : تنفيذ خطة إدارةالدعوى
يعتمد رئيس الدائرة خطة إدارة الدعوى وتحال للإدارة المختصة لتنفيذهاء ويتاح للأطراف الاطلاععليها.","[('اللائحة التنفيذية لنظام المحاكم التجارية', 'المادة الخامسة والثمانون'), ('نظام التحكيم', 'المادة السادسةوالثلاثون'), ('اللائحة التنفيذية لطرق الاعتراض على الأحكام', 'المادة التاسعةوالعشرون')]","['اللايحةالتنفيذيةلنظامالمحاكمالتجارية||المادةالخامسةوالثمانون', 'نظامالتحكيم||المادةالسادسةوالثلاثون', 'اللايحةالتنفيذيةلطرقالاعتراضعليالاحكام||المادةالتاسعةوالعشرون']",True,"User Query:
مين يعتمد خطة القضية وهل الأطراف يقدرون يشوفونها؟

[Retrieved Article 1]
Law: اللائحة التنفيذية لنظام المحاكم التجارية
Article: المادة الخامسة والثمانون
Text: المادة الخامسة والثمانون : تنفيذ خطة إدارةالدعوى
يعتمد رئيس الدائرة خطة إدارة الدعوى وتحال للإدارة المختصة لتنفيذهاء ويتاح للأطراف الاطلاععليها.

[Retrieved Article 2]
Law: نظام التحكيم
Article: المادة السادسةوالثلاثون
Text: المادة السادسةوالثلاثون
-١ لهيئة التحكيم تعيين خبير أو أكثرء لتقديم تقرير مكتوب أو شفهي يثبت في محضر الجلسة في شأن مسائل معينة تحددها بقرار منهاء وتبلغ به كلاً من الطرفين ما لم يتفقا علىغير
""- على كل من الطرفين أن يقدم إلى الخبير المعلومات المتعلقة بالنزاع» وأن يمكنه من معاينة وفحص ما يطلبه من وثائق أو سلع أو أموال أخرى متعلقة بالنزاع. وتفصلهيئة
التحكيم في كل نزاع يقوم بين الخبير وأحد الطرفين في هذا الشأن بقرار غير قابل للطعن بأي طريق من طرقالطعن.
'- ترسل هيئة التحكيم صورة من تقرير الخبير بمجرد إيداعه لديها إلى كل من الطرفين؛ مع إتاحة الفرصة له لإبداء رأيه فيه. ولكليهما الحق في الاطلاع على الوثائق التياستند
إليها الخبير في تقريره وفحصها. ويصدر الخبير تقريره النهائي بعد الاطلاع على ما أبداه طرفا التحكيمحوله.
5- لهيئة التحكيم بعد تقديم تقرير الخبير أن تقرر من تلقاء نفسهاء أو بناءً على طلب أحد طرفي التحكيم» عقد جلسة لسماع أقوال الخبيرء مع إتاحة الفرصة للطرفين لسماعهومناقشته
في شأن ما ورد فيتقريره.

[Retrieved Article 3]
Law: اللائحة التنفيذية لطرق الاعتراض على الأحكام
Article: المادة التاسعةوالعشرون
Text: المادة التاسعةوالعشرون
-١ للمحكمة أن تعهد إلى أحد قضاتها تحضير القضية وتهيئتها للمرافعة» بما في ذلك دراستها وتحديد نطاق الاستئناف؛ وعقد جلسة تحضيرية» واستكمال المستندات» واستدعاءذوي
الشأن لسؤالهم عن الوقائع التي يرى لزوم تحقيقهاء وإعداد مشروع مسودة الحكم؛ كما يجوز أن تعهد المحكمة بدراسة القضية والوقائع إلى الإدارةالمختصة.
؟- للمحكمة» وللقاضي الذي عهد إليه تحضير القضية أن يمكّن الخصوم من تبادل المذكرات والمستندات لدى الإدارة المختصة خلال مدة لا تتجاوز (عشرين) يومّاء على أنتُحتَدَ
عدد المذكرات؛ وموعد إيداع كل منهاء وموعد الجلسةالتالية.
-'٠"" يترتب على عدم تقديم المذكرة أو المستند في مرحلة تحضير القضية الأثر ذاته الذي يترتب على عدم تقديمه أمامالمحكمة.",1.0,0.0,1.0,0.0,1.0,"{
  ""correctness"": 5,
  ""faithfulness"": 5,
  ""arabic_quality"": 5,
  ""hallucination"": 0,
  ""reason"": ""الإجابة دقيقة وموثقة من النص القانوني المرجعي الذهبي، وتناسب السؤال بشكل صحيح، ولغتها واضحة ومهنية.""
}",7.681557976999102,1227,False,True,5.0,5.0,5.0,0,الإجابة دقيقة وموثقة من النص القانوني المرجعي الذهبي، وتناسب السؤال بشكل صحيح، ولغتها واضحة ومهنية.
