query_id,query_type,query,gold_law,gold_article,augmented_context,allam_response,allam_latency_sec,qwen_response,qwen_latency_sec
Q001,formal_direct,ما الدعاوى والطلبات التي لا تسري عليها أحكام التكاليف القضائية؟,نظام التكاليف القضائية,المادة الثانية,"(نظام التكاليف القضائية - المادة الثامنة)
المادة الثامنة
١.تُقرض على الطلبات الآتية تكاليف قضائية بمبلغ لا يزيد على ألف ريال وفقاً للمعايير والضوابط وقواعد التقدير التي تحددهااللائحة:
أ- طلب ذي المصلحة تسليمه نسخة مصدقة من أوراق الدعوى أو سجلاتها -الورقية أو الإلكترونية- أو الوثائق أو الأوراق التي تحت يدالمحكمة.
ب- طلب ذي المصلحة الاطلاع على أوراق الدعوى أو سجلاتها (الورقية أوالإلكترونية).
ج- طلب نسخة بديلة للوثائقالقضائية.
؟. لا تسري أحكام الفقرة )١( من هذه المادة على الطلبات التي تقدم أثناء نظر الدعوى من أطرافها أو المدخلينفيها.

(نظام التكاليف القضائية - المادة الثانية)
المادة الثانية
تسري أحكام النظام على جميع الدعاوى والطلبات التي تقدم إلى المحاكم» فيما عدا مايأتي:
١.الدعاوى الجزائية العامة»والدعاوى التأديبية»والطلبات المتعلقبها.
؟.الدعاوى والطلبات التي تختص بها محاكم الأحوال الشخصية» عدا طلب النقض وطلب التماس إعادةالنظر.
.الدعاوى والطلبات التي يختص بها ديوانالمظالم.
.الدعاوى والطلبات المتعلقة بدعاوى قسمة التركات؛ عدا طلب النقض وطلب التماس إعادةالنظر.
"".الإنهاءات وما يتعلق بها منطلبات.

(نظام التكاليف القضائية - المادة السابعةعشرة)
المادة السابعةعشرة
مع مراعاة ما تقضي به الأنظمة والمعاهدات والاتفاقيات الدولية التي تكون المملكة طرفاًء لا تفرض التكاليف القضائية على الفئاتالآتية:
١.المسجونون والموقوفون وقت استحقاق التكاليف القضائية في قضايا مالية غير جنائية» في الدعاوى التي تقام سواءً كانت منهم أوعليهم.
"".العمال المشمولون بنظام العمل والمستثنون منه والمستحقون عنهم؛ للمطالبة بمستحقاتهم الناشئة عن عقودعمل.
“.الوزارات والأجهزةالحكومية.
وتحدد اللائحة الإجراءات والقواعد الخاصةبذلك.","الدعاوى والطلبات التي لا تسري عليها أحكام التكاليف القضائية وفقًا للمواد القانونية المرفقة هي:

1. الدعاوى الجزائية العامة.
2. الدعاوى التأديبية.
3. الطلبات المتعلقة بها.
4. الدعاوى والطلبات التي تختص بها محاكم الأحوال الشخصية، عدا طلب النقض وطلب التماس إعادة النظر.
5. الدعاوى والطلبات التي يختص بها ديوان المظالم.
6. الدعاوى والطلبات المتعلقة بدعاوى قسمة التركات، عدا طلب النقض وطلب التماس إعادة النظر.
7. الإنهاءات وما يتعلق بها من طلبات.

ملاحظة: هذه الإجابة مستندة فقط إلى المواد القانونية المرفقة، ولا تشمل أي تفسير أو تحليل.",14.7,"توجد بعض الدعاوى والطلبات التي لا تسري عليها أحكام التكاليف القضائية وفقاً للمادة الثانية من نظام التكاليف القضائية. وهي كالتالي:

1. الدعاوى الجزائية العامة والدعاوى التأديبية والطلبات المتعلقة بها.
2. الدعاوى والطلبات التي تختص بها محاكم الأحوال الشخصية، عدا طلب النقض وطلب التماس إعادة النظر.
3. الدعاوى والطلبات التي يختص بها ديوان المظالم.
4. الدعاوى والطلبات المتعلقة بدعاوى قسمة التركات، عدا طلب النقض وطلب التماس إعادة النظر.
5. الإنهاءات وما يتعلق بها من طلبات.

مصدر: نظام التكاليف القضائية - المادة الثانية",141.47
Q002,formal_paraphrase,ما الحالات المستثناة من تطبيق نظام التكاليف القضائية؟,نظام التكاليف القضائية,المادة الثانية,"(نظام التكاليف القضائية - المادة السابعةعشرة)
المادة السابعةعشرة
مع مراعاة ما تقضي به الأنظمة والمعاهدات والاتفاقيات الدولية التي تكون المملكة طرفاًء لا تفرض التكاليف القضائية على الفئاتالآتية:
١.المسجونون والموقوفون وقت استحقاق التكاليف القضائية في قضايا مالية غير جنائية» في الدعاوى التي تقام سواءً كانت منهم أوعليهم.
"".العمال المشمولون بنظام العمل والمستثنون منه والمستحقون عنهم؛ للمطالبة بمستحقاتهم الناشئة عن عقودعمل.
“.الوزارات والأجهزةالحكومية.
وتحدد اللائحة الإجراءات والقواعد الخاصةبذلك.

(نظام التكاليف القضائية - المادة السادسةعشرة)
المادة السادسةعشرة
ترد التكاليف القضائية المدفوعة متى تبين عدم وجوبها على دافعها أو استفادته من حالة من حالات الإعفاء ومن ذلكمايأتي:
١.إذا حكم لمصلحة دافع التكاليفالقضائية.
؟.طلب رد القاضي أو القضاة إذا قبل طلبالرد.
”.طلب تصحيح الحكم أو تفسيره إذا قضي بإجابةالطلب.
4.طلب الاستئناف إذا حكم بنقض الحكم المستأنف كلياً» وإذا نقض الحكم جزئياً فيعفى بقدر ذلك الجزءء وطلب النقض إذا قضي فيه بإعادة القضية إلى المحكمة مصدرةالحكم
المعترضعليه.
5.إذا ترك المدعي عليه دعواه قبل عقد الجلسة الأولى؛ وفقاً للإجراءاتالنظامية.
"".الدعاوى التي تنتهي بالصلح قبل رفع الجلسةالأولى.
.الدعاوى المتعلقة بالحقوق الخاصة التي ترفع بالتبعية للقضايا الجزائية إذا انتهت بالصلح على أي حال كانت فيهاالدعوى.
وتحدد اللائحة الإجراءات والقواعد الخاصةبذلك.

(اللائحة التنفيذية لنظام التكاليف القضائية - المادة الخامسة)
المادة الخامسة
تقدّر التكاليف القضائية لطلب التنفيذ المباشر بمبلغ قدره خمسمائة ريال» وفيما يتعلق بباقي طلبات التنفيذ فتقدر التكاليف القضائية بنسبة اثنين في المائة (؟90) من قيمة المطالبةعلى
ألا تقل هذه التكاليف عن خمسمائة ريال ولا تزيد على عشرة آلافريال.
ويتحمل المنفذ ضده التكاليف القضائية لطلب التنفيذ ما لم يتبت أن طالب التنفيذ غير مستحق لمطالبته» فيتحمل طالب التنفيذ كامل التكاليف القضائية» وإذا كان طالب التنفيذغير
مستحق لجزء من مطالبته» فيتحمل من التكاليف القضائية بقدر هذاالجزء.","وفقًا للمادة السابعة عشرة من نظام التكاليف القضائية، الحالات المستثناة من تطبيق نظام التكاليف القضائية هي:

1. المسجونون والموقوفون وقت استحقاق التكاليف القضائية في قضايا مالية غير جنائية في الدعاوى التي تقام سواءً كانت منهم أو عليهم.
2. العمال المشمولون بنظام العمل والمستثنون منه والمستحقون عنهم؛ للمطالبة بمستحقاتهم الناشئة عن عقود عمل.
3. الوزارات والأجهزة الحكومية.

وتحدد اللائحة الإجراءات والقواعد الخاصة بذلك.",9.72,"وفقًا للمادة السابعةعشرة من نظام التكاليف القضائية، هناك عدة حالات مستثناة من تطبيق نظام التكاليف القضائية، وهي:

1. المسجونون والموقوفون وقت استحقاق التكاليف القضائية في قضايا مالية غير جنائية في الدعاوى التي تقام سواءً كانت منهم أوعليهم.
2. العمال المشمولون بنظام العمل والمستثنون منه والمستحقون عنهم؛ للمطالبة بمستحقاتهم الناشئة عن عقود العمل.
3. الوزارات والأجهزة الحكومية.

هذه الحالات ليست ملزمة بدفع التكاليف القضائية وفقًا لما هو مذكور في النظام.",110.87
Q003,informal,وش القضايا اللي ما عليها تكاليف قضائية؟,,,"(نظام التكاليف القضائية - المادة السابعةعشرة)
المادة السابعةعشرة
مع مراعاة ما تقضي به الأنظمة والمعاهدات والاتفاقيات الدولية التي تكون المملكة طرفاًء لا تفرض التكاليف القضائية على الفئاتالآتية:
١.المسجونون والموقوفون وقت استحقاق التكاليف القضائية في قضايا مالية غير جنائية» في الدعاوى التي تقام سواءً كانت منهم أوعليهم.
"".العمال المشمولون بنظام العمل والمستثنون منه والمستحقون عنهم؛ للمطالبة بمستحقاتهم الناشئة عن عقودعمل.
“.الوزارات والأجهزةالحكومية.
وتحدد اللائحة الإجراءات والقواعد الخاصةبذلك.

(نظام التكاليف القضائية - المادة الثالثة)
المادة الثالثة
تفرض تكاليف قضائية على الدعوى بمبلغ لا يزيد على ما نسبته (590) من قيمة المطالبة» وبحد أعلى مبلغ مليون ريال. وتحدد اللائحة معايير تقدير التكاليف القضائيةوالضوابط
والقواعد المنظمةلذلك.

(اللائحة التنفيذية لنظام التكاليف القضائية - المادة الثالثة)
المادة الثالثة
تقدّر التكاليف القضاتية في الدعاوى غير محددة القيمة على النحوالآتي:
-١ الدعاوى الجزائية الخاصة؛ عشرة آلافريال.
؟- الدعاوى التي تُنظر لدى المحاكم التجارية والدوائر التجارية؛ خمسة آلافرياإل.
-'٠"" الدعاوى المستعجلة أيّا كانت المحكمة أو الدائرة التي تنظرها؛ ثلاثة آلافربال.
5- الدعاوى التي تُنظر لدى المحاكم العامة؛ ثلاثة آلافريال.
5- منازعات التنفيذ؛ ثلاثة آلافربال.
""- الدعاوى التي تُنظر لدى المحاكم العمالية والدوائر العمالية؛ ألفاربال.","وفقًا للمادة السابعة عشرة من نظام التكاليف القضائية، لا تفرض التكاليف القضائية على الفئات التالية:
1. المسجونون والموقوفون وقت استحقاق التكاليف القضائية في قضايا مالية غير جنائية في الدعاوى التي تقام سواءً كانت منهم أو عليهم.
2. العمال المشمولون بنظام العمل والمستثنون منه والمستحقون عنهم؛ للمطالبة بمستحقاتهم الناشئة عن عقود عمل.
3. الوزارات والأجهزة الحكومية.

وتحدد اللائحة الإجراءات والقواعد الخاصة بذلك.",9.21,"وفقًا للمادة السابعةعشرة من نظام التكاليف القضائية، لا تفرض التكاليف القضائية على الفئات الآتية:

1. المسجونون والموقوفون وقت استحقاق التكاليف القضائية في قضايا مالية غير جنائية في الدعاوى التي تقام سواءً كانت منهم أوعليهم.
2. العمال المشمولون بنظام العمل والمستثنون منه والمستحقون عنهم؛ للمطالبة بمستحقاتهم الناشئة عن عقود عمل.
3. الوزارات والأجهزة الحكومية.

مصدر: نظام التكاليف القضائية - المادة السابعةعشرة",100.04
Q004,formal_direct,ما الحد الأعلى للتكاليف القضائية المفروضة على الدعوى؟,نظام التكاليف القضائية,المادة الثالثة,"(نظام التكاليف القضائية - المادة الثالثة)
المادة الثالثة
تفرض تكاليف قضائية على الدعوى بمبلغ لا يزيد على ما نسبته (590) من قيمة المطالبة» وبحد أعلى مبلغ مليون ريال. وتحدد اللائحة معايير تقدير التكاليف القضائيةوالضوابط
والقواعد المنظمةلذلك.

(اللائحة التنفيذية لنظام التكاليف القضائية - المادة الثالثة)
المادة الثالثة
تقدّر التكاليف القضاتية في الدعاوى غير محددة القيمة على النحوالآتي:
-١ الدعاوى الجزائية الخاصة؛ عشرة آلافريال.
؟- الدعاوى التي تُنظر لدى المحاكم التجارية والدوائر التجارية؛ خمسة آلافرياإل.
-'٠"" الدعاوى المستعجلة أيّا كانت المحكمة أو الدائرة التي تنظرها؛ ثلاثة آلافربال.
5- الدعاوى التي تُنظر لدى المحاكم العامة؛ ثلاثة آلافريال.
5- منازعات التنفيذ؛ ثلاثة آلافربال.
""- الدعاوى التي تُنظر لدى المحاكم العمالية والدوائر العمالية؛ ألفاربال.

(نظام التكاليف القضائية - المادة الثامنة)
المادة الثامنة
١.تُقرض على الطلبات الآتية تكاليف قضائية بمبلغ لا يزيد على ألف ريال وفقاً للمعايير والضوابط وقواعد التقدير التي تحددهااللائحة:
أ- طلب ذي المصلحة تسليمه نسخة مصدقة من أوراق الدعوى أو سجلاتها -الورقية أو الإلكترونية- أو الوثائق أو الأوراق التي تحت يدالمحكمة.
ب- طلب ذي المصلحة الاطلاع على أوراق الدعوى أو سجلاتها (الورقية أوالإلكترونية).
ج- طلب نسخة بديلة للوثائقالقضائية.
؟. لا تسري أحكام الفقرة )١( من هذه المادة على الطلبات التي تقدم أثناء نظر الدعوى من أطرافها أو المدخلينفيها.",الحد الأعلى للتكاليف القضائية المفروضة على الدعوى هو مليون ريال، وذلك وفقًا للمادة الثالثة من نظام التكاليف القضائية.,2.35,الحد الأعلى للتكاليف القضائية المفروضة على الدعوى هو مليون ريال. هذا وفقًا للمادة الثالثة من نظام التكاليف القضائية.,30.54
Q005,formal_paraphrase,كيف يتم تحديد قيمة التكاليف القضائية بالنسبة إلى قيمة المطالبة؟,نظام التكاليف القضائية,المادة الثالثة,"(اللائحة التنفيذية لنظام التكاليف القضائية - المادة الثانية)
المادة الثانية
-١ مع مراعاة ما تقضي به المادة (الثالثة) من النظامء تُقدّر التكاليف القضائية للدعوى المحددة القيمة؛ على أساس نسبة من قيمة المطالبة فيهاء وذلك على النحوالآتي:
3 نسبة (9/05) إذا كانت قيمة المطالبة أقل من مائة ألفربال.
ب- نسبة (905) إذا كانت قيمة المطالبة مائة ألف ربإل فأكثرء وتقل عن خمسمائة ألفربال.
ج- نسبة (907) إذا كانت قيمة المطالبة خمسمائة ألف ريال فأكثرء وتقل عن مليونربال.
د- نسبة (907) إذا كانت قيمة المطالبة مليون ربإلفأعلى.
؟- تُحدد قيمة المطالبة على النحوالآتي:
أ- فيما يتعلق بالدعاوى المالية» تحدد على أساس المبلغ الذي يطلب المدعي الحكمبه.
اب- في الدعاوى المتعلقة بإثنبات صحة عقد أو فسخه أو إبطاله أو الإلزام بتنفيذه» تُحدد على أساس قيمة الشسيء المتنازع عليه وفقاً لقيمته المحددة فيالعقد.
ج- في الدعاوى المتعلقة بمنازعات ملكية عقار؛ تُحدد على أساس قيمة العقار عند رفع الدعوىء وتُحدد قيمة العقار بناء على البيانات التاريخية - الموثقة لدى وزارة العدل -لقيمة
مبايعات هذا العقار والعقارات المجاورة له» ونحو ذلك من الوسائل الأخرى التي ثُمكن الوزارة من تحليلقيمته.

(نظام التكاليف القضائية - المادة التاسعة)
المادة التاسعة
إذا ترتب على الطلب تغير في تقدير قيمة الدعوى سواء بالزيادة أو النقص» فتُحسب التكاليف القضائية للدعوى بناء على تقدير القيمة الجديدة لهاء وذلك مع عدم الإخلالبالتكاليف
القضائية المحددة للطلبذاته.

(اللائحة التنفيذية لنظام التكاليف القضائية - المادة الخامسة)
المادة الخامسة
تقدّر التكاليف القضائية لطلب التنفيذ المباشر بمبلغ قدره خمسمائة ريال» وفيما يتعلق بباقي طلبات التنفيذ فتقدر التكاليف القضائية بنسبة اثنين في المائة (؟90) من قيمة المطالبةعلى
ألا تقل هذه التكاليف عن خمسمائة ريال ولا تزيد على عشرة آلافريال.
ويتحمل المنفذ ضده التكاليف القضائية لطلب التنفيذ ما لم يتبت أن طالب التنفيذ غير مستحق لمطالبته» فيتحمل طالب التنفيذ كامل التكاليف القضائية» وإذا كان طالب التنفيذغير
مستحق لجزء من مطالبته» فيتحمل من التكاليف القضائية بقدر هذاالجزء.","وفقًا للمادة الثانية من اللائحة التنفيذية لنظام التكاليف القضائية، تُقدّر التكاليف القضائية للدعوى المحددة القيمة بناءً على نسبة من قيمة المطالبة فيها، وذلك على النحو التالي:
- نسبة (9/05) إذا كانت قيمة المطالبة أقل من مائة ألف ريال.
- نسبة (905) إذا كانت قيمة المطالبة مائة ألف ريال فأكثر، وتقل عن خمسمائة ألف ريال.
- نسبة (907) إذا كانت قيمة المطالبة خمسمائة ألف ريال فأكثر، وتقل عن مليون ريال.
- نسبة (907) إذا كانت قيمة المطالبة مليون ريال فأكثر.

كما تُحدد قيمة المطالبة على النحو التالي:
1. فيما يتعلق بالدعاوى المالية، تُحدد على أساس المبلغ الذي يطلب المدعي الحكم به.
2. في الدعاوى المتعلقة بإثبات صحة عقد أو فسخه أو إبطاله أو الإلزام بتنفيذه، تُحدد على أساس قيمة الشيء المتنازع عليه وفقًا لقيمته المحددة في العقد.
3. في الدعاوى المتعلقة بمنازعات ملكية عقار، تُحدد على أساس قيمة العقار عند رفع الدعوى، وتُحدد قيمة العقار بناءً على البيانات التاريخية الموثقة لدى وزارة العدل.

أما المادة التاسعة من نظام التكاليف القضائية، فتشير إلى أنه إذا ترتب على الطلب تغير في تقدير قيمة الدعوى سواء بالزيادة",17.53,"تُقدر التكاليف القضائية للدعوى المحددة القيمة على أساس نسبة من قيمة المطالبة حسب ما يلي:

- نسبة (9/05) إذا كانت قيمة المطالبة أقل من مائة ألف ريال.
- نسبة (905) إذا كانت قيمة المطالبة مائة ألف ريال فأكثر وتقل عن خمسمائة ألف ريال.
- نسبة (907) إذا كانت قيمة المطالبة خمسمائة ألف ريال فأكثر وتقل عن مليون ريال.
- نسبة (907) إذا كانت قيمة المطالبة مليون ريال فاكثر.

هذه الأنظمة تنطبق على الدعاوى المالية حيث تحدد قيمة المطالبة على أساس المبلغ الذي يطلب المدعي الحكم به. أما بالنسبة للدعاوى الأخرى مثل إثبات صحة عقد أو فسخه أو إبطاله أو الإلزام بتنفيذه، فتُحدد قيمة المطالبة على أساس قيمة الشيء المتنازع عليه وفقًا لقيمته المحددة في العقد. 

ومن الجدير بالذكر أن التكاليف القضائية لطلب التنفيذ المباشر تقدر بمبلغ قدره خمسمائة ريال، بينما لباقي طلبات التنفيذ تقدر بنسبة اثنين في المائة (2%) من قيمة المطالبة على ألا تقل هذه التكاليف عن خمسمائة ريال ولا تزيد على عشرة آلاف ريال. ويتحمل المنفذ ضده التكاليف القضائية إلا إذا كان طالب التنفيذ غير مستحق لمطالبته.

المصدر: 
(اللائحة التنفيذية لنظام التكاليف القضائية - المادة الثانية)",247.91
Q006,informal,كم أعلى مبلغ ممكن أدفعه تكاليف قضائية على الدعوى؟,نظام التكاليف القضائية,المادة الثالثة,"(نظام التكاليف القضائية - المادة الثالثة)
المادة الثالثة
تفرض تكاليف قضائية على الدعوى بمبلغ لا يزيد على ما نسبته (590) من قيمة المطالبة» وبحد أعلى مبلغ مليون ريال. وتحدد اللائحة معايير تقدير التكاليف القضائيةوالضوابط
والقواعد المنظمةلذلك.

(نظام التكاليف القضائية - المادة الخامسة)
المادة الخامسة
تُفرض على دعوى بطلان حكم التحكيم تكاليف قضائية بما نسبته )١190( من قيمة المبلغ المحكوم به على مدعي البطلان؛ إذا حكم برفض طلبه؛ وبحد أعلى مليونربال.

(نظام التكاليف القضائية - المادة الثامنة)
المادة الثامنة
١.تُقرض على الطلبات الآتية تكاليف قضائية بمبلغ لا يزيد على ألف ريال وفقاً للمعايير والضوابط وقواعد التقدير التي تحددهااللائحة:
أ- طلب ذي المصلحة تسليمه نسخة مصدقة من أوراق الدعوى أو سجلاتها -الورقية أو الإلكترونية- أو الوثائق أو الأوراق التي تحت يدالمحكمة.
ب- طلب ذي المصلحة الاطلاع على أوراق الدعوى أو سجلاتها (الورقية أوالإلكترونية).
ج- طلب نسخة بديلة للوثائقالقضائية.
؟. لا تسري أحكام الفقرة )١( من هذه المادة على الطلبات التي تقدم أثناء نظر الدعوى من أطرافها أو المدخلينفيها.",وفقًا للمادة الثالثة من نظام التكاليف القضائية، فإن الحد الأعلى لمبلغ التكاليف القضائية على الدعوى هو مليون ريال.,1.83,الأعلى مبلغ ممكن أدفعه من تكاليف قضائية على الدعوى هو مليون ريال. هذا وفقًا للمادة الثالثة من نظام التكاليف القضائية.,31.76
Q007,formal_direct,متى تفرض تكاليف قضائية إضافية عند إعادة نظر الدعوى؟,نظام التكاليف القضائية,المادة الرابعة,"(نظام التكاليف القضائية - المادة الرابعة)
المادة الرابعة
إذا قررت المحكمة شطب الدعوىء أو حكمت باعتبارها كأن لم تكن» أو بعدم قبولها لعدم تحريرها؛ فتفرض تكاليف قضائية إضافية في حال نظرها مجدداً بما يعادل نسبة(/59؟)
من تكاليف نظر الدعوى في المرة الأولى» ويتحمل المدعي التكاليف الإضافية لنظرها ولو حكم لصالحه في موضوعالدعوى.

(نظام التكاليف القضائية - المادة العاشرة)
المادة العاشرة
لاتفرض تكاليف جديدة على الدعوى في أي من الحالتينالآتيتين:
١.إذا حكم بعدم الاختصاص وأقيمت الدعوى أمام المحكمةالمختصة.
؟.إذا قضت المحكمة المختصة بنقض الحكم وإعادة الدعوى إلى المحكمة التي أصدرت الحكم المعترض عليه أو إلى محكمةأخرى.

(نظام التكاليف القضائية - المادة الثانيةعشرة)
المادة الثانيةعشرة
١.فيما عدا طلب النقض وطلب التماس إعادة النظرء لايحول عدم دفع التكاليف القضائية دون قيد المحكمة للدعوى أو قيد الطلب والبت فيهماء ويكون تحصيلها وفقاً للإجراءاتالتي
تحددهااللائحة.
؟.يُمهل طالب النقض وطالب التماس إعادة النظر مدة (ثلاثين) يوماً من تاريخ قيد الطلب لدى المحكمة المختصة لسداد التكاليف القضائية المحددة للطلب؛ فإن لم يقم بالسداد خلالهذه
المدة» تحكم المحكمة بسقوط حقه في الطلبء ويُعد الحكمنهائياً.",تفرض تكاليف قضائية إضافية عند إعادة نظر الدعوى في حال شطب الدعوى أو الحكم باعتبارها كأن لم تكن أو بعدم قبولها لعدم تحريرها، وذلك بما يعادل نسبة (%59) من تكاليف نظر الدعوى في المرة الأولى، وفقاً للمادة الرابعة من نظام التكاليف القضائية.,3.76,"تفرض تكاليف قضائية إضافية عند إعادة نظر الدعوى إذا كانت المحكمة قد قررت شطب الدعوى أو حكمت باعتبارها كأن لم تكن أو بعدم قبولها لعدم تحريرها في المرة الأولى، ثم تم نظرها مجدداً. وفقاً للمادة الرابعة من نظام التكاليف القضائية.

التفاصيل: (نظام التكاليف القضائية - المادة الرابعة)",75.14
Q008,formal_paraphrase,ما أثر شطب الدعوى ثم نظرها مجددًا على التكاليف القضائية؟,نظام التكاليف القضائية,المادة الرابعة,"(نظام التكاليف القضائية - المادة الرابعة)
المادة الرابعة
إذا قررت المحكمة شطب الدعوىء أو حكمت باعتبارها كأن لم تكن» أو بعدم قبولها لعدم تحريرها؛ فتفرض تكاليف قضائية إضافية في حال نظرها مجدداً بما يعادل نسبة(/59؟)
من تكاليف نظر الدعوى في المرة الأولى» ويتحمل المدعي التكاليف الإضافية لنظرها ولو حكم لصالحه في موضوعالدعوى.

(نظام التكاليف القضائية - المادة الثانيةعشرة)
المادة الثانيةعشرة
١.فيما عدا طلب النقض وطلب التماس إعادة النظرء لايحول عدم دفع التكاليف القضائية دون قيد المحكمة للدعوى أو قيد الطلب والبت فيهماء ويكون تحصيلها وفقاً للإجراءاتالتي
تحددهااللائحة.
؟.يُمهل طالب النقض وطالب التماس إعادة النظر مدة (ثلاثين) يوماً من تاريخ قيد الطلب لدى المحكمة المختصة لسداد التكاليف القضائية المحددة للطلب؛ فإن لم يقم بالسداد خلالهذه
المدة» تحكم المحكمة بسقوط حقه في الطلبء ويُعد الحكمنهائياً.

(نظام التكاليف القضائية - المادة الثالثةعشرة)
المادة الثالثةعشرة
١.يتحمل المحكوم عليه قيمة التكاليف القضائية المقررة للدعوى والطلبات المتصلة بها أو قسطأ منهاء ما لم ينص النظام أو اللائحة على غير ذلك» وذلك دون إخلال بحق ذويالشأن
في المطالبة بالتعويض. وفي حال كان المدعي غير محق في جزء من طلباته» فيتحمل قسط ذلكالجزء.
؟.إذا انتهت الدعوى بالصلح فيتحمل أطراف الدعوى التكاليف القضائية بالتساويء ما لم يتفقوا على غيرذلك.",وفقًا للمادة الرابعة من نظام التكاليف القضائية، إذا قررت المحكمة شطب الدعوى أو حكمت باعتبارها كأن لم تكن، أو بعدم قبولها لعدم تحريرها، تفرض تكاليف قضائية إضافية في حال نظرها مجددًا بما يعادل نسبة 59% من تكاليف نظر الدعوى في المرة الأولى. ويتحمل المدعي التكاليف الإضافية لنظرها ولو حكم لصالحه في موضوع الدعوى.,4.99,"إذا شطب القاضي الدعوى ثم نظرها مجددًا، فتفرض تكاليف قضائية إضافية تساوي نسبة 59/100 من تكاليف نظر الدعوى في المرة الأولى، ويتحمل المدعي هذه التكاليف الإضافية حتى لو حكم لصالحه في موضوع الدعوى.

المرجع: نظام التكاليف القضائية - المادة الرابعة",69.81
Q009,informal,إذا انشطبت القضية ورجعت رفعتها، أدفع زيادة؟,نظام التكاليف القضائية,المادة الرابعة,"(نظام التكاليف القضائية - المادة الرابعة)
المادة الرابعة
إذا قررت المحكمة شطب الدعوىء أو حكمت باعتبارها كأن لم تكن» أو بعدم قبولها لعدم تحريرها؛ فتفرض تكاليف قضائية إضافية في حال نظرها مجدداً بما يعادل نسبة(/59؟)
من تكاليف نظر الدعوى في المرة الأولى» ويتحمل المدعي التكاليف الإضافية لنظرها ولو حكم لصالحه في موضوعالدعوى.

(نظام التكاليف القضائية - المادة التاسعة)
المادة التاسعة
إذا ترتب على الطلب تغير في تقدير قيمة الدعوى سواء بالزيادة أو النقص» فتُحسب التكاليف القضائية للدعوى بناء على تقدير القيمة الجديدة لهاء وذلك مع عدم الإخلالبالتكاليف
القضائية المحددة للطلبذاته.

(نظام المعاملات المدنية - المادة الحادية والسبعون بعدالستمائة)
المادة الحادية والسبعون بعدالستمائة
-١ إذا زاد المشتري في العقار المشفوع شيئاً من ماله أو بنى أو غرس فيه قبل إعلام الشفيع البائع والمشتري برغبته في الشفعة؛ فعلى الشفيع إذاأخذ
بالشفعة أن يدفع -تبعاً لما يختاره المشتري- مقدار ما أنفقه أو ما زاد في قيمة العقار بسبب زيادة المشتري أو بنائه أوغراسه.
-١ إذا كانت الزيادة أو البناء أو الغراس بعد الإعلام؛ فللشفيع إذا أخذ بالشفعة أن يطلب الإزالة على نفقة المشتري مع التعويض إن كان له مقتضء أوأن
يستبقي البناء أو الغراس على أن يدفع للمشتر ي ما أنفقه أو ما زاد في قيمة العقار ب بسبب زيادة ١ لمشتري أو بنائه أوغراسه.
""- إذا نقص العقار المشفوع بغير فعل المشتري أو بفعله قبل الإعلام؛ فللشفيع أخذه بكل الثمن أو تركه. ويحط عن الشفيع من ثمنه قيمة ما نقصبفعل
المشتري بعدالإعلام.
-١ إذا زاد المشتري في العقار المشفوع شيئاً من ماله أو بنى أو غرس فيه قبل إعلام الشفيع البائع والمشتري برغبته في الشفعة؛ فعلى الشفيع إذا أخذ بالشفعة أن يدفع -تبعاً لمايختاره
المشتري- مقدار ما أنفقه أو ما زاد في قيمة العقار بسبب زيادة المشتري أو بنائه أوغراسه.
؟- إذا كانت الزيادة أو البناء أو الغراس بعد الإعلام؛ فللشفيع إذا أخذ بالشفعة أن يطلب الإزالة على نفقة المشتري مع التعويض إن كان له مقتضء أو أن يستبقي البناء أو الغراسعلى
أن يدفع للمشتري ما أنفقه أو ما زاد في قيمة العقار بسبب زيادة المشتري أو بنائه أوغراسه.
إذا نقص العقار المشفوع بغير فعل المشتري أو بفعله قبل الإعلام؛ فللشفيع أخذه بكل الثمن أو تركه» ويحط عن الشفيع من ثمنه قيمة ما نقص بفعل المشتري بعدالإعلام.",نعم، إذا قررت المحكمة شطب الدعوى أو حكمت باعتبارها كأن لم تكن أو بعدم قبولها لعدم تحريرها، تفرض تكاليف قضائية إضافية في حال نظرها مجددًا بما يعادل نسبة 59% من تكاليف نظر الدعوى في المرة الأولى، ويتحمل المدعي التكاليف الإضافية لنظرها ولو حكم لصالحه في موضوع الدعوى. (نظام التكاليف القضائية - المادة الرابعة),5.29,"نعم، إذا أعيد النظر في القضية ورفعت مرة أخرى، يجب دفع تكاليف قضائية إضافية. هذا وفقًا للمادة الرابعة من نظام التكاليف القضائية، والتي تنص: ""تفرض تكاليف قضائية إضافية في حال نظرها مجدداً بما يعادل نسبة (/59؟) من تكاليف نظر الدعوى في المرة الأولى"".",69.17
Q010,formal_direct,ما التكاليف القضائية المترتبة على دعوى بطلان حكم التحكيم؟,نظام التكاليف القضائية,المادة الخامسة,"(نظام التكاليف القضائية - المادة الخامسة)
المادة الخامسة
تُفرض على دعوى بطلان حكم التحكيم تكاليف قضائية بما نسبته )١190( من قيمة المبلغ المحكوم به على مدعي البطلان؛ إذا حكم برفض طلبه؛ وبحد أعلى مليونربال.

(اللائحة التنفيذية لنظام التكاليف القضائية - المادة السادسة)
المادة السادسة
تُقدّر التكاليف القضائية للطلبات الواردة في المادة (السابعة) من النظام على النحوالآتي:
-١ طلب التماس إعادة النظر؛ عشرة آلافربإل.
-١ طلب النقض؛ سبعة آلافربال.
""- طلب الاستئناف؛ خمسة آلافربإل.
3 - طلب الإدخال من الخصومء» وطلب الردء وطلب تصحيح الحكم أو تفسيره» وطلب وقف تنفيذ الحكم ألفاربال.
5- الطلب العارض؛ ألفربال.
5- طلب أحد الخصوم السير في الدعوى الموقوفة اتفاقاً قبل انتهاء المدة المتفق عليها لوقف الخصومة؛ مائةربال.

(نظام التكاليف القضائية - المادة السابعة)
المادة السابعة
ثفرض على الطلبات الآتية تكاليف قضائية بمبلغ لا يزيد على عشرة آلاف ربالء وفقاً للمعايير والضوابط وقواعد التقدير التي تحددهااللائحة:
"".الطلباتالعارضة.
:.طلباتالرد.
5.طلب أحد الخصوم السير في الدعوى الموقوفة اتفاقاً قبل انتهاء المدة المتفق عليها لوقفالخصومة.
""إطلب تصحيح الحكم أوتفسيرة.
.الطلبات الأخرى التي تحددهااللائحة.",وفقًا للمادة الخامسة من نظام التكاليف القضائية، تُفرض على دعوى بطلان حكم التحكيم تكاليف قضائية بما نسبته 1190% من قيمة المبلغ المحكوم به على مدعي البطلان، وبحد أعلى مليون ريال.,3.26,تكاليف قضائية تُفرض على دعوى بطلان حكم التحكيم بما نسبته 190% من قيمة المبلغ المحكوم به على مدعي البطلان، إذا حكم برفض طلبه. هذا وفقًا للمادة الخامسة من نظام التكاليف القضائية.,49.38
Q011,formal_paraphrase,كيف تحسب تكاليف دعوى بطلان حكم التحكيم إذا رفض الطلب؟,نظام التكاليف القضائية,المادة الخامسة,"(نظام التكاليف القضائية - المادة الخامسة)
المادة الخامسة
تُفرض على دعوى بطلان حكم التحكيم تكاليف قضائية بما نسبته )١190( من قيمة المبلغ المحكوم به على مدعي البطلان؛ إذا حكم برفض طلبه؛ وبحد أعلى مليونربال.

(اللائحة التنفيذية لنظام التكاليف القضائية - المادة السادسة)
المادة السادسة
تُقدّر التكاليف القضائية للطلبات الواردة في المادة (السابعة) من النظام على النحوالآتي:
-١ طلب التماس إعادة النظر؛ عشرة آلافربإل.
-١ طلب النقض؛ سبعة آلافربال.
""- طلب الاستئناف؛ خمسة آلافربإل.
3 - طلب الإدخال من الخصومء» وطلب الردء وطلب تصحيح الحكم أو تفسيره» وطلب وقف تنفيذ الحكم ألفاربال.
5- الطلب العارض؛ ألفربال.
5- طلب أحد الخصوم السير في الدعوى الموقوفة اتفاقاً قبل انتهاء المدة المتفق عليها لوقف الخصومة؛ مائةربال.

(نظام التكاليف القضائية - المادة الرابعة)
المادة الرابعة
إذا قررت المحكمة شطب الدعوىء أو حكمت باعتبارها كأن لم تكن» أو بعدم قبولها لعدم تحريرها؛ فتفرض تكاليف قضائية إضافية في حال نظرها مجدداً بما يعادل نسبة(/59؟)
من تكاليف نظر الدعوى في المرة الأولى» ويتحمل المدعي التكاليف الإضافية لنظرها ولو حكم لصالحه في موضوعالدعوى.",تُفرض على دعوى بطلان حكم التحكيم تكاليف قضائية بما نسبته 1190% من قيمة المبلغ المحكوم به على مدعي البطلان؛ إذا حكم برفض طلبه؛ وبحد أعلى مليون ريال، وفقًا للمادة الخامسة من نظام التكاليف القضائية.,3.52,تكاليف دعوى بطلان حكم التحكيم إذا رفض الطلب تُفرض بما نسبته 190% من قيمة المبلغ المحكوم به على مدعي البطلان، وذلك وفقًا للمادة الخامسة من نظام التكاليف القضائية.,44.77
Q012,informal,لو طلبت إبطال حكم تحكيم وانرفض، كم تكون التكاليف؟,نظام التكاليف القضائية,المادة الخامسة,"(نظام التكاليف القضائية - المادة الخامسة)
المادة الخامسة
تُفرض على دعوى بطلان حكم التحكيم تكاليف قضائية بما نسبته )١190( من قيمة المبلغ المحكوم به على مدعي البطلان؛ إذا حكم برفض طلبه؛ وبحد أعلى مليونربال.

(نظام التكاليف القضائية - المادة الرابعة)
المادة الرابعة
إذا قررت المحكمة شطب الدعوىء أو حكمت باعتبارها كأن لم تكن» أو بعدم قبولها لعدم تحريرها؛ فتفرض تكاليف قضائية إضافية في حال نظرها مجدداً بما يعادل نسبة(/59؟)
من تكاليف نظر الدعوى في المرة الأولى» ويتحمل المدعي التكاليف الإضافية لنظرها ولو حكم لصالحه في موضوعالدعوى.

(نظام التحكيم - المادة الخمسونمعدلة)
المادة الخمسونمعدلة
-١ لا تقبل دعوى بطلان حكم التحكيم إلا في الأحوالالآتية:
أ- إذا لم يوجد اتفاق تحكيم أو كان هذا الاتفاق باطلاً» أو قابلاً للإبطال» أو سقط بانتهاءمدته.
ب- إذا كان أحد طرفي اتفاق التحكيم وقت إبرامه عديم الأهلية» أو ناقصهاء وفقاً للنظام الذي يحكمأهليته.
ج- إذا تعذر على أحد طرفي التحكيم تقديم دفاعه بسبب عدم إبلاغه إبلاغاً صحيحاً بتعيين محكم أو بإجراءات التحكيم؛ أو لأي سبب آخر خارج عنإرادته.
د- إذا استبعد حكم التحكيم تطبيق أي من القواعد النظامية التي اتفق طرفا التحكيم على تطبيقها على موضوعالنزاع.
ه إذا شكلت هيئة التحكيم أو عين المحكمون على وجه مخالف لهذا النظام» أو لاتفاقالطرفين.
و- إذا فصل حكم التحكيم في مسائل لا يشملها اتفاق التحكيم» ومع ذلك إذا أمكن فصل أجزاء الحكم الخاصة بالمسائل الخاضعة للتحكيم عن أجزائه الخاصة بالمسائل غيرالخاضعة
له فلا يقع البطلان إلا على الأجزاء غير الخاضعة للتحكيموحدها.
ز- إذا لم تراع هيئة التحكيم الشروط الواجب توافرها في الحكم على نحو أَثّر في مضمونه. أو استند الحكم على إجراءات تحكيم باطلة أنّرتفيه.
-١ تقضي المحكمة المختصة التي تنظر دعوى البطلان من تلقاء نفسها ببطلان حكم التحكيم إذا تضمن ما يخالف أحكام الشريعة الإسلامية والنظام العام في المملكة» أو ما اتفقعليه
طرفا التحكيم؛ أو إذا وجدت أن موضوع النزاع من المسائل التي لا يجوز التحكيم فيها بموجب هذا النظام.
-'٠ لا ينقضي اتفاق التحكيم بصدور حكم المحكمة المختصة ببطلان حكم التحكيم؛ ما لم يكن طرفا التحكيم قد اتفقا على ذلك؛ أو صدر حكم نص على إبطال اتفاقالتحكيم.
5- تنظر المحكمة المختصة في دعوى البطلان في الحالات المشار إليها في هذه المادة » دون أن يكون لها فحص وقائع وموضوعالنزاع.",تفرض على دعوى بطلان حكم التحكيم تكاليف قضائية بما نسبته 1190% من قيمة المبلغ المحكوم به على مدعي البطلان؛ إذا حكم برفض طلبه؛ وبحد أعلى مليون ريال، وفقًا للمادة الخامسة من نظام التكاليف القضائية.,3.76,"وفقًا للمادة الخامسة من نظام التكاليف القضائية، إذا رفضت المحكمة طلب إبطال حكم التحكيم، فإن التكاليف القضائية التي تُفرض على مدعي البطلان将是答案部分，由于原文是阿拉伯语，这里翻译成中文：

根据《司法费用制度》第五条的规定，如果法院驳回了撤销仲裁裁决的请求，那么对提出撤销请求的一方将按照仲裁金额的19%征收司法费用；最高限额为一百万里亚尔。",82.66
Q013,formal_direct,ما الطلبات التي يجوز فرض تكاليف قضائية عليها بما لا يتجاوز عشرة آلاف ريال؟,نظام التكاليف القضائية,المادة السابعة,"(نظام التكاليف القضائية - المادة السابعة)
المادة السابعة
ثفرض على الطلبات الآتية تكاليف قضائية بمبلغ لا يزيد على عشرة آلاف ربالء وفقاً للمعايير والضوابط وقواعد التقدير التي تحددهااللائحة:
"".الطلباتالعارضة.
:.طلباتالرد.
5.طلب أحد الخصوم السير في الدعوى الموقوفة اتفاقاً قبل انتهاء المدة المتفق عليها لوقفالخصومة.
""إطلب تصحيح الحكم أوتفسيرة.
.الطلبات الأخرى التي تحددهااللائحة.

(نظام التكاليف القضائية - المادة الثامنة)
المادة الثامنة
١.تُقرض على الطلبات الآتية تكاليف قضائية بمبلغ لا يزيد على ألف ريال وفقاً للمعايير والضوابط وقواعد التقدير التي تحددهااللائحة:
أ- طلب ذي المصلحة تسليمه نسخة مصدقة من أوراق الدعوى أو سجلاتها -الورقية أو الإلكترونية- أو الوثائق أو الأوراق التي تحت يدالمحكمة.
ب- طلب ذي المصلحة الاطلاع على أوراق الدعوى أو سجلاتها (الورقية أوالإلكترونية).
ج- طلب نسخة بديلة للوثائقالقضائية.
؟. لا تسري أحكام الفقرة )١( من هذه المادة على الطلبات التي تقدم أثناء نظر الدعوى من أطرافها أو المدخلينفيها.

(اللائحة التنفيذية لنظام التكاليف القضائية - المادة الثالثة)
المادة الثالثة
تقدّر التكاليف القضاتية في الدعاوى غير محددة القيمة على النحوالآتي:
-١ الدعاوى الجزائية الخاصة؛ عشرة آلافريال.
؟- الدعاوى التي تُنظر لدى المحاكم التجارية والدوائر التجارية؛ خمسة آلافرياإل.
-'٠"" الدعاوى المستعجلة أيّا كانت المحكمة أو الدائرة التي تنظرها؛ ثلاثة آلافربال.
5- الدعاوى التي تُنظر لدى المحاكم العامة؛ ثلاثة آلافريال.
5- منازعات التنفيذ؛ ثلاثة آلافربال.
""- الدعاوى التي تُنظر لدى المحاكم العمالية والدوائر العمالية؛ ألفاربال.","المادة السابعة من نظام التكاليف القضائية، تنص على أنه تفرض تكاليف قضائية بمبلغ لا يزيد على عشرة آلاف ريال على الطلبات التالية:
1. الطلبات العارضة.
2. طلبات الرد.
3. طلب أحد الخصوم السير في الدعوى الموقوفة اتفاقاً قبل انتهاء المدة المتفق عليها لوقف الخصومة.
4. طلب تصحيح الحكم أو تفسيره.
5. الطلبات الأخرى التي تحددها اللائحة.",5.68,"وفقًا للمادة السابعة من نظام التكاليف القضائية، يجوز فرض تكاليف قضائية على الطلبات الآتية بما لا يتجاوز عشرة آلاف ريال:

1. الطلبات العارضة.
2. طلبات الرد.
3. طلب أحد الخصوم السير في الدعوى الموقوفة اتفاقاً قبل انتهاء المدة المتفق عليها لوقف الخصومة.
4. طلب تصحيح الحكم أو تفسيره.
5. الطلبات الأخرى التي تحددها اللائحة.

رجاءً للاستفسار عن أي طلبات أخرى قد تكون متعلقة بالتكاليف القضائية، يرجى الرجوع إلى اللائحة التنفيذية لنظام التكاليف القضائية أو استشارة محامٍ متخصص.",123.54
Q014,formal_paraphrase,ما التكاليف المقررة على الطلبات العارضة وطلبات الرد وتصحيح الأحكام؟,نظام التكاليف القضائية,المادة السابعة,"(نظام التكاليف القضائية - المادة السابعة)
المادة السابعة
ثفرض على الطلبات الآتية تكاليف قضائية بمبلغ لا يزيد على عشرة آلاف ربالء وفقاً للمعايير والضوابط وقواعد التقدير التي تحددهااللائحة:
"".الطلباتالعارضة.
:.طلباتالرد.
5.طلب أحد الخصوم السير في الدعوى الموقوفة اتفاقاً قبل انتهاء المدة المتفق عليها لوقفالخصومة.
""إطلب تصحيح الحكم أوتفسيرة.
.الطلبات الأخرى التي تحددهااللائحة.

(اللائحة التنفيذية لنظام التكاليف القضائية - المادة السادسة)
المادة السادسة
تُقدّر التكاليف القضائية للطلبات الواردة في المادة (السابعة) من النظام على النحوالآتي:
-١ طلب التماس إعادة النظر؛ عشرة آلافربإل.
-١ طلب النقض؛ سبعة آلافربال.
""- طلب الاستئناف؛ خمسة آلافربإل.
3 - طلب الإدخال من الخصومء» وطلب الردء وطلب تصحيح الحكم أو تفسيره» وطلب وقف تنفيذ الحكم ألفاربال.
5- الطلب العارض؛ ألفربال.
5- طلب أحد الخصوم السير في الدعوى الموقوفة اتفاقاً قبل انتهاء المدة المتفق عليها لوقف الخصومة؛ مائةربال.

(نظام التكاليف القضائية - المادة الثامنة)
المادة الثامنة
١.تُقرض على الطلبات الآتية تكاليف قضائية بمبلغ لا يزيد على ألف ريال وفقاً للمعايير والضوابط وقواعد التقدير التي تحددهااللائحة:
أ- طلب ذي المصلحة تسليمه نسخة مصدقة من أوراق الدعوى أو سجلاتها -الورقية أو الإلكترونية- أو الوثائق أو الأوراق التي تحت يدالمحكمة.
ب- طلب ذي المصلحة الاطلاع على أوراق الدعوى أو سجلاتها (الورقية أوالإلكترونية).
ج- طلب نسخة بديلة للوثائقالقضائية.
؟. لا تسري أحكام الفقرة )١( من هذه المادة على الطلبات التي تقدم أثناء نظر الدعوى من أطرافها أو المدخلينفيها.","وفقًا للمادة السابعة من نظام التكاليف القضائية، تُفرض تكاليف على الطلبات الآتية بمبلغ لا يزيد على عشرة آلاف ريال، وهي:
- الطلبات العارضة.
- طلبات الرد.
- طلب تصحيح الحكم أو تفسيره.

أما المادة السادسة من اللائحة التنفيذية لنظام التكاليف القضائية، فتقدر التكاليف على النحو التالي:
- الطلب العارض: ألف ريال.
- طلب الرد: ألف ريال.
- طلب تصحيح الحكم أو تفسيره: ألف ريال.

إذن، التكاليف المقررة على الطلبات العارضة وطلبات الرد وتصحيح الأحكام هي كالتالي:
- الطلب العارض: ألف ريال.
- طلب الرد: ألف ريال.
- طلب تصحيح الحكم أو تفسيره: ألف ريال.",9.87,"تكاليف الطلبات العارضة وطلبات الرد وتصحيح الأحكام تقدر بمائة ريال وفقاً للمادة السادسة من اللائحة التنفيذية لنظام التكاليف القضائية.

المرجع: (اللائحة التنفيذية لنظام التكاليف القضائية - المادة السادسة)",54.67
Q015,informal,وش الطلبات اللي ممكن رسومها توصل لعشرة آلاف؟,نظام التكاليف القضائية,المادة السابعة,"(اللائحة التنفيذية لنظام التكاليف القضائية - المادة السادسة)
المادة السادسة
تُقدّر التكاليف القضائية للطلبات الواردة في المادة (السابعة) من النظام على النحوالآتي:
-١ طلب التماس إعادة النظر؛ عشرة آلافربإل.
-١ طلب النقض؛ سبعة آلافربال.
""- طلب الاستئناف؛ خمسة آلافربإل.
3 - طلب الإدخال من الخصومء» وطلب الردء وطلب تصحيح الحكم أو تفسيره» وطلب وقف تنفيذ الحكم ألفاربال.
5- الطلب العارض؛ ألفربال.
5- طلب أحد الخصوم السير في الدعوى الموقوفة اتفاقاً قبل انتهاء المدة المتفق عليها لوقف الخصومة؛ مائةربال.

(نظام التكاليف القضائية - المادة السابعة)
المادة السابعة
ثفرض على الطلبات الآتية تكاليف قضائية بمبلغ لا يزيد على عشرة آلاف ربالء وفقاً للمعايير والضوابط وقواعد التقدير التي تحددهااللائحة:
"".الطلباتالعارضة.
:.طلباتالرد.
5.طلب أحد الخصوم السير في الدعوى الموقوفة اتفاقاً قبل انتهاء المدة المتفق عليها لوقفالخصومة.
""إطلب تصحيح الحكم أوتفسيرة.
.الطلبات الأخرى التي تحددهااللائحة.

(اللائحة التنفيذية لنظام التكاليف القضائية - المادة الثالثة)
المادة الثالثة
تقدّر التكاليف القضاتية في الدعاوى غير محددة القيمة على النحوالآتي:
-١ الدعاوى الجزائية الخاصة؛ عشرة آلافريال.
؟- الدعاوى التي تُنظر لدى المحاكم التجارية والدوائر التجارية؛ خمسة آلافرياإل.
-'٠"" الدعاوى المستعجلة أيّا كانت المحكمة أو الدائرة التي تنظرها؛ ثلاثة آلافربال.
5- الدعاوى التي تُنظر لدى المحاكم العامة؛ ثلاثة آلافريال.
5- منازعات التنفيذ؛ ثلاثة آلافربال.
""- الدعاوى التي تُنظر لدى المحاكم العمالية والدوائر العمالية؛ ألفاربال.","وفقًا للمادة السادسة من اللائحة التنفيذية لنظام التكاليف القضائية، الطلبات التي يمكن أن تصل رسومها إلى عشرة آلاف ريال هي:
- طلب التماس إعادة النظر.
- طلب النقض.
- طلب الإدخال من الخصوم.
- طلب الرد.
- طلب تصحيح الحكم أو تفسيره.
- طلب وقف تنفيذ الحكم.
- الطلب العارض.
- طلب أحد الخصوم السير في الدعوى الموقوفة اتفاقًا قبل انتهاء المدة المتفق عليها لوقف الخصومة.",7.15,"وفقًا لللائحة التنفيذية لنظام التكاليف القضائية - المادة السادسة، يمكن أن تصل رسوم الطلبات إلى عشرة آلاف ريال في الحالات التالية:

- طلب التماس إعادة النظر.
- طلب النقض.

هذه هي الحالات المحددة في اللائحة التي تؤدي إلى تكاليف قضائية تصل إلى عشرة آلاف ريال.",62.2
Q016,formal_direct,ما التكاليف القضائية المتعلقة بطلب نسخ أو الاطلاع على أوراق الدعوى؟,نظام التكاليف القضائية,المادة الثامنة,"(اللائحة التنفيذية لنظام التكاليف القضائية - المادة السابعة)
المادة السابعة
تكون التكاليف القضائية لكل طلب من الطلبات الواردة في المادة (الثامنة) من النظام على النحوالآتي:
-١ طلب ذي المصلحة الاطلاع على أوراق الدعوى أو سجلاتها - الورقية أو الإلكترونيق؛ خمسونريالاً.
- طلب نسخة بديلة للوثائق القضائية؛ مائةربإل.
3 ا الات ىل اهء 3 1 جا و اك04
الفصل الثالث: التقدير النهائي للتكاليف القضائيه»وتحصيلها

(نظام التكاليف القضائية - المادة الثامنة)
المادة الثامنة
١.تُقرض على الطلبات الآتية تكاليف قضائية بمبلغ لا يزيد على ألف ريال وفقاً للمعايير والضوابط وقواعد التقدير التي تحددهااللائحة:
أ- طلب ذي المصلحة تسليمه نسخة مصدقة من أوراق الدعوى أو سجلاتها -الورقية أو الإلكترونية- أو الوثائق أو الأوراق التي تحت يدالمحكمة.
ب- طلب ذي المصلحة الاطلاع على أوراق الدعوى أو سجلاتها (الورقية أوالإلكترونية).
ج- طلب نسخة بديلة للوثائقالقضائية.
؟. لا تسري أحكام الفقرة )١( من هذه المادة على الطلبات التي تقدم أثناء نظر الدعوى من أطرافها أو المدخلينفيها.

(نظام التكاليف القضائية - المادة الثالثةعشرة)
المادة الثالثةعشرة
١.يتحمل المحكوم عليه قيمة التكاليف القضائية المقررة للدعوى والطلبات المتصلة بها أو قسطأ منهاء ما لم ينص النظام أو اللائحة على غير ذلك» وذلك دون إخلال بحق ذويالشأن
في المطالبة بالتعويض. وفي حال كان المدعي غير محق في جزء من طلباته» فيتحمل قسط ذلكالجزء.
؟.إذا انتهت الدعوى بالصلح فيتحمل أطراف الدعوى التكاليف القضائية بالتساويء ما لم يتفقوا على غيرذلك.","وفقًا للمادة السابعة من اللائحة التنفيذية لنظام التكاليف القضائية، تكون التكاليف القضائية لكل طلب من الطلبات الواردة في المادة الثامنة من نظام التكاليف القضائية على النحو التالي:
- طلب ذي المصلحة الاطلاع على أوراق الدعوى أو سجلاتها - الورقية أو الإلكترونية؛ خمسون ريالاً.
- طلب نسخة بديلة للوثائق القضائية؛ مائة ريال.

أما المادة الثامنة من نظام التكاليف القضائية فتحدد التكاليف القضائية لكل طلب من الطلبات على النحو التالي:
- طلب ذي المصلحة تسليمه نسخة مصدقة من أوراق الدعوى أو سجلاتها - الورقية أو الإلكترونية - أو الوثائق أو الأوراق التي تحت يد المحكمة؛ مبلغ لا يزيد على ألف ريال.
- طلب ذي المصلحة الاطلاع على أوراق الدعوى أو سجلاتها (الورقية أو الإلكترونية)؛ مبلغ لا يزيد على ألف ريال.
- طلب نسخة بديلة للوثائق القضائية؛ مبلغ لا يزيد على ألف ريال.

كما تنص المادة الثالثة عشرة من نظام التكاليف القضائية على أن يتحمل المحكوم عليه قيمة التكاليف القضائية المقررة للدعوى والطلبات المتصلة بها أو قسطًا منها، ما لم ينص النظام أو اللائحة على غير ذلك، وذلك دون إخلال بحق ذوي الشأن في المطالبة بالتعويض. وفي حال كان المدعي غير محق في جزء من طلباته، فيتحمل قسط ذلك الجزء. وإذا انتهت الدعوى بالصلح، فيتحمل أطراف الدعوى التكاليف القضائية بالتساوي",18.51,"تتعلق التكاليف القضائية بطلب نسخ أو الاطلاع على أوراق الدعوى كما يلي:

وفقاً للمادة السابعة من اللائحة التنفيذية لنظام التكاليف القضائية:
- طلب ذي المصلحة الاطلاع على أوراق الدعوى أو سجلاتها (الورقية أو الإلكترونية): خمسون ريالاً.
- طلب نسخة بديلة للوثائق القضائية: مائة ريالاً.

وفقاً للمادة الثامنة من نظام التكاليف القضائية:
- تُقرض على الطلبات المتعلقة بطلب تسليم نسخة مصدقة من أوراق الدعوى أو سجلاتها، أو الاطلاع عليها، أو طلب نسخة بديلة للوثائق القضائية تكاليف قضائية بمبلغ لا يزيد على ألف ريال وفقاً للمعايير والضوابط وقواعد التقدير التي تحددها اللائحة.",153.16
Q017,formal_paraphrase,هل تفرض تكاليف على الحصول على نسخة مصدقة من مستندات القضية؟,نظام التكاليف القضائية,المادة الثامنة,"(نظام التكاليف القضائية - المادة الثامنة)
المادة الثامنة
١.تُقرض على الطلبات الآتية تكاليف قضائية بمبلغ لا يزيد على ألف ريال وفقاً للمعايير والضوابط وقواعد التقدير التي تحددهااللائحة:
أ- طلب ذي المصلحة تسليمه نسخة مصدقة من أوراق الدعوى أو سجلاتها -الورقية أو الإلكترونية- أو الوثائق أو الأوراق التي تحت يدالمحكمة.
ب- طلب ذي المصلحة الاطلاع على أوراق الدعوى أو سجلاتها (الورقية أوالإلكترونية).
ج- طلب نسخة بديلة للوثائقالقضائية.
؟. لا تسري أحكام الفقرة )١( من هذه المادة على الطلبات التي تقدم أثناء نظر الدعوى من أطرافها أو المدخلينفيها.

(اللائحة التنفيذية لنظام التكاليف القضائية - المادة السابعة)
المادة السابعة
تكون التكاليف القضائية لكل طلب من الطلبات الواردة في المادة (الثامنة) من النظام على النحوالآتي:
-١ طلب ذي المصلحة الاطلاع على أوراق الدعوى أو سجلاتها - الورقية أو الإلكترونيق؛ خمسونريالاً.
- طلب نسخة بديلة للوثائق القضائية؛ مائةربإل.
3 ا الات ىل اهء 3 1 جا و اك04
الفصل الثالث: التقدير النهائي للتكاليف القضائيه»وتحصيلها

(نظام التكاليف القضائية - المادة الثالثة)
المادة الثالثة
تفرض تكاليف قضائية على الدعوى بمبلغ لا يزيد على ما نسبته (590) من قيمة المطالبة» وبحد أعلى مبلغ مليون ريال. وتحدد اللائحة معايير تقدير التكاليف القضائيةوالضوابط
والقواعد المنظمةلذلك.","نعم، تفرض تكاليف على الحصول على نسخة مصدقة من مستندات الدعوى وفقاً للمادة الثامنة من نظام التكاليف القضائية، حيث تُقرض تكاليف لا تزيد على ألف ريال. 

(نظام التكاليف القضائية - المادة الثامنة)",3.45,نعم، تفرض تكاليف على الحصول على نسخة مصدقة من مستندات القضية. وفقًا للمادة الثامنة من نظام التكاليف القضائية، يمكن قرض تكاليف قضائية لا تتجاوز ألف ريال لطلبات مثل طلب الحصول على نسخة مصدقة من أوراق الدعوى أو سجلاتها.,59.11
Q018,informal,إذا أبي نسخة من أوراق القضية أو أطلع عليها، فيه رسوم؟,نظام التكاليف القضائية,المادة الثامنة,"(نظام التكاليف القضائية - المادة الثامنة)
المادة الثامنة
١.تُقرض على الطلبات الآتية تكاليف قضائية بمبلغ لا يزيد على ألف ريال وفقاً للمعايير والضوابط وقواعد التقدير التي تحددهااللائحة:
أ- طلب ذي المصلحة تسليمه نسخة مصدقة من أوراق الدعوى أو سجلاتها -الورقية أو الإلكترونية- أو الوثائق أو الأوراق التي تحت يدالمحكمة.
ب- طلب ذي المصلحة الاطلاع على أوراق الدعوى أو سجلاتها (الورقية أوالإلكترونية).
ج- طلب نسخة بديلة للوثائقالقضائية.
؟. لا تسري أحكام الفقرة )١( من هذه المادة على الطلبات التي تقدم أثناء نظر الدعوى من أطرافها أو المدخلينفيها.

(اللائحة التنفيذية لنظام التكاليف القضائية - المادة السابعة)
المادة السابعة
تكون التكاليف القضائية لكل طلب من الطلبات الواردة في المادة (الثامنة) من النظام على النحوالآتي:
-١ طلب ذي المصلحة الاطلاع على أوراق الدعوى أو سجلاتها - الورقية أو الإلكترونيق؛ خمسونريالاً.
- طلب نسخة بديلة للوثائق القضائية؛ مائةربإل.
3 ا الات ىل اهء 3 1 جا و اك04
الفصل الثالث: التقدير النهائي للتكاليف القضائيه»وتحصيلها

(اللائحة التنفيذية لنظام المحاكم التجارية - المادة التاسعة والأربعون)
المادة التاسعة والأربعون : إتاحة اطلاع العموم على بيانات الدعاوىالتجارية
يشمل الاطلاع على أوراق القضية الاطلاع على نسخ الأحكام والقرارات الصادرةفيها.","نعم، هناك رسوم. وفقًا للمادة الثامنة من نظام التكاليف القضائية، تُفرض تكاليف قضائية على الطلبات التالية بمبلغ لا يزيد على ألف ريال، وتشمل:
- طلب ذي المصلحة الاطلاع على أوراق الدعوى أو سجلاتها (الورقية أو الإلكترونية).
- طلب نسخة بديلة للوثائق القضائية.

أما المادة السابعة من اللائحة التنفيذية لنظام التكاليف القضائية فتحدد التكاليف لكل طلب على النحو التالي:
- طلب ذي المصلحة الاطلاع على أوراق الدعوى أو سجلاتها (الورقية أو الإلكترونية)؛ خمسون ريالاً.
- طلب نسخة بديلة للوثائق القضائية؛ مائة ريال.

لذا، إذا أردت نسخة من أوراق القضية أو الاطلاع عليها، ستُفرض عليك رسوم وفقًا للمعايير والضوابط التي تحددها اللائحة التنفيذية لنظام التكاليف القضائية.",10.41,"نعم، إذا أطلعت على أوراق القضية أو طلبت نسخة منها، فهناك رسوم قانونية. وفقًا للمادة الثامنة من نظام التكاليف القضائية:

أ- طلب ذي المصلحة الاطلاع على أوراق الدعوى أو سجلاتها (الورقية أو الإلكترونية). تكون التكاليف القضائية خمسون ريالاً (وفقاً للمادة السابعة من اللائحة التنفيذية لنظام التكاليف القضائية).

ب- طلب ذي المصلحة تسليمه نسخة مصدقة من أوراق الدعوى أو سجلاتها (الورقية أو الإلكترونية). تكون التكاليف القضائية مائة ريال (وفقاً للمادة السابعة من اللائحة التنفيذية لنظام التكاليف القضائية).",132.4
Q019,formal_direct,كيف تتأثر التكاليف القضائية عند تغير قيمة الدعوى؟,نظام التكاليف القضائية,المادة التاسعة,"(نظام التكاليف القضائية - المادة التاسعة)
المادة التاسعة
إذا ترتب على الطلب تغير في تقدير قيمة الدعوى سواء بالزيادة أو النقص» فتُحسب التكاليف القضائية للدعوى بناء على تقدير القيمة الجديدة لهاء وذلك مع عدم الإخلالبالتكاليف
القضائية المحددة للطلبذاته.

(اللائحة التنفيذية لنظام التكاليف القضائية - المادة الثانية)
المادة الثانية
-١ مع مراعاة ما تقضي به المادة (الثالثة) من النظامء تُقدّر التكاليف القضائية للدعوى المحددة القيمة؛ على أساس نسبة من قيمة المطالبة فيهاء وذلك على النحوالآتي:
3 نسبة (9/05) إذا كانت قيمة المطالبة أقل من مائة ألفربال.
ب- نسبة (905) إذا كانت قيمة المطالبة مائة ألف ربإل فأكثرء وتقل عن خمسمائة ألفربال.
ج- نسبة (907) إذا كانت قيمة المطالبة خمسمائة ألف ريال فأكثرء وتقل عن مليونربال.
د- نسبة (907) إذا كانت قيمة المطالبة مليون ربإلفأعلى.
؟- تُحدد قيمة المطالبة على النحوالآتي:
أ- فيما يتعلق بالدعاوى المالية» تحدد على أساس المبلغ الذي يطلب المدعي الحكمبه.
اب- في الدعاوى المتعلقة بإثنبات صحة عقد أو فسخه أو إبطاله أو الإلزام بتنفيذه» تُحدد على أساس قيمة الشسيء المتنازع عليه وفقاً لقيمته المحددة فيالعقد.
ج- في الدعاوى المتعلقة بمنازعات ملكية عقار؛ تُحدد على أساس قيمة العقار عند رفع الدعوىء وتُحدد قيمة العقار بناء على البيانات التاريخية - الموثقة لدى وزارة العدل -لقيمة
مبايعات هذا العقار والعقارات المجاورة له» ونحو ذلك من الوسائل الأخرى التي ثُمكن الوزارة من تحليلقيمته.

(نظام التكاليف القضائية - المادة الثالثةعشرة)
المادة الثالثةعشرة
١.يتحمل المحكوم عليه قيمة التكاليف القضائية المقررة للدعوى والطلبات المتصلة بها أو قسطأ منهاء ما لم ينص النظام أو اللائحة على غير ذلك» وذلك دون إخلال بحق ذويالشأن
في المطالبة بالتعويض. وفي حال كان المدعي غير محق في جزء من طلباته» فيتحمل قسط ذلكالجزء.
؟.إذا انتهت الدعوى بالصلح فيتحمل أطراف الدعوى التكاليف القضائية بالتساويء ما لم يتفقوا على غيرذلك.","وفقًا للمادة التاسعة من نظام التكاليف القضائية، إذا ترتب على الطلب تغير في تقدير قيمة الدعوى سواء بالزيادة أو النقص، فتُحسب التكاليف القضائية للدعوى بناءً على تقدير القيمة الجديدة لها، وذلك مع عدم الإخلال بالتكاليف القضائية المحددة للطلب ذاته. 

أما المادة الثانية من اللائحة التنفيذية لنظام التكاليف القضائية، فتوضح كيفية تحديد قيمة المطالبة في الدعاوى، حيث تُقدّر التكاليف القضائية للدعوى المحددة القيمة بناءً على نسبة من قيمة المطالبة فيها، وذلك على النحو التالي:
- نسبة (9/05) إذا كانت قيمة المطالبة أقل من مائة ألف ريال.
- نسبة (905) إذا كانت قيمة المطالبة مائة ألف ريال فأكثر وتقل عن خمسمائة ألف ريال.
- نسبة (907) إذا كانت قيمة المطالبة خمسمائة ألف ريال فأكثر وتقل عن مليون ريال.
- نسبة (907) إذا كانت قيمة المطالبة مليون ريال فأكثر.

وتُحدد قيمة المطالبة على النحو التالي:
- فيما يتعلق بالدعاوى المالية، تُحدد على أساس المبلغ الذي يطلب المدعي الحكم به.
- في الدعاوى المتعلقة بإثبات صحة عقد أو فسخه أو إبطاله أو الإلزام بتنفيذه، تُحدد على أساس قيمة الشيء المتنازع عليه وفقًا لقيمته المحددة في العقد.
- في",17.11,تتأثر التكاليف القضائية عند تغير قيمة الدعوى بناءً على تقدير القيمة الجديدة للدعوى. ويتم حساب التكاليف القضائية للدعوى الجديدة بناءً على النسبة المئوية المحددة وفقًا لقيمة الدعوى الجديدة (راجع نظام التكاليف القضائية - المادة التاسعة).,59.23
Q020,formal_paraphrase,كيف يعاد احتساب التكاليف عند زيادة أو نقصان قيمة المطالبة؟,نظام التكاليف القضائية,المادة التاسعة,"(نظام التكاليف القضائية - المادة التاسعة)
المادة التاسعة
إذا ترتب على الطلب تغير في تقدير قيمة الدعوى سواء بالزيادة أو النقص» فتُحسب التكاليف القضائية للدعوى بناء على تقدير القيمة الجديدة لهاء وذلك مع عدم الإخلالبالتكاليف
القضائية المحددة للطلبذاته.

(اللائحة التنفيذية لنظام التكاليف القضائية - المادة الثانية)
المادة الثانية
-١ مع مراعاة ما تقضي به المادة (الثالثة) من النظامء تُقدّر التكاليف القضائية للدعوى المحددة القيمة؛ على أساس نسبة من قيمة المطالبة فيهاء وذلك على النحوالآتي:
3 نسبة (9/05) إذا كانت قيمة المطالبة أقل من مائة ألفربال.
ب- نسبة (905) إذا كانت قيمة المطالبة مائة ألف ربإل فأكثرء وتقل عن خمسمائة ألفربال.
ج- نسبة (907) إذا كانت قيمة المطالبة خمسمائة ألف ريال فأكثرء وتقل عن مليونربال.
د- نسبة (907) إذا كانت قيمة المطالبة مليون ربإلفأعلى.
؟- تُحدد قيمة المطالبة على النحوالآتي:
أ- فيما يتعلق بالدعاوى المالية» تحدد على أساس المبلغ الذي يطلب المدعي الحكمبه.
اب- في الدعاوى المتعلقة بإثنبات صحة عقد أو فسخه أو إبطاله أو الإلزام بتنفيذه» تُحدد على أساس قيمة الشسيء المتنازع عليه وفقاً لقيمته المحددة فيالعقد.
ج- في الدعاوى المتعلقة بمنازعات ملكية عقار؛ تُحدد على أساس قيمة العقار عند رفع الدعوىء وتُحدد قيمة العقار بناء على البيانات التاريخية - الموثقة لدى وزارة العدل -لقيمة
مبايعات هذا العقار والعقارات المجاورة له» ونحو ذلك من الوسائل الأخرى التي ثُمكن الوزارة من تحليلقيمته.

(اللائحة التنفيذية لنظام التكاليف القضائية - المادة الخامسة)
المادة الخامسة
تقدّر التكاليف القضائية لطلب التنفيذ المباشر بمبلغ قدره خمسمائة ريال» وفيما يتعلق بباقي طلبات التنفيذ فتقدر التكاليف القضائية بنسبة اثنين في المائة (؟90) من قيمة المطالبةعلى
ألا تقل هذه التكاليف عن خمسمائة ريال ولا تزيد على عشرة آلافريال.
ويتحمل المنفذ ضده التكاليف القضائية لطلب التنفيذ ما لم يتبت أن طالب التنفيذ غير مستحق لمطالبته» فيتحمل طالب التنفيذ كامل التكاليف القضائية» وإذا كان طالب التنفيذغير
مستحق لجزء من مطالبته» فيتحمل من التكاليف القضائية بقدر هذاالجزء.","وفقًا للمادة التاسعة من نظام التكاليف القضائية، إذا ترتب على الطلب تغير في تقدير قيمة الدعوى سواء بالزيادة أو النقص، فتُحسب التكاليف القضائية للدعوى بناءً على تقدير القيمة الجديدة لها، وذلك مع عدم الإخلال بالتكاليف القضائية المحددة للطلب ذاته. 

المصدر:
نظام التكاليف القضائية - المادة التاسعة.",4.93,تُحسب التكاليف القضائية للدعوى بناء على تقدير القيمة الجديدة للمطالبة في حالة تغير قيمة الدعوى بالزيادة أو النقصان، مع عدم الإخلال بالتكاليف القضائية المحددة للطلب نفسه. وهذا وفقًا للمادة التاسعة من نظام التكاليف القضائية.,56.31
Q021,informal,إذا تغير مبلغ المطالبة تتغير الرسوم بعد؟,نظام التكاليف القضائية,المادة التاسعة,"(نظام التكاليف القضائية - المادة التاسعة)
المادة التاسعة
إذا ترتب على الطلب تغير في تقدير قيمة الدعوى سواء بالزيادة أو النقص» فتُحسب التكاليف القضائية للدعوى بناء على تقدير القيمة الجديدة لهاء وذلك مع عدم الإخلالبالتكاليف
القضائية المحددة للطلبذاته.

(اللائحة التنفيذية لنظام المحاكم التجارية - المادة السابعة والثلاثون بعدالمائتين)
المادة السابعة والثلاثون بعدالمائتين:
يقصد بالدعاوى اليسيرة - المنصوص عليها في الفقرة ("") من المادة الثامنة من النظام -الآتي:
أ- الدعاوى الواردة في الفقرتين )١( و(؟) من المادة السادسة عشرة من النظام إذا كانت قيمة المطالبة الأصلية لا تزيد على مليون ربال؛» عدا الدعاوى الناشئة عن مقاولاتالإنشاء.
ب - الدعاوى المقامة بناءً على الفقرتين (8) و(1) من المادة السادسة عشرة من النظام أياً كان مبلغ المطالبة فيهاء متى اتصلت بإحدى الدعاوى المنصوص عليهافي
الفقرة (أ) من هذهالمادة .

(نظام الأحوال الشخصية - المادة الثامنةوالأربعون)
المادة الثامنةوالأربعون
-١ مع مراعاة ما تقضي به المادة (السادسة والأربعون ) من هذا النظام» يجوز زيادة النفقة أو إنقاصها تبعاً لتغيرالأحوال.
-١ لا تُسمع دعوى زيادة النفقة أو إنقاصها قبل مضي (سنة) من تاريخ صدور الحكم بالنفقة إلا في الظروف الاستثنائية التي تقدرهاالمحكمة.
- تُحستب زيادة النفقة أو نقصانها اعتباراً من تاريخ صدورالحكم.","بناءً على نظام التكاليف القضائية في المادة التاسعة، إذا ترتب على الطلب تغير في تقدير قيمة الدعوى سواء بالزيادة أو النقص، فتُحسب التكاليف القضائية للدعوى بناءً على تقدير القيمة الجديدة لها، وذلك مع عدم الإخلال بالتكاليف القضائية المحددة للطلب ذاته. 

إذن، إذا تغير مبلغ المطالبة، فإن الرسوم قد تتغير وفقًا لتقدير قيمة الدعوى الجديدة، مع الالتزام بالتكاليف المحددة للطلب نفسه.",5.89,نعم، إذا تغير مبلغ المطالبة، فإن الرسوم القضائية تتغير بناءً على تقدير القيمة الجديدة للدعوى. هذا وفقًا للمادة التاسعة من نظام التكاليف القضائية.,37.92
Q022,formal_direct,ما الدعاوى التي يجب فيها اللجوء إلى المصالحة أو الوساطة قبل قيد الدعوى؟,اللائحة التنفيذية لنظام المحاكم التجارية,المادة الثامنة والخمسون,"(اللائحة التنفيذية لنظام المحاكم التجارية - المادة الثامنة والخمسون)
المادة الثامنة والخمسون : الدعاوى التي يجب فيها سبق اللجوء للمصالحةوالوساطة
يجب اللجوء إلى المصالحة والوساطة قبل قيد أي من الدعاوىالآتية:
أ- الدعاوى المنصوص عليها في الفقرة (؟) من المادة السادسة عشرة منالنظام.
ب - الدعاوى المنصوص عليها في الفقرة )١( من المادة الحادية عشرة مناللائحة.
ج - الدعاوى التي يكون أطرافها زوجين» أو تربطهم صلة قرابة إلى الدرجةالرابعة.
د - الدعاوى المتعلقة بالعقود التي تتضمن الاتفاق - كتابة - على اللجوء إلى المصالحة والوساطة والتسوية الودية قبل اللجوء إلىالقضاء.

(اللائحة التنفيذية لنظام المحاكم التجارية - المادة التاسعة والخمسون)
المادة التاسعة والخمسون : الدعاوى التي يجب فيها سبق اللجوء للمصالحةوالوساطة
-١ يتحقق سبق اللجوء إلى المصالحة بتقديم وثيقة بانتهاء المصالحة بغير صلح أو بصلح في بعض المنازعة:» أو تقديم ما يثبت البدء في إجراءات المصالحة ومضي المدة المحددةفي
الفقرة )١( من المادة الثامنة من النظام» ولا يحول قيد الدعوى دون استمرار عملية المصالحةوالوساطة.
-١ تطبق أحكام المادة الحادية والعشرين من النظام في حال عدم تقديم المدعي ما نصت عليه الفقرة )١( من هذهالمادة .

(نظام المحاكم التجارية - المادة الثامنة)
المادة الثامنة
تحدد اللائحةالآتي:
١.إجراءات المصالحة والوساطة؛ بما في ذلك الدعاوى التي يجب أن يسبق نظرّها اللجوع إلى المصالحة والوساطة؛» على ألا تزيد مدة تلك الإجراءات على (ثلاثين) يوماً منتاريخ
البدء فيهاء ما لم تتفق الأطراف على مدةأطول.
؟.إجراءات الدعاوى الجماعية» على أن تتضمن تحديدها وإجراءات نظرها والحكمفيها.
"".إجراءات الدعاوى اليسيرة» على أن تتضمن تحديدها وإجراءات نظرها والحكمفيها.","وفقًا للمادة الثامنة والخمسين من اللائحة التنفيذية لنظام المحاكم التجارية، يجب اللجوء إلى المصالحة أو الوساطة قبل قيد الدعاوى التالية:
- الدعاوى المنصوص عليها في الفقرة (أ) من المادة السادسة عشرة من نظام المحاكم التجارية.
- الدعاوى المنصوص عليها في الفقرة (1) من المادة الحادية عشرة من اللائحة التنفيذية لنظام المحاكم التجارية.
- الدعاوى التي يكون أطرافها زوجين أو تربطهم صلة قرابة إلى الدرجة الرابعة.
- الدعاوى المتعلقة بالعقود التي تتضمن الاتفاق - كتابة - على اللجوء إلى المصالحة أو الوساطة والتسوية الودية قبل اللجوء إلى القضاء.

كما يجب تقديم وثيقة بانتهاء المصالحة بغير صلح أو بصلح في بعض المنازعة، أو تقديم ما يثبت البدء في إجراءات المصالحة ومضي المدة المحددة في الفقرة (1) من المادة الثامنة من نظام المحاكم التجارية، ولا يحول قيد الدعوى دون استمرار عملية المصالحة أو الوساطة.",11.46,"الدعاوى التي يجب فيها اللجوء إلى المصالحة أو الوساطة قبل قيد الدعوى وفقًا للمادة الثامنة والخمسون من اللائحة التنفيذية لنظام المحاكم التجارية هي:

أ- الدعاوى المنصوص عليها في الفقرة (؟) من المادة السادسة عشرة من النظام.
ب - الدعاوى المنصوص عليها في الفقرة (١) من المادة الحادية عشرة من اللائحة.
ج - الدعاوى التي يكون أطرافها زوجين» أو تربطهم صلة قرابة إلى الدرجة الرابعة.
د - الدعاوى المتعلقة بالعقود التي تتضمن الاتفاق - كتابة - على اللجوء إلى المصالحة والوساطة والتسوية الودية قبل اللجوء إلى القضاء.

رجاءً لاحظ أن الرقم في الفقرة (؟) من المادة السادسة عشرة من النظام غير واضح في النص المقدم، وقد تحتاج إلى الرجوع إلى النص الكامل للمادة السادسة عشرة للحصول على المعلومات الدقيقة.",156.07
Q023,formal_paraphrase,متى يكون سبق المصالحة أو الوساطة شرطًا قبل رفع الدعوى التجارية؟,اللائحة التنفيذية لنظام المحاكم التجارية,المادة الثامنة والخمسون,"(اللائحة التنفيذية لنظام المحاكم التجارية - المادة الثامنة والخمسون)
المادة الثامنة والخمسون : الدعاوى التي يجب فيها سبق اللجوء للمصالحةوالوساطة
يجب اللجوء إلى المصالحة والوساطة قبل قيد أي من الدعاوىالآتية:
أ- الدعاوى المنصوص عليها في الفقرة (؟) من المادة السادسة عشرة منالنظام.
ب - الدعاوى المنصوص عليها في الفقرة )١( من المادة الحادية عشرة مناللائحة.
ج - الدعاوى التي يكون أطرافها زوجين» أو تربطهم صلة قرابة إلى الدرجةالرابعة.
د - الدعاوى المتعلقة بالعقود التي تتضمن الاتفاق - كتابة - على اللجوء إلى المصالحة والوساطة والتسوية الودية قبل اللجوء إلىالقضاء.

(نظام المحاكم التجارية - المادة الثامنة)
المادة الثامنة
تحدد اللائحةالآتي:
١.إجراءات المصالحة والوساطة؛ بما في ذلك الدعاوى التي يجب أن يسبق نظرّها اللجوع إلى المصالحة والوساطة؛» على ألا تزيد مدة تلك الإجراءات على (ثلاثين) يوماً منتاريخ
البدء فيهاء ما لم تتفق الأطراف على مدةأطول.
؟.إجراءات الدعاوى الجماعية» على أن تتضمن تحديدها وإجراءات نظرها والحكمفيها.
"".إجراءات الدعاوى اليسيرة» على أن تتضمن تحديدها وإجراءات نظرها والحكمفيها.

(اللائحة التنفيذية لنظام المحاكم التجارية - المادة التاسعة والخمسون)
المادة التاسعة والخمسون : الدعاوى التي يجب فيها سبق اللجوء للمصالحةوالوساطة
-١ يتحقق سبق اللجوء إلى المصالحة بتقديم وثيقة بانتهاء المصالحة بغير صلح أو بصلح في بعض المنازعة:» أو تقديم ما يثبت البدء في إجراءات المصالحة ومضي المدة المحددةفي
الفقرة )١( من المادة الثامنة من النظام» ولا يحول قيد الدعوى دون استمرار عملية المصالحةوالوساطة.
-١ تطبق أحكام المادة الحادية والعشرين من النظام في حال عدم تقديم المدعي ما نصت عليه الفقرة )١( من هذهالمادة .","وفقًا للمادة الثامنة والخمسين من اللائحة التنفيذية لنظام المحاكم التجارية، يجب اللجوء إلى المصالحة والوساطة قبل قيد أي من الدعاوى التالية:
- الدعاوى المنصوص عليها في الفقرة (أ) من المادة السادسة عشرة من نظام المحاكم التجارية.
- الدعاوى المنصوص عليها في الفقرة (1) من المادة الحادية عشرة من اللائحة التنفيذية لنظام المحاكم التجارية.
- الدعاوى التي يكون أطرافها زوجين أو تربطهم صلة قرابة إلى الدرجة الرابعة.
- الدعاوى المتعلقة بالعقود التي تتضمن الاتفاق - كتابة - على اللجوء إلى المصالحة والوساطة والتسوية الودية قبل اللجوء إلى القضاء.

كما أن المادة التاسعة والخمسين من اللائحة التنفيذية لنظام المحاكم التجارية توضح أنه يتحقق سبق اللجوء إلى المصالحة بتقديم وثيقة بانتهاء المصالحة بغير صلح أو بصلح في بعض المنازعة، أو تقديم ما يثبت البدء في إجراءات المصالحة ومضي المدة المحددة في الفقرة (1) من المادة الثامنة من النظام. ولا يحول قيد الدعوى دون استمرار عملية المصالحة والوساطة.

وتطبق أحكام المادة الحادية والعشرين من النظام في حال عدم تقديم المدعي ما نصت عليه الفقرة (1) من المادة التاسعة والخمسين.",14.81,يجب اللجوء إلى المصالحة والوساطة قبل قيد الدعاوى المنصوص عليها في الفقرة (؟) من المادة السادسة عشرة من نظام المحاكم التجارية، وفقًا للمادة الثامنة والخمسون من اللائحة التنفيذية لنظام المحاكم التجارية.,49.45
Q024,informal,متى لازم أحاول أصلح أو أتوسط قبل ما أرفع القضية؟,اللائحة التنفيذية لنظام المحاكم التجارية,المادة الثامنة والخمسون,"(نظام المرافعات الشرعية - المادة السادسةوالستون)
المادة السادسةوالستون
على القاضي أن يسأل المدعي عما هو لازم لتحرير دعواه قبل استجواب المدعى عليه؛ وليس له السير فيها قبل ذلك» وإذا عجز المدعي عن تحريرها أو امتنع عن ذلك؛فيحكم
القاضي بصرف النظر عنالدعوى.

(قواعد العمل في مكاتب المصالحة وإجراءاته - المادة الرابعة)
المادة الرابعة: حيادالمصلح
لا يجوز للمصلح تولي المصالحة في الأحوال التي تؤثر على حياده واستقلاله إلا بعد الإفصاح لإدارة المكتب ولجميع أطراف المصالحة وقبولهم به خطيّاء ومن تلكالأحوال:
١.إذا كان للمصلح أو زوجته أو أقاربه أو أصهاره إلى الدرجة الرابعة مصلحة قائمة أو محتملة في المنازعة» كوجود علاقة مهنية له أو شراكة مع أحد الأطراف سواء أكانت قائمةأم
منتهية» أو وجود مصلحة له شخصية أو مالية في مخرجات المصالحة»؛ أو أي سبب آخر يمكن أن يؤثر في استقلالهوحياده.
؟.إذا كان قد سبق له الترافع عن أحد الأطراف في المنازعة» أو الإفتاء فيهاء أو النظر فيها خبيرًا أو محكّمّاء أو أدى شهادة فيهاء أو باشر إجراء من إجراءات التحقيقفيها.

(اللائحة التنفيذية لنظام المحاكم التجارية - المادة الثامنة والخمسون)
المادة الثامنة والخمسون : الدعاوى التي يجب فيها سبق اللجوء للمصالحةوالوساطة
يجب اللجوء إلى المصالحة والوساطة قبل قيد أي من الدعاوىالآتية:
أ- الدعاوى المنصوص عليها في الفقرة (؟) من المادة السادسة عشرة منالنظام.
ب - الدعاوى المنصوص عليها في الفقرة )١( من المادة الحادية عشرة مناللائحة.
ج - الدعاوى التي يكون أطرافها زوجين» أو تربطهم صلة قرابة إلى الدرجةالرابعة.
د - الدعاوى المتعلقة بالعقود التي تتضمن الاتفاق - كتابة - على اللجوء إلى المصالحة والوساطة والتسوية الودية قبل اللجوء إلىالقضاء.","يجب اللجوء إلى المصالحة والوساطة قبل قيد أي من الدعاوى المنصوص عليها في الفقرة (أ) من المادة الثامنة والخمسين من اللائحة التنفيذية لنظام المحاكم التجارية. 
المادة الثامنة والخمسين: الدعاوى التي يجب فيها سبق اللجوء للمصالحة والوساطة. 

وفقًا للمادة السادسة والستين من نظام المرافعات الشرعية، يجب على القاضي أن يسأل المدعي عما هو لازم لتحرير دعواه قبل استجواب المدعى عليه، وإذا عجز المدعي عن تحريرها أو امتنع عن ذلك، يحكم القاضي بصرف النظر عن الدعوى. 

أما المادة الرابعة من قواعد العمل في مكاتب المصالحة وإجراءاته، فتشير إلى أنه لا يجوز للمصلح تولي المصالحة في الأحوال التي تؤثر على حياده واستقلاله، مثل وجود علاقة مهنية له أو شراكة مع أحد الأطراف، أو إذا سبق له الترافع عن أحد الأطراف في المنازعة، أو إذا كان له مصلحة شخصية أو مالية في مخرجات المصالحة.",11.94,يجب اللجوء إلى المصالحة والوساطة قبل رفع بعض القضايا، وفقًا للمادة الثامنة والخمسون من اللائحة التنفيذية لنظام المحاكم التجارية. تحديدًا، يجب اللجوء إلى المصالحة والوساطة في الدعاوى المنصوص عليها في الفقرة (؟) من المادة السادسة عشرة من نظام المحاكم التجارية، وفي الدعاوى المنصوص عليها في الفقرة (1) من المادة الحادية عشرة من اللائحة التنفيذية، وفي الدعاوى بين الزوجين أو الذين يربطهم صلة قرابة إلى الدرجة الرابعة، وفي الدعاوى المتعلقة بالعقود التي تتضمن الاتفاق كتابة على اللجوء إلى المصالحة والوساطة والتسوية الودية قبل اللجوء إلى القضاء.,125.14
Q025,formal_direct,ما البيانات التي يجب أن يتضمنها الإخطار قبل رفع الدعوى؟,اللائحة التنفيذية لنظام المحاكم التجارية,المادة السبعون,"(اللائحة التنفيذية لنظام المحاكم التجارية - المادة السادسة والسبعون)
المادة السادسة والسبعون : بيانات صحيفةالدعوى
يجب أن تتضمن صحيفة الدعوى - إضافة إلى البيانات المنصوص عليها في النظام ونظام المرافعات الشرعية -الآتي:
أ- الاسم الكامل للشخص الطبيعي للمدعي والمدعىعليه.
ب - رقم الهوية للشخص الطبيعيء ورقم السجل التجاري للشخص الاعتباري» وترخيص الاستثمار للمستثمر الأجنبي -بحسب الأحوال- للمدعي والمدعىعليه.
د - تاريخ الإخطار في الدعاوى التي يجب فيهاالإخطار.
ه - ما يتوافر من معلومات عن نشاط الطرف إذا كانتاجراً.
و - رقم رخصة المحاماة إذا كانت الدعوى يجب رفعها منمحام.
ز - بيانات الدعاوى المرتبطة - إن وجدت-.

(اللائحة التنفيذية لنظام المحاكم التجارية - المادة السبعون)
المادة السبعون:
يجب أن يتضمن الإخطار بيانات الأطراف؛ وموضوع النزاع؛ والطلبات» ومستندالمطالبة.

(اللائحة التنفيذية لنظام المحاكم التجارية - المادة الحاديةوالسبعون)
المادة الحاديةوالسبعون :
-١ يتحقق الإخطار بقيام المدعي بإرسال البيانات الواردة في المادة السبعين من اللائحة إلى أي من عناوين المدعى عليه بأي وسيلةكانت.
-١ يعد في حكم الإخطار تقديم ما يثبت اللجوء إلى التسوية الودية أو المصالحة أو الوساطة قبل قيد الدعوى» بشرط مضي المدة المنصوص عليها في الفقرة )١( من المادة التاسعة
عشرة منالنظام.","يجب أن يتضمن الإخطار البيانات التالية:
- بيانات الأطراف.
- موضوع النزاع.
- الطلبات.
- مستند المطالبة.

وفقًا للمادة السبعين من اللائحة التنفيذية لنظام المحاكم التجارية.",3.14,"يجب أن يتضمن الإخطار البيانات الآتية وفقًا للمادة السبعون من اللائحة التنفيذية لنظام المحاكم التجارية:

- بيانات الأطراف.
- موضوع النزاع.
- الطلبات.
- مستند المطالبة.",42.6
Q026,formal_paraphrase,ما المعلومات الواجب تضمينها في إخطار الطرف الآخر بالنزاع؟,اللائحة التنفيذية لنظام المحاكم التجارية,المادة السبعون,"(اللائحة التنفيذية لنظام المحاكم التجارية - المادة السبعون)
المادة السبعون:
يجب أن يتضمن الإخطار بيانات الأطراف؛ وموضوع النزاع؛ والطلبات» ومستندالمطالبة.

(نظام التحكيم - المادة السادسةوالثلاثون)
المادة السادسةوالثلاثون
-١ لهيئة التحكيم تعيين خبير أو أكثرء لتقديم تقرير مكتوب أو شفهي يثبت في محضر الجلسة في شأن مسائل معينة تحددها بقرار منهاء وتبلغ به كلاً من الطرفين ما لم يتفقا علىغير
""- على كل من الطرفين أن يقدم إلى الخبير المعلومات المتعلقة بالنزاع» وأن يمكنه من معاينة وفحص ما يطلبه من وثائق أو سلع أو أموال أخرى متعلقة بالنزاع. وتفصلهيئة
التحكيم في كل نزاع يقوم بين الخبير وأحد الطرفين في هذا الشأن بقرار غير قابل للطعن بأي طريق من طرقالطعن.
'- ترسل هيئة التحكيم صورة من تقرير الخبير بمجرد إيداعه لديها إلى كل من الطرفين؛ مع إتاحة الفرصة له لإبداء رأيه فيه. ولكليهما الحق في الاطلاع على الوثائق التياستند
إليها الخبير في تقريره وفحصها. ويصدر الخبير تقريره النهائي بعد الاطلاع على ما أبداه طرفا التحكيمحوله.
5- لهيئة التحكيم بعد تقديم تقرير الخبير أن تقرر من تلقاء نفسهاء أو بناءً على طلب أحد طرفي التحكيم» عقد جلسة لسماع أقوال الخبيرء مع إتاحة الفرصة للطرفين لسماعهومناقشته
في شأن ما ورد فيتقريره.

(اللائحة التنفيذية لنظام المحاكم التجارية - المادة الحاديةوالسبعون)
المادة الحاديةوالسبعون :
-١ يتحقق الإخطار بقيام المدعي بإرسال البيانات الواردة في المادة السبعين من اللائحة إلى أي من عناوين المدعى عليه بأي وسيلةكانت.
-١ يعد في حكم الإخطار تقديم ما يثبت اللجوء إلى التسوية الودية أو المصالحة أو الوساطة قبل قيد الدعوى» بشرط مضي المدة المنصوص عليها في الفقرة )١( من المادة التاسعة
عشرة منالنظام.",يجب أن يتضمن الإخطار بيانات الأطراف، موضوع النزاع، الطلبات، ومستند المطالبة، وفقًا للمادة السبعين من اللائحة التنفيذية لنظام المحاكم التجارية.,2.43,"يجب أن يتضمن الإخطار بيانات الأطراف؛ وموضوع النزاع؛ والطلبات» ومستند المطالبة.

المرجع: اللائحة التنفيذية لنظام المحاكم التجارية - المادة السبعون",40.29
Q027,informal,وش لازم أكتب في الإخطار اللي أرسله للطرف الثاني؟,اللائحة التنفيذية لنظام المحاكم التجارية,المادة السبعون,"(اللائحة التنفيذية لنظام المحاكم التجارية - المادة السبعون)
المادة السبعون:
يجب أن يتضمن الإخطار بيانات الأطراف؛ وموضوع النزاع؛ والطلبات» ومستندالمطالبة.

(اللائحة التنفيذية لنظام المحاكم التجارية - المادة الحاديةوالسبعون)
المادة الحاديةوالسبعون :
-١ يتحقق الإخطار بقيام المدعي بإرسال البيانات الواردة في المادة السبعين من اللائحة إلى أي من عناوين المدعى عليه بأي وسيلةكانت.
-١ يعد في حكم الإخطار تقديم ما يثبت اللجوء إلى التسوية الودية أو المصالحة أو الوساطة قبل قيد الدعوى» بشرط مضي المدة المنصوص عليها في الفقرة )١( من المادة التاسعة
عشرة منالنظام.

(اللائحة التنفيذية لنظام المحاكم التجارية - المادة الثانيةوالسبعون)
المادة الثانيةوالسبعون :
يجب أن يرافق صحيفة الدعوى ما يثبت الإخطارء وفي حال عدم إرفاق ما يثبت الإخطار فتطبق أحكام المادة الحادية والعشرين منالنظام.",يجب أن يتضمن الإخطار بيانات الأطراف، وموضوع النزاع، والطلبات، ومستند المطالبة، وفقًا للمادة السبعين من اللائحة التنفيذية لنظام المحاكم التجارية.,2.3,"يجب أن يتضمن الإخطار بيانات الأطراف؛ وموضوع النزاع؛ والطلبات» ومستند المطالبة.

المرجع: اللائحة التنفيذية لنظام المحاكم التجارية - المادة السبعون",38.34
Q028,formal_direct,ما البيانات الواجب تضمينها في صحيفة الدعوى التجارية؟,اللائحة التنفيذية لنظام المحاكم التجارية,المادة السادسة والسبعون,"(اللائحة التنفيذية لنظام المحاكم التجارية - المادة السادسة والسبعون)
المادة السادسة والسبعون : بيانات صحيفةالدعوى
يجب أن تتضمن صحيفة الدعوى - إضافة إلى البيانات المنصوص عليها في النظام ونظام المرافعات الشرعية -الآتي:
أ- الاسم الكامل للشخص الطبيعي للمدعي والمدعىعليه.
ب - رقم الهوية للشخص الطبيعيء ورقم السجل التجاري للشخص الاعتباري» وترخيص الاستثمار للمستثمر الأجنبي -بحسب الأحوال- للمدعي والمدعىعليه.
د - تاريخ الإخطار في الدعاوى التي يجب فيهاالإخطار.
ه - ما يتوافر من معلومات عن نشاط الطرف إذا كانتاجراً.
و - رقم رخصة المحاماة إذا كانت الدعوى يجب رفعها منمحام.
ز - بيانات الدعاوى المرتبطة - إن وجدت-.

(اللائحة التنفيذية لنظام المحاكم التجارية - المادة السابعة والسبعون)
المادة السابعة والسبعون : بيانات صحيفةالدعوى
-١ يجب أن تتضمن صحيفة الدعوى بيان الارتباط بين الطلبات حالتعددها.
؟- دون إخلال بما نصت عليه المادة الحادية والعشرون من النظام» تحكم المحكمة بعدم قبول الدعوى عند تضمنها طلبات لا رابط بينهاء ما لم يحصر المدعي دعواه فيأحدها.

(نظام المحاكم التجارية - المادة العشرون)
المادة العشرون
١.ترفع الدعوى بصحيفة تودع لدى المحكمة؛ وتحدد اللائحة الدعاوى التي يجب رفعها منمحام.
"".يجب أن تتضمن صحيفة الدعوىالآتي:
أ-بيانات الأطراف وممثليهم وصفاتهم وعناوينهم» والبيانات والوثائق التي تحددهااللائحة.
ب-حصر الطلبات» وتحديد جميع أسانيدالدعوى.
"".لا يجمع في صحيفة الدعوى بين عدة طلبات لا رابطبينها.","يجب أن تتضمن صحيفة الدعوى البيانات التالية:
- الاسم الكامل للشخص الطبيعي للمدعي والمدعى عليه.
- رقم الهوية للشخص الطبيعي، ورقم السجل التجاري للشخص الاعتباري، وترخيص الاستثمار للمستثمر الأجنبي - بحسب الأحوال - للمدعي والمدعى عليه.
- تاريخ الإخطار في الدعاوى التي يجب فيها الإخطار.
- ما يتوافر من معلومات عن نشاط الطرف إذا كان تاجرًا.
- رقم رخصة المحاماة إذا كانت الدعوى يجب رفعها من محامٍ.
- بيانات الدعاوى المرتبطة - إن وجدت.
- بيان الارتباط بين الطلبات حال تعدد الطلبات.
- حصر الطلبات وتحديد جميع أسانيد الدعوى.
- لا يجوز جمع عدة طلبات لا رابط بينها في صحيفة الدعوى.",9.45,"يجب أن تتضمن صحيفة الدعوى التجارية البيانات التالية وفقًا للمادة السادسة والسبعون من اللائحة التنفيذية لنظام المحاكم التجارية:

أ- الاسم الكامل للشخص الطبيعي للمدعي والمدعى عليه.
ب- رقم الهوية للشخص الطبيعي ورقم السجل التجاري للشخص الاعتباري وترخيص الاستثمار للمستثمر الأجنبي -حسب الأحوال- للمدعي والمدعى عليه.
د- تاريخ الإخطار في الدعاوى التي يجب فيها الإخطار.
ه- ما يتوافر من معلومات عن نشاط الطرف إذا كان جرًا.
و- رقم رخصة المحاماة إذا كانت الدعوى يجب رفعها من محام.
ز- بيانات الدعاوى المرتبطة -إن وجدت-.

بالإضافة إلى البيانات الواردة في نظام المحاكم التجارية والنظام المرافعات الشرعية.",138.64
Q029,formal_paraphrase,ما متطلبات بيانات أطراف الدعوى عند تقديم صحيفة الدعوى؟,اللائحة التنفيذية لنظام المحاكم التجارية,المادة السادسة والسبعون,"(اللائحة التنفيذية لنظام المحاكم التجارية - المادة السادسة والسبعون)
المادة السادسة والسبعون : بيانات صحيفةالدعوى
يجب أن تتضمن صحيفة الدعوى - إضافة إلى البيانات المنصوص عليها في النظام ونظام المرافعات الشرعية -الآتي:
أ- الاسم الكامل للشخص الطبيعي للمدعي والمدعىعليه.
ب - رقم الهوية للشخص الطبيعيء ورقم السجل التجاري للشخص الاعتباري» وترخيص الاستثمار للمستثمر الأجنبي -بحسب الأحوال- للمدعي والمدعىعليه.
د - تاريخ الإخطار في الدعاوى التي يجب فيهاالإخطار.
ه - ما يتوافر من معلومات عن نشاط الطرف إذا كانتاجراً.
و - رقم رخصة المحاماة إذا كانت الدعوى يجب رفعها منمحام.
ز - بيانات الدعاوى المرتبطة - إن وجدت-.

(نظام المحاكم التجارية - المادة العشرون)
المادة العشرون
١.ترفع الدعوى بصحيفة تودع لدى المحكمة؛ وتحدد اللائحة الدعاوى التي يجب رفعها منمحام.
"".يجب أن تتضمن صحيفة الدعوىالآتي:
أ-بيانات الأطراف وممثليهم وصفاتهم وعناوينهم» والبيانات والوثائق التي تحددهااللائحة.
ب-حصر الطلبات» وتحديد جميع أسانيدالدعوى.
"".لا يجمع في صحيفة الدعوى بين عدة طلبات لا رابطبينها.

(اللائحة التنفيذية لنظام المحاكم التجارية - المادة الثالثة والثمانون)
المادة الثالثة والثمانون : تهيئةالدعوى
تتولى الإدارة المختصة تهيئة الدعوى» ويشمل ذلكالآتي:
-١ إعداد التفرير الأولي عن الدعوىء؛ على أن يتضمن دراسة المسائل الأولية» وتحديد محل المنازعة بين الطرفين» ونطاقالأدلة.
؟- بيان الإجراءات التي تمت قبل القيد وفق أحكام الفقرة (؟) من المادة التاسعة عشرة منالنظام.
""- طلب إكمال أي متطلبات للتهيئة» بما في ذلكالآتي:
أ- طلب إكمال أي مستندات ذات صلة ببيانات ونشاط الأطراف أو أشير إليها في صحيفة الدعوى أو فيالمذكرات.",يجب أن تتضمن صحيفة الدعوى بيانات الأطراف وممثليهم وصفاتهم وعناوينهم، وفقًا للمادة (السادسة والسبعين) من اللائحة التنفيذية لنظام المحاكم التجارية. كما يجب أن تتضمن صحيفة الدعوى حصر الطلبات وتحديد جميع أسانيد الدعوى، وفقًا للمادة (العشرين) من نظام المحاكم التجارية. ولا يجوز جمع عدة طلبات لا رابط بينها في صحيفة الدعوى.,5.14,"تتضمن بيانات أطراف الدعوى عند تقديم صحيفة الدعوى ما يلي:

أ- البيانات الشخصية: مثل الاسم الكامل للشخص الطبيعي للمدعي والمدعى عليه.

ب- البيانات الرسمية: مثل رقم الهوية للشخص الطبيعي ورقم السجل التجاري للشخص الاعتباري وترخيص الاستثمار للمستثمر الأجنبي (حسب الأحوال).

هذه المعلومات مستمدة من اللائحة التنفيذية لنظام المحاكم التجارية - المادة السادسة والسبعون.",77.02
Q030,informal,إذا برفع دعوى تجارية، وش المعلومات اللي لازم أحطها؟,اللائحة التنفيذية لنظام المحاكم التجارية,المادة السادسة والسبعون,"(اللائحة التنفيذية لنظام المحاكم التجارية - المادة السادسة والسبعون)
المادة السادسة والسبعون : بيانات صحيفةالدعوى
يجب أن تتضمن صحيفة الدعوى - إضافة إلى البيانات المنصوص عليها في النظام ونظام المرافعات الشرعية -الآتي:
أ- الاسم الكامل للشخص الطبيعي للمدعي والمدعىعليه.
ب - رقم الهوية للشخص الطبيعيء ورقم السجل التجاري للشخص الاعتباري» وترخيص الاستثمار للمستثمر الأجنبي -بحسب الأحوال- للمدعي والمدعىعليه.
د - تاريخ الإخطار في الدعاوى التي يجب فيهاالإخطار.
ه - ما يتوافر من معلومات عن نشاط الطرف إذا كانتاجراً.
و - رقم رخصة المحاماة إذا كانت الدعوى يجب رفعها منمحام.
ز - بيانات الدعاوى المرتبطة - إن وجدت-.

(اللائحة التنفيذية لنظام المحاكم التجارية - المادة الثامنة والأربعون)
المادة الثامنة والأربعون : إتاحة اطلاع العموم على بيانات الدعاوىالتجارية
يكون طلب الاطلاع وفق أحكام الفقرة )١( من المادة الثالثة عشرة من النظام إلكترونياً؛ ولا يجوز نشر أو تداول أي بيانات أو وثائق في القضية إلا وفق الأحكام المننصوصعليها
في الأنظمة والقرارات ذاتالصلة

(اللائحة التنفيذية لنظام المحاكم التجارية - المادة الخمسون)
المادة الخمسون: إتاحة اطلاع العموم على بيانات الدعاوىالتجارية
-١ يكون تقرير سرية بعض أوراق الدعوى التجارية أو مستنداتها وفق أحكام الفقرة (؟) من المادة الثالثة عشرة من النظام بناءً على طلب يقدم من أي من الأطراف أو ذيمصلحة
متضمناً أسباب الطلب؛ وللمحكمة - عند الاقتضاء - تقرير سرية الأوراق أو المستندات مؤقتاً إلى حين الفصل فيالطلب.
؟- تفصل المحكمة في طلب السرية بقرار غير قابل للطعن بأي طريقء ولها في ذلكالآتي:
أ- تقرير سرية الأوراق أو المستندات لغير المحكمةوالأطراف.
ب - تقرير الاطلاع دون تداول الأوراق أوالمستندات.
ج - تقرير سرية الأوراق أو المستنداتمؤقتاً.","يجب أن تتضمن صحيفة الدعوى البيانات التالية:
- الاسم الكامل للشخص الطبيعي للمدعي والمدعى عليه.
- رقم الهوية للشخص الطبيعي.
- رقم السجل التجاري للشخص الاعتباري.
- ترخيص الاستثمار للمستثمر الأجنبي - بحسب الأحوال - للمدعي والمدعى عليه.
- تاريخ الإخطار في الدعاوى التي يجب فيها الإخطار.
- ما يتوافر من معلومات عن نشاط الطرف إذا كان تاجرًا.
- رقم رخصة المحاماة إذا كانت الدعوى يجب رفعها من محام.
- بيانات الدعاوى المرتبطة - إن وجدت.

وفقًا للمادة السادسة والسبعين من اللائحة التنفيذية لنظام المحاكم التجارية.",8.39,"وفقاً لللائحة التنفيذية لنظام المحاكم التجارية - المادة السادسة والسبعون، يجب أن تتضمن صحيفة الدعوى المعلومات التالية:

أ- الاسم الكامل للشخص الطبيعي للمدعي والمدعى عليه.
ب - رقم الهوية للشخص الطبيعي ورقم السجل التجاري للشخص الاعتباري وترخيص الاستثمار للمستثمر الأجنبي - حسب الأحوال - للمدعي والمدعى عليه.
د - تاريخ الإخطار في الدعاوى التي يجب فيها الإخطار.
ه - ما يتوافر من معلومات عن نشاط الطرف إذا كان جراً.
و - رقم رخصة المحاماة إذا كانت الدعوى يجب رفعها من محام.",111.88
Q031,formal_direct,ما الإجراءات التي تتم في الجلسة التحضيرية قبل المرافعة؟,اللائحة التنفيذية لنظام المحاكم التجارية,المادة التسعون,"(اللائحة التنفيذية لنظام المحاكم التجارية - المادة التسعون)
المادة التسعون: تنظيم الجلساتوإدارتها
تعقد المحكمة جلسة تحضيرية قبل المرافعة» على أن يجري فيهاالآتي:
أ- التحقق من الاختصاص القضائيء» وشروط قبولالدعوى.
ب - عرض الصلح علىالأطراف.
د - تحديد نطاق الأدلة وقائمةالشهود.
ه - اعتماد خطة إدارةالدعوى.

(اللائحة التنفيذية لطرق الاعتراض على الأحكام - المادة التاسعةوالعشرون)
المادة التاسعةوالعشرون
-١ للمحكمة أن تعهد إلى أحد قضاتها تحضير القضية وتهيئتها للمرافعة» بما في ذلك دراستها وتحديد نطاق الاستئناف؛ وعقد جلسة تحضيرية» واستكمال المستندات» واستدعاءذوي
الشأن لسؤالهم عن الوقائع التي يرى لزوم تحقيقهاء وإعداد مشروع مسودة الحكم؛ كما يجوز أن تعهد المحكمة بدراسة القضية والوقائع إلى الإدارةالمختصة.
؟- للمحكمة» وللقاضي الذي عهد إليه تحضير القضية أن يمكّن الخصوم من تبادل المذكرات والمستندات لدى الإدارة المختصة خلال مدة لا تتجاوز (عشرين) يومّاء على أنتُحتَدَ
عدد المذكرات؛ وموعد إيداع كل منهاء وموعد الجلسةالتالية.
-'٠"" يترتب على عدم تقديم المذكرة أو المستند في مرحلة تحضير القضية الأثر ذاته الذي يترتب على عدم تقديمه أمامالمحكمة.

(اللائحة التنفيذية لإجراءات الاستئناف - المادة السادسةعشرة)
المادة السادسةعشرة
للدائرة في سبيل نظر القضية مرافعة الآتي:
-١ أن تعهد إلى أحد قضاتها بتحضير القضية للمرافعة» ومن ذلك دراسة القضية؛ وما يقدم من مذكرات ومستندات» وإعداد مشروع مسودة الحكم» دون سماع أقوالالخصوم.
-١ أن تمكن الخصوم بمحضر الجلسة من تبادل المذكرات والمستندات لدى إدارة المحكمة خلال مدة لا تتجاوز عشرين يوماًء على أن تحدد عدد المذكرات؛ وموعد إيداع كلمنهاء","وفقًا للمادة التسعون من اللائحة التنفيذية لنظام المحاكم التجارية، تشمل الإجراءات في الجلسة التحضيرية قبل المرافعة ما يلي:
- التحقق من الاختصاص القضائي وشروط قبول الدعوى.
- عرض الصلح على الأطراف.
- تحديد نطاق الأدلة وقائمة الشهود.
- اعتماد خطة إدارة الدعوى.",4.35,"تتم في الجلسة التحضيرية قبل المرافعة عدة إجراءات، وفقًا للمادة التسعون من اللائحة التنفيذية لنظام المحاكم التجارية:

أ- التحقق من الاختصاص القضائي وشروط قبول الدعوى.
ب- عرض الصلح على الأطراف.
د- تحديد نطاق الأدلة وقائمة الشهود.
ه- اعتماد خطة إدارة الدعوى.

رجاءً للاطلاع على النص القانوني الكامل للمادة التسعون من اللائحة التنفيذية لنظام المحاكم التجارية للحصول على معلومات أكثر تفصيلاً.",100.16
Q032,formal_paraphrase,ما الموضوعات التي تنظر فيها المحكمة خلال الجلسة التحضيرية؟,اللائحة التنفيذية لنظام المحاكم التجارية,المادة التسعون,"(اللائحة التنفيذية لنظام المحاكم التجارية - المادة التسعون)
المادة التسعون: تنظيم الجلساتوإدارتها
تعقد المحكمة جلسة تحضيرية قبل المرافعة» على أن يجري فيهاالآتي:
أ- التحقق من الاختصاص القضائيء» وشروط قبولالدعوى.
ب - عرض الصلح علىالأطراف.
د - تحديد نطاق الأدلة وقائمةالشهود.
ه - اعتماد خطة إدارةالدعوى.

(اللائحة التنفيذية لنظام المحاكم التجارية - المادة الرابعة والأربعون بعد المائتين)
المادة الرابعة والأربعون بعد المائتين: إجراءات نظر الدعاوىاليسيرة
تعقد المحكمة الجلسة التحضيرية المنصوص عليها في المادة التسعين من اللائحة؛ وإذا تحققت الدائرة من الاختصاص والمسائل الأولية» فتفصل في الدعوى مالم ترضرورة
لإجراء تبادل المذكرات؛ على ألا تتجاوز مدة تبادل المذكرات خمسة عشريوماً.

(اللائحة التنفيذية لطرق الاعتراض على الأحكام - المادة التاسعةوالعشرون)
المادة التاسعةوالعشرون
-١ للمحكمة أن تعهد إلى أحد قضاتها تحضير القضية وتهيئتها للمرافعة» بما في ذلك دراستها وتحديد نطاق الاستئناف؛ وعقد جلسة تحضيرية» واستكمال المستندات» واستدعاءذوي
الشأن لسؤالهم عن الوقائع التي يرى لزوم تحقيقهاء وإعداد مشروع مسودة الحكم؛ كما يجوز أن تعهد المحكمة بدراسة القضية والوقائع إلى الإدارةالمختصة.
؟- للمحكمة» وللقاضي الذي عهد إليه تحضير القضية أن يمكّن الخصوم من تبادل المذكرات والمستندات لدى الإدارة المختصة خلال مدة لا تتجاوز (عشرين) يومّاء على أنتُحتَدَ
عدد المذكرات؛ وموعد إيداع كل منهاء وموعد الجلسةالتالية.
-'٠"" يترتب على عدم تقديم المذكرة أو المستند في مرحلة تحضير القضية الأثر ذاته الذي يترتب على عدم تقديمه أمامالمحكمة.","تنظر المحكمة في الموضوعات التالية خلال الجلسة التحضيرية وفقًا للمادة التسعين من اللائحة التنفيذية لنظام المحاكم التجارية:
1. التحقق من الاختصاص القضائي وشروط قبول الدعوى.
2. عرض الصلح على الأطراف.
3. تحديد نطاق الأدلة وقائمة الشهود.
4. اعتماد خطة إدارة الدعوى.",4.24,تقوم المحكمة خلال الجلسة التحضيرية بتحقيق اختصاصها القضائي وشروط قبول الدعوى، عرض الصلح على الأطراف، تحديد نطاق الأدلة وقائمة الشهود، واعتماد خطة إدارة الدعوى. هذا وفقًا للمادة التسعون من اللائحة التنفيذية لنظام المحاكم التجارية.,61.4
Q033,informal,وش يصير بالجلسة التحضيرية قبل تبدأ المرافعة؟,اللائحة التنفيذية لنظام المحاكم التجارية,المادة التسعون,"(اللائحة التنفيذية لنظام المحاكم التجارية - المادة التسعون)
المادة التسعون: تنظيم الجلساتوإدارتها
تعقد المحكمة جلسة تحضيرية قبل المرافعة» على أن يجري فيهاالآتي:
أ- التحقق من الاختصاص القضائيء» وشروط قبولالدعوى.
ب - عرض الصلح علىالأطراف.
د - تحديد نطاق الأدلة وقائمةالشهود.
ه - اعتماد خطة إدارةالدعوى.

(اللائحة التنفيذية لطرق الاعتراض على الأحكام - المادة التاسعةوالعشرون)
المادة التاسعةوالعشرون
-١ للمحكمة أن تعهد إلى أحد قضاتها تحضير القضية وتهيئتها للمرافعة» بما في ذلك دراستها وتحديد نطاق الاستئناف؛ وعقد جلسة تحضيرية» واستكمال المستندات» واستدعاءذوي
الشأن لسؤالهم عن الوقائع التي يرى لزوم تحقيقهاء وإعداد مشروع مسودة الحكم؛ كما يجوز أن تعهد المحكمة بدراسة القضية والوقائع إلى الإدارةالمختصة.
؟- للمحكمة» وللقاضي الذي عهد إليه تحضير القضية أن يمكّن الخصوم من تبادل المذكرات والمستندات لدى الإدارة المختصة خلال مدة لا تتجاوز (عشرين) يومّاء على أنتُحتَدَ
عدد المذكرات؛ وموعد إيداع كل منهاء وموعد الجلسةالتالية.
-'٠"" يترتب على عدم تقديم المذكرة أو المستند في مرحلة تحضير القضية الأثر ذاته الذي يترتب على عدم تقديمه أمامالمحكمة.

(اللائحة التنفيذية لإجراءات الاستئناف - المادة السادسةعشرة)
المادة السادسةعشرة
للدائرة في سبيل نظر القضية مرافعة الآتي:
-١ أن تعهد إلى أحد قضاتها بتحضير القضية للمرافعة» ومن ذلك دراسة القضية؛ وما يقدم من مذكرات ومستندات» وإعداد مشروع مسودة الحكم» دون سماع أقوالالخصوم.
-١ أن تمكن الخصوم بمحضر الجلسة من تبادل المذكرات والمستندات لدى إدارة المحكمة خلال مدة لا تتجاوز عشرين يوماًء على أن تحدد عدد المذكرات؛ وموعد إيداع كلمنهاء",وفقًا للائحة التنفيذية لنظام المحاكم التجارية، المادة التسعون، فإن الجلسة التحضيرية تعقد قبل المرافعة، وتتضمن التحقق من الاختصاص القضائي وشروط قبول الدعوى، عرض الصلح على الأطراف، تحديد نطاق الأدلة وقائمة الشهود، واعتماد خطة إدارة الدعوى.,3.85,"في الجلسة التحضيرية قبل بدء المرافعة، تقوم المحكمة بعدد من الإجراءات الهامة كما هو محدد في اللائحة التنفيذية لنظام المحاكم التجارية - المادة التسعون:

أ- التحقق من الاختصاص القضائي وشروط قبول الدعوى.
ب- عرض الصلح على الأطراف.
د- تحديد نطاق الأدلة وقائمة الشهود.
ه- اعتماد خطة إدارة الدعوى.

هذه الإجراءات تهدف إلى ترتيب الأمور وتوضيح النقاط المهمة قبل البدء في مرافعة القضية.",97.88
Q034,formal_direct,هل يجوز استخدام تقنيات الذكاء الاصطناعي في الإجراءات الإلكترونية؟,اللائحة التنفيذية لنظام المحاكم التجارية,المادة الرابعة والعشرون,"(اللائحة التنفيذية لنظام المحاكم التجارية - المادة الرابعة والعشرون)
المادة الرابعة والعشرون : أحكامعامة
يجوز الاستفادة من تقنيات الذكاء الاصطناعي في الإجراءات الإلكترونية, ويستغنى عن أي إجراء تحققت غايته باستخدام تلكالتقنية.

(الأدلة الإجرائية لنظام الإثبات - المادة الثالثةوالعشرون)
المادة الثالثةوالعشرون
يجوز الاستعانة بالتقنيات الحديثة في إجراءات الإثبات» بما في ذلك الذكاء الاصطناعيء ويُستغنى عن أي إجراء تحققت غايته باستخدام هذهالتقنيات.

(اللائحة التنفيذية لنظام التوثيق - المادة العشرون)
المادة العشرون
-١ تعد وسائل التحقق الإلكترونية المعتمدة من الوزارة توقيعاًمعتمداً.
؟- يكون إجراء التوثيق وإصدار وثائقه عبر الوسائل الإلكترونية المعتمدة منالوزارة.
-'٠ يستفاد من التقنيات الحديثة والذكاء الاصطناعي في إجراءات التوثيق» ويستغنى عن أي إجراء تحققت غايته باستخدام تلكالتقنيات.
الفصل الثالث أوعية التوثيقوحفظها",نعم، يجوز الاستفادة من تقنيات الذكاء الاصطناعي في الإجراءات الإلكترونية، وفقًا للمادة الرابعة والعشرون من اللائحة التنفيذية لنظام المحاكم التجارية.,1.94,نعم، يجوز استخدام تقنيات الذكاء الاصطناعي في الإجراءات الإلكترونية. هذا ورد في المادة الرابعة والعشرون من اللائحة التنفيذية لنظام المحاكم التجارية، والمادة الثالثة والعشرون من الأدلة الإجرائية لنظام الإثبات.,48.86
Q035,formal_paraphrase,ما حكم الاستفادة من الذكاء الاصطناعي في الإجراءات القضائية الإلكترونية؟,اللائحة التنفيذية لنظام المحاكم التجارية,المادة الرابعة والعشرون,"(اللائحة التنفيذية لنظام المحاكم التجارية - المادة الرابعة والعشرون)
المادة الرابعة والعشرون : أحكامعامة
يجوز الاستفادة من تقنيات الذكاء الاصطناعي في الإجراءات الإلكترونية, ويستغنى عن أي إجراء تحققت غايته باستخدام تلكالتقنية.

(الأدلة الإجرائية لنظام الإثبات - المادة الثالثةوالعشرون)
المادة الثالثةوالعشرون
يجوز الاستعانة بالتقنيات الحديثة في إجراءات الإثبات» بما في ذلك الذكاء الاصطناعيء ويُستغنى عن أي إجراء تحققت غايته باستخدام هذهالتقنيات.

(لائحة مقدمي خدمات التنفيذ - المادة السادسةعشرة)
المادة السادسةعشرة
يصدر الوكيل ما يلزم لإنفاذ اللائحة من قرارات وأدلة ونماذج» وتتولى الوكالة الإشراف على مقدمي الخدمة» ولها رقمنة جميع الإجراءات الواردة في هذه اللائحة أو بعضهاوإلزام
مقدمي الخدمة بذلك؛ وللوكالة استخدام تقنيات الذكاء الاصطناعي للقيام بخدماتالتنفيذ.",يجوز الاستفادة من تقنيات الذكاء الاصطناعي في الإجراءات القضائية الإلكترونية، وفقًا للمادة الرابعة والعشرين من اللائحة التنفيذية لنظام المحاكم التجارية.,1.91,"يجوز الاستفادة من تقنيات الذكاء الاصطناعي في الإجراءات الإلكترونية، ويستغنى عن أي إجراء تحققت غايته باستخدام تلك التقنية.

المرجع: اللائحة التنفيذية لنظام المحاكم التجارية - المادة الرابعة والعشرون",49.44
Q036,informal,المحكمة تقدر تستخدم AI في الإجراءات الإلكترونية؟,اللائحة التنفيذية لنظام المحاكم التجارية,المادة الرابعة والعشرون,"(اللائحة التنفيذية لنظام المحاكم التجارية - المادة الرابعة والعشرون)
المادة الرابعة والعشرون : أحكامعامة
يجوز الاستفادة من تقنيات الذكاء الاصطناعي في الإجراءات الإلكترونية, ويستغنى عن أي إجراء تحققت غايته باستخدام تلكالتقنية.

(القواعد المنظمة لإجراءات قضايا الإفلاس في المحاكم التجارية - المادة الثالثةعشرة)
المادة الثالثةعشرة
-١ للمحكمة -عند الاقتضاء- عقد جلساتها خارج مقرهاء أو عبر وسائل الاتصالالحديثة.
-١ للمحكمة -عند الاقتضاء- الاكتفاء بتوقيع بيان بحضور الجلسة» أو إثبات الحضورإلكترونيًا.
-٠"" إذا لم يتضمن محضر الضبط أقوالاً منسوبة لأحد الخصوم.ء أو غيرههم؛ أو إقرارّاء أو شهادة؛ فيكتفى بتوقيع قضاة الدائرة» وكاتب الضبط دونغيرهم.
5- يجوز أن يكون من الإجراءات المنصوص عليها في النظامء أو اللائحة التنفيذية إلكترونيّاء بما في ذلك تقديم وقيد الطلبات» ونظرها وتبادل المذكراتء والحكم والاعتراضعليه.
َ إلى 5 موف
إصدار الاحكام والقرارات والاعتراضعليها.

(نظام المحاكم التجارية - المادة السابعة)
المادة السابعة
يجوز أن يكون أي من الإجراءات المنصوص عليها في النظام إلكترونيّاء بما في ذلك تقديم الدعاوى والطلبات وقيدهاء ونظرهاء والترافع عن بُعدء وتبادل المذكرات»؛والحكم»
والاعتراض. وتحدد اللائحة إجراءات إنفاذ أحكام هذه المادة بما في ذلك الأحكام المتعلقة بوقت اتخاذالإجراء.",نعم، يجوز الاستفادة من تقنيات الذكاء الاصطناعي في الإجراءات الإلكترونية، وفقًا للمادة الرابعة والعشرين من اللائحة التنفيذية لنظام المحاكم التجارية.,1.98,"نعم،可以根据法律规定，法院可以利用人工智能技术在电子程序中使用。这可以在《商事法院规则 - 第二十四条》中找到：

(اللائحة التنفيذية لنظام المحاكم التجارية - المادة الرابعة والعشرون)
المادة الرابعة والعشرون : أحكامعامة
يجوز الاستفادة من تقنيات الذكاء الاصطناعي في الإجراءات الإلكترونية, ويستغنى عن أي إجراء تحققت غايته باستخدام تلك التقنية。",79.11
Q037,formal_direct,كيف يتحقق تبليغ الشخص الاعتباري؟,اللائحة التنفيذية لنظام المحاكم التجارية,المادة الأربعون,"(اللائحة التنفيذية لنظام المحاكم التجارية - المادة الأربعون)
المادة الأربعون: عنوانالتبليغ
يتحقق تبليغ الشخص الاعتباري بتبليغ الشخص المفوض بتلقي التبليغات في السجلالتجاري.

(نظام المحاكم التجارية - المادة الثلاثون)
المادة الثلاثون
١.إذا تبلغ المدعى عليه لشخصه أو وكليه» أو حضر أي منهما في أي جلسة أمام المحكمة؛ أو قدم مذكرة بدفاعه؛ عدت الخصومة حضورية» ولو تخلف بعدذلك.
"".إذا لم يحضر المدعى عليه أو وكيله وكان قد تبلغ لغير شخصهه فعلى المحكمة تأجيل نظر الدعوى إلى جلسة تالية يبلغ بهاء فإن لم يحضر وكان قد تبلغ لغير شخصه -للمرةالثانيق
فصلت في الدعوىء ويعد الحكم في حق المدعى عليهحضوريًا.
"".في جميع الأحوال» يعد تبليغ الشخصية الاعتبارية -بموجب أحكام النظام- تبليغاًالشخصها.
5 .تحدد اللائحة الحالات التي يعد فيها التبليغ تبليغاً لغير شخص المطلوبإبلاغه.

(اللائحة التنفيذية لنظام المحاكم التجارية - المادة الخامسة والأربعون)
المادة الخامسة والأربعون : إجراءاتالتبليغ
يعد تبليغ الشخص ذي الصفة الطبيعية تبليغاً لغير شخصه إذا تبلغ أحد الساكنين معه في مقر سكن من وجه إليهالتبليغ.
الفصل التاسع: حقالاطلاع",يتحقق تبليغ الشخص الاعتباري بتبليغ الشخص المفوض بتلقي التبليغات في السجل التجاري، وفقًا للمادة الأربعون من اللائحة التنفيذية لنظام المحاكم التجارية.,2.44,"يتحقق تبليغ الشخص الاعتباري بتبليغ الشخص المفوض بتلقي التبليغات في السجل التجاري.

(اللائحة التنفيذية لنظام المحاكم التجارية - المادة الأربعون)",38.0
Q038,formal_paraphrase,متى يعد تبليغ الشركة أو الشخص الاعتباري صحيحًا؟,اللائحة التنفيذية لنظام المحاكم التجارية,المادة الأربعون,"(اللائحة التنفيذية لنظام الإجراءات الجزائية - المادة الثامنة والسبعون بعدالمائة)
المادة الثامنة والسبعون بعدالمائة
يكون إجراء التبليغ صحيحاً متى بُلغ الشخص المطلوب عن طريق عنوانه المعتمد من الجهة المختصة أو ما يقوم مقامه نظاماًء وذلك فيما لم يرد به نصخاص.

(نظام الأحداث - المادة السادسة)
المادة السادسة
في جميع الأحوال لا يكون إجراء تبليغ الحدث صحيحاً إلا إذا بُلْغْ ولي أمره أو من يقوممقامه.

(اللائحة التنفيذية لنظام المحاكم التجارية - المادة الخامسة والأربعون)
المادة الخامسة والأربعون : إجراءاتالتبليغ
يعد تبليغ الشخص ذي الصفة الطبيعية تبليغاً لغير شخصه إذا تبلغ أحد الساكنين معه في مقر سكن من وجه إليهالتبليغ.
الفصل التاسع: حقالاطلاع",يعد تبليغ الشركة أو الشخص الاعتباري صحيحًا وفقًا للمادة (178) من اللائحة التنفيذية لنظام الإجراءات الجزائية، إذا تم التبليغ عن طريق عنوانه المعتمد من الجهة المختصة أو ما يقوم مقامه نظامًا.,3.02,يعد تبليغ الشركة أو الشخص الاعتباري صحيحاً عندما يتم تبليغ الشخص المطلوب عن طريق عنوانه المعتمد من الجهة المختصة أو ما يقوم مقامه نظاماً، وفقاً للمادة الثامنة والسبعون بعد المائة من اللائحة التنفيذية لنظام الإجراءات الجزائية.,58.4
Q039,informal,إذا الدعوى على شركة، مين لازم يستلم التبليغ؟,اللائحة التنفيذية لنظام المحاكم التجارية,المادة الأربعون,"(نظام المحاكم التجارية - المادة الحاديةعشرة)
المادة الحاديةعشرة
فيما لم يرد فيه نص خاص؛ يوجه التبليغ وفقالآتي:
١.الشخص ذي الصفة الطبيعية: في محل إقامته أو مسكنه أو محل عمله أو في أي مكان آخر يكون فيه أو لوكيله أو لأحد العاملين معه في مقر العمل ذي الصلة بالتعامل التجاريمحل
الدعوى.
”.الشركات: لممثلها النظامي أو لأحد الشركاء المتضامنين أو للمدير أو من ينوب عنه أو للإدارات القانونية في الشركة أو أحد أقسامها المخصصة لاستقبال المراسلاتالموجهة
إليهاء وإذا تعلقت الدعوى بفرع الشركة» فيجوز توجيه التبليغ إلى مدير ذلك الفرع أو من ينوبعنه.
”.الشركات الأجنبية التي لها فرع أو ممثل تجاري في المملكة: لمدير ذلك الفرع أو ممثلها التجاري أو من ينوبعنهما.
5.الأشخاص ذوو الصفة الاعتبارية (الآخرون): للممثل النظامي أو من ينوبعنه.
5.الجهات الإدارية: للوزير المختص أو لرئيس المؤسسة أو الهيئة أو لمن يقوممقامهم.
5.السفينة التجارية: لمالك السفينة التجارية أو لمستأجرها أو لربانها أو وكلائهم متى كانت الدعوى متعلقةبالسفينة.

(نظام المرافعات الشرعية - المادة الرابعةعشرة)
المادة الرابعةعشرة
يسلم المحضر صورة التبليغ ومرافقاتها إلى من وجهت إليه في مكان إقامته أو عمله إن وجدء وإلا فيسلمها إلى مَنْ يقرر أنه وكيله أو أنه يعمل في خدمته أو أنه من الساكنين معهمن
أهله وأقاربه وأصهاره: فإذا لم يوجد منهم أحد أو امتنع من وجد عن التسلّم أو كان قاصراً فيسلم الصورة ومرافقاتها بحسب الأحوال إلى عمدة الحي أو مركز الشرطة أورئيس
المركز أو معرف القبيلة الذين يقع مكان إقامة الموجه إليه التبليغ في نطاق اختصاصهم حسب الترتيب السابق» مع أخذ توقيعهم على الأصلبالتسلم.
وعلى المحضر خلال أربع وعشرين ساعة من تسليم الصورة إلى أي من الجهات المذكورة في هذه المادة أن يرسل إلى الموجه إليه التبليغ في مكان إقامته أو عمله خطاباً -مسجلاًمع
إشعار بالتسلّم- يخبره فيه بأن الصورة سلمت إلى تلك الجهة» وعلى المحضر كذلك أن يبين ذلك في حينه بالتفصيل في أصل التبليغ؛ ويعد التبليغ منتجاً لآثاره من وقتتسليم
الصورة وفقاً للأحوالالسابقة.

(نظام المرافعات الشرعية - المادة السابعةعشرة)
المادة السابعةعشرة
يكون تسليم صورة التبليغ على النحوالآتي:
أ ما يتعلق بالأجهزة الحكومية إلى رؤسائها أو مَنْ ينوبعنهم.
ب- ما يتعلق بالأشخاص ذوي الشخصية المعنوية العامة إلى مديريها أو مَنْ يقوم مقامهم أو مَنْيمثلهم.
ج- ما يتعلق بالشركات والجمعيات والمؤسسات الخاصة إلى مديريها أو مَنْ يقوم مقامهم أو مَنْيمثلهم.
د- ما يتعلق بالشركات والمؤسست الأجنبية التي لها فرع أو وكيل في المملكة إلى مدير الفرع أو مَنْ ينوب عنه أو الوكيل أو مَنْ ينوبعنه.
ه- ما يتعلق برجال القوات العسكرية ومن في حكمهم إلى المرجع المباشر لمن وجه إليهالتبليغ.
و - ما يتعلق بالبحارة وعمال السفن إلىالربان.
ز- ما يتعلق بالمحجور عليهم إلى الأوصياء أو الأولياء بحسبالأحوال.
ح- ما يتعلق بالمسجونين والموقوفين إلى مدير السجن أو مكان التوقيف أو مَنْ يقوممقامه.
ط ما يتعاق بمن ليس له مكان إقامة معروف أو مكان إقامة مختار في المملكة إلى وزارة الداخلية بالطرق الإدارية المتبعة لإعلانه بالطريقةالمناسبة.",وفقًا للمادة الحادية عشرة من نظام المحاكم التجارية، يتم تسليم التبليغ لممثل الشركة النظامي أو أحد الشركاء المتضامنين أو المدير أو من ينوب عنه.,3.08,إذا الدعوى على شركة، يمكن توجيه التبليغ لممثلها النظامي أو لأحد الشركاء المتضامنين أو للمدير أو من ينوب عنه أو للإدارات القانونية في الشركة أو أحد أقسامها المخصصة لاستقبال المراسلات الموجهة إليه. هذا وفقًا للمادة الحادية عشرة من نظام المحاكم التجارية.,63.39
Q040,formal_direct,متى يعد تبليغ الشخص الطبيعي قد تم لغير شخصه؟,اللائحة التنفيذية لنظام المحاكم التجارية,المادة الخامسة والأربعون,"(اللائحة التنفيذية لنظام المحاكم التجارية - المادة الخامسة والأربعون)
المادة الخامسة والأربعون : إجراءاتالتبليغ
يعد تبليغ الشخص ذي الصفة الطبيعية تبليغاً لغير شخصه إذا تبلغ أحد الساكنين معه في مقر سكن من وجه إليهالتبليغ.
الفصل التاسع: حقالاطلاع

(نظام المحاكم التجارية - المادة الثلاثون)
المادة الثلاثون
١.إذا تبلغ المدعى عليه لشخصه أو وكليه» أو حضر أي منهما في أي جلسة أمام المحكمة؛ أو قدم مذكرة بدفاعه؛ عدت الخصومة حضورية» ولو تخلف بعدذلك.
"".إذا لم يحضر المدعى عليه أو وكيله وكان قد تبلغ لغير شخصهه فعلى المحكمة تأجيل نظر الدعوى إلى جلسة تالية يبلغ بهاء فإن لم يحضر وكان قد تبلغ لغير شخصه -للمرةالثانيق
فصلت في الدعوىء ويعد الحكم في حق المدعى عليهحضوريًا.
"".في جميع الأحوال» يعد تبليغ الشخصية الاعتبارية -بموجب أحكام النظام- تبليغاًالشخصها.
5 .تحدد اللائحة الحالات التي يعد فيها التبليغ تبليغاً لغير شخص المطلوبإبلاغه.

(نظام المرافعات الشرعية - المادة السادسة عشرة مدلة)
المادة السادسة عشرة مدلة
يكون التبليغ نظامياً متى سلم إلى شخص من وجه إليه ولو في غير مكان إقامته أو عمله؛ أو كان بإحدى الوسائل الإلكترونية المنتصوص عليها في الفقرة (؟) من المادة (الثالثة
عشرة ) منالنظام.",يعد تبليغ الشخص الطبيعي قد تم لغير شخصه إذا تبلغ أحد الساكنين معه في مقر سكن من وجه إليه التبليغ، وفقًا للمادة الخامسة والأربعين من اللائحة التنفيذية لنظام المحاكم التجارية.,2.87,يعد تبليغ الشخص ذي الصفة الطبيعية تبليغاً لغير شخصه إذا تبلغ أحد الساكنين معه في مقر سكن من وجه إليه التبليغ. هذا وفقًا للمادة الخامسة والأربعون من اللائحة التنفيذية لنظام المحاكم التجارية.,51.3
Q041,formal_paraphrase,هل يعد استلام أحد الساكنين مع الشخص تبليغًا صحيحًا؟,اللائحة التنفيذية لنظام المحاكم التجارية,المادة الخامسة والأربعون,"(اللائحة التنفيذية لنظام المحاكم التجارية - المادة الخامسة والأربعون)
المادة الخامسة والأربعون : إجراءاتالتبليغ
يعد تبليغ الشخص ذي الصفة الطبيعية تبليغاً لغير شخصه إذا تبلغ أحد الساكنين معه في مقر سكن من وجه إليهالتبليغ.
الفصل التاسع: حقالاطلاع

(نظام المرافعات الشرعية - المادة الرابعةعشرة)
المادة الرابعةعشرة
يسلم المحضر صورة التبليغ ومرافقاتها إلى من وجهت إليه في مكان إقامته أو عمله إن وجدء وإلا فيسلمها إلى مَنْ يقرر أنه وكيله أو أنه يعمل في خدمته أو أنه من الساكنين معهمن
أهله وأقاربه وأصهاره: فإذا لم يوجد منهم أحد أو امتنع من وجد عن التسلّم أو كان قاصراً فيسلم الصورة ومرافقاتها بحسب الأحوال إلى عمدة الحي أو مركز الشرطة أورئيس
المركز أو معرف القبيلة الذين يقع مكان إقامة الموجه إليه التبليغ في نطاق اختصاصهم حسب الترتيب السابق» مع أخذ توقيعهم على الأصلبالتسلم.
وعلى المحضر خلال أربع وعشرين ساعة من تسليم الصورة إلى أي من الجهات المذكورة في هذه المادة أن يرسل إلى الموجه إليه التبليغ في مكان إقامته أو عمله خطاباً -مسجلاًمع
إشعار بالتسلّم- يخبره فيه بأن الصورة سلمت إلى تلك الجهة» وعلى المحضر كذلك أن يبين ذلك في حينه بالتفصيل في أصل التبليغ؛ ويعد التبليغ منتجاً لآثاره من وقتتسليم
الصورة وفقاً للأحوالالسابقة.

(اللائحة التنفيذية لنظام الإجراءات الجزائية - المادة الثامنة والسبعون بعدالمائة)
المادة الثامنة والسبعون بعدالمائة
يكون إجراء التبليغ صحيحاً متى بُلغ الشخص المطلوب عن طريق عنوانه المعتمد من الجهة المختصة أو ما يقوم مقامه نظاماًء وذلك فيما لم يرد به نصخاص.",وفقًا للمادة الخامسة والأربعين من اللائحة التنفيذية لنظام المحاكم التجارية، يعد تبليغ الشخص ذي الصفة الطبيعية تبليغًا لغير شخصه إذا تبلغ أحد الساكنين معه في مقر سكن من وجه إليه التبليغ.,3.07,نعم، يعد استلام أحد الساكنين مع الشخص تبليغًا صحيحًا. هذا وفقًا للمادة الخامسة والأربعون من اللائحة التنفيذية لنظام المحاكم التجارية.,34.48
Q042,informal,إذا واحد ساكن معي استلم التبليغ عني يعتبر تبلغت؟,اللائحة التنفيذية لنظام المحاكم التجارية,المادة الخامسة والأربعون,"(اللائحة التنفيذية لنظام المحاكم التجارية - المادة الخامسة والأربعون)
المادة الخامسة والأربعون : إجراءاتالتبليغ
يعد تبليغ الشخص ذي الصفة الطبيعية تبليغاً لغير شخصه إذا تبلغ أحد الساكنين معه في مقر سكن من وجه إليهالتبليغ.
الفصل التاسع: حقالاطلاع

(نظام المرافعات الشرعية - المادة الرابعةعشرة)
المادة الرابعةعشرة
يسلم المحضر صورة التبليغ ومرافقاتها إلى من وجهت إليه في مكان إقامته أو عمله إن وجدء وإلا فيسلمها إلى مَنْ يقرر أنه وكيله أو أنه يعمل في خدمته أو أنه من الساكنين معهمن
أهله وأقاربه وأصهاره: فإذا لم يوجد منهم أحد أو امتنع من وجد عن التسلّم أو كان قاصراً فيسلم الصورة ومرافقاتها بحسب الأحوال إلى عمدة الحي أو مركز الشرطة أورئيس
المركز أو معرف القبيلة الذين يقع مكان إقامة الموجه إليه التبليغ في نطاق اختصاصهم حسب الترتيب السابق» مع أخذ توقيعهم على الأصلبالتسلم.
وعلى المحضر خلال أربع وعشرين ساعة من تسليم الصورة إلى أي من الجهات المذكورة في هذه المادة أن يرسل إلى الموجه إليه التبليغ في مكان إقامته أو عمله خطاباً -مسجلاًمع
إشعار بالتسلّم- يخبره فيه بأن الصورة سلمت إلى تلك الجهة» وعلى المحضر كذلك أن يبين ذلك في حينه بالتفصيل في أصل التبليغ؛ ويعد التبليغ منتجاً لآثاره من وقتتسليم
الصورة وفقاً للأحوالالسابقة.

(نظام التحكيم - المادة السادسة)
المادة السادسة
-١ إذا لم يكن هناك اتفاق خاص بين طرفي التحكيم في شأن الإبلاغات فيتم تسليم الإبلاغ إلى المرسل إليه شخصيًا - أو من ينوب عنه أو إرساله إلى عنوانه البريدي المحددفي
العقد محل المنازعة»؛ أو المحدد في مشارطة التحكيم أو في الوثيقة المنظمة للعلاقة التي يتناولها التحكيم.1
-١ إذا تعذر تسليم الإبلاغ إلى المرسل إليه وفقاً للفقرة (١)؛ يعد التسليم قد تم إذا كان الإبلاغ بكتاب مسجل إلى آخر مقر عملء أو محل إقامة معتاد» أو عنوان بريدي معروفللمرسل
إليه.ْ
-٠ لا تسري أحكام هذه المادة على الإبلاغات القضائتية الخاصة ببطلان حكم التحكيم أمامالمحاكم.",وفقًا للمادة الخامسة والأربعين من اللائحة التنفيذية لنظام المحاكم التجارية، يعد تبليغ الشخص ذي الصفة الطبيعية تبليغًا لغير شخصه إذا تبلغ أحد الساكنين معه في مقر سكن من وجه إليه التبليغ. لذا، إذا استلم أحد الساكنين معك التبليغ نيابة عنك، فيعد ذلك تبليغًا صحيحًا.,4.49,نعم، إذا استلم أحد الساكنين معك التبليغ عنك، يعتبر تبلغت. هذا وفقًا للمادة الخامسة والأربعون من اللائحة التنفيذية لنظام المحاكم التجارية.,37.86
Q043,formal_direct,هل يشترط الترافع بواسطة محام أمام الدائرة التجارية في المحكمة العليا؟,اللائحة التنفيذية لنظام المحاكم التجارية,المادة الرابعة والخمسون,"(اللائحة التنفيذية لنظام المحاكم التجارية - المادة الرابعة والخمسون)
المادة الرابعة والخمسون : الترافع منمحام
في جميع الأحوال؛ يجب أن تكون المرافعة وتقديم أي مذكرات لدى الدائرة التجارية في المحكمة العليا منمحام.

(اللائحة التنفيذية لنظام المحاكم التجارية - المادة الثانية والخمسون)
المادة الثانية والخمسون : الدعاوى والطلبات التي ترفع منمحام
يجب أن يكون رفع طلب النقض أو التماس إعادة النظر من محام.
يجب أن يكون الترافع أمام الدوائر الابتدائية ودوائر الاستئناف من محامء في الدعاوىالآتية:
أ - الدعاوى المنصوص عليها في الفقرات )١( و(١) و(5) و(4) من المادة السادسة عشرة من النظام؛ متى كانت قيمة المطالبة الأصلية تزيد على عشرة ملايينريال.
ب - الدعاوى المنصوص عليها في الفقرات (”*) و(5) و(1) و("") من المادة السادسة عشرة من النظام؛ متى كانت قيمة المطالبة الأصلية تزيد على مليونيريإل.
ج -الدعاوى المنصوص عليها في الفقرة (5) من المادة السادسة عشرة من النظام» متى كانت الدعوى تتعلق بطلب افتتاح إجراء إعادة تنظيممالي.

(نظام المحاكم التجارية - المادة الخامسةوالعشرون)
المادة الخامسةوالعشرون
١.يكون توزيع الدعاوى بين أعضاء الدائرة وفق آلية يحددهاالمجلس.
؟.تكون إجراءات نظر الدعوى والمرافعة فيها كتابة» على أنه يجوز للدائرة سماع ما لدى الأطراف مشافهة. وللأطراف أن يطلبوا من المحكمة سماع ملخص لأقوالهمودفوعهم
مشافهة في ختام مرافعتهم» وتثبت المحكمة ذلك في محضرالجلسة.
"".تحدد اللائحة الدعاوى التي يجب أن يكون الترافع فيها منمحام.",نعم، يشترط الترافع أمام الدائرة التجارية في المحكمة العليا منمحام، وفقًا للمادة الرابعة والخمسين من اللائحة التنفيذية لنظام المحاكم التجارية.,2.29,نعم، يشترط الترافع بواسطة محام أمام الدائرة التجارية في المحكمة العليا. هذا ورد في المادة الرابعة والخمسون من اللائحة التنفيذية لنظام المحاكم التجارية.,35.36
Q044,formal_paraphrase,من يحق له تقديم المذكرات أمام الدائرة التجارية في المحكمة العليا؟,اللائحة التنفيذية لنظام المحاكم التجارية,المادة الرابعة والخمسون,"(اللائحة التنفيذية لنظام المحاكم التجارية - المادة الرابعة والخمسون)
المادة الرابعة والخمسون : الترافع منمحام
في جميع الأحوال؛ يجب أن تكون المرافعة وتقديم أي مذكرات لدى الدائرة التجارية في المحكمة العليا منمحام.

(نظام المحاكم التجارية - المادة الثامنةوالثمانون)
المادة الثامنةوالثمانون
تختص الدائرة التجارية في المحكمة العليا بالنظر في الاعتراضات على الأحكام والقرارات التي تصدرها دوائر الاستئناف في المحكمة؛ إذا كان محل الاعتراض على الحكم مايأتي:
١.مخالفة أحكام الشريعة الإسلامية أو الأنظمة» أو الخطأ في تطبيقها أو تأويلهاء أو مخالفة مبدأ قضائي صادر من المحكمةالعليا.
؟.صدوره من محكمة غير مختصة» أو صدوره من محكمة غير مشكلة تشكيلآً صحيحاً وفق أحكامالنظام.
”"".الخطأ في تكييف الواقعة أو فيوصفها.
:.فصله في نزاع خلافاً لحكم آخر سبق أن صدر بين أطرافالدعوى.

(نظام المحاكم التجارية - المادة الثامنةوالعشرون)
المادة الثامنةوالعشرون
١.يجوز أن تعهد الدائرة إلى أحد قضاتها تحضير الدعوى وتهيئتها للمرافعة» بما في ذلكالآتي:
أ-استكمال المذكرات والمستندات» واستدعاء ذوي الشأن لسؤالهم عن الوقائع التي يرى لزوم تحقيقهاء وإدخال وقبول تدخل من يصحاختصامه.
ب-إعداد دراسة عنالدعوى.
"".للمحكمة أو للقاضي المكلف بتحضير الدعوى تكليف الأطراف بتبادل المذكرات والمستندات أو الإذن بتقديمها لدى الإدارةالمختصة.
""'.تسري على إجراءات تحضير الدعوى وتبادل المذكرات؛ أحكام المادة (السادسة والعشرين) منالنظام.",وفقاً للمادة الرابعة والخمسين من اللائحة التنفيذية لنظام المحاكم التجارية، يجب أن تكون المرافعة وتقديم أي مذكرات لدى الدائرة التجارية في المحكمة العليا من محام.,2.5,وفقاً للمادة الرابعة والخمسون من اللائحة التنفيذية لنظام المحاكم التجارية، يجب أن تكون المرافعة وتقديم أي مذكرات لدى الدائرة التجارية في المحكمة العليا من محام.,38.49
Q045,informal,أقدر أرافع بنفسي قدام الدائرة التجارية بالمحكمة العليا؟,اللائحة التنفيذية لنظام المحاكم التجارية,المادة الرابعة والخمسون,"(اللائحة التنفيذية لنظام المحاكم التجارية - المادة الرابعة والخمسون)
المادة الرابعة والخمسون : الترافع منمحام
في جميع الأحوال؛ يجب أن تكون المرافعة وتقديم أي مذكرات لدى الدائرة التجارية في المحكمة العليا منمحام.

(نظام المحاكم التجارية - المادة الثامنةوالثمانون)
المادة الثامنةوالثمانون
تختص الدائرة التجارية في المحكمة العليا بالنظر في الاعتراضات على الأحكام والقرارات التي تصدرها دوائر الاستئناف في المحكمة؛ إذا كان محل الاعتراض على الحكم مايأتي:
١.مخالفة أحكام الشريعة الإسلامية أو الأنظمة» أو الخطأ في تطبيقها أو تأويلهاء أو مخالفة مبدأ قضائي صادر من المحكمةالعليا.
؟.صدوره من محكمة غير مختصة» أو صدوره من محكمة غير مشكلة تشكيلآً صحيحاً وفق أحكامالنظام.
”"".الخطأ في تكييف الواقعة أو فيوصفها.
:.فصله في نزاع خلافاً لحكم آخر سبق أن صدر بين أطرافالدعوى.

(نظام المحاكم التجارية - المادة الثالثة)
المادة الثالثة
يتولى المجلس الأعلى للقضاء -وففًا لاختصاصاته النظر فيالآتي:
١.إنشاء المحاكم التجارية في المناطق والمحافظات بحسب الحاجة» على أن تكوّن كل محكمة من دوائر استئناف ودوائرابتدائية.
؟.تأليف دوائر استئناف ودوائر ابتدائية في المحاكم التجارية من ثلاثة قضاة» ويجوز تأليف الدوائر من قاضٍ واحد وفق أحكامالنظام.",لا، وفقًا للمادة الرابعة والخمسين من اللائحة التنفيذية لنظام المحاكم التجارية، يجب أن تكون المرافعة وتقديم أي مذكرات لدى الدائرة التجارية في المحكمة العليا من محام.,2.53,لا، يجب أن تكون المرافعة وتقديم أي مذكرات لدى الدائرة التجارية في المحكمة العليا من محامٍ حسب المادة الرابعة والخمسون من اللائحة التنفيذية لنظام المحاكم التجارية.,38.81
Q046,formal_direct,كيف يتم إثبات المصالحة التي يتوصل إليها الأطراف بعد قيد القضية؟,اللائحة التنفيذية لنظام المحاكم التجارية,المادة الحادية والستون,"(اللائحة التنفيذية لنظام المحاكم التجارية - المادة الحادية والستون)
المادة الحادية والستون : المصالحة بعدالقيد
إذا توصل الأطراف إلى المصالحة أو التسوية بعد قيد القضية» أثبت ما اتفقوا عليه في محضر صلحء يوقع من الخصوم ومن الموظف المختصء ويذيل بالصيغةالتنفيذية.

(اللائحة التنفيذية لنظام المحاكم التجارية - المادة الستون)
المادة الستون: المصالحة بعدالقيد
للمحكمة في أي مرحلة إحالة الأطراف - بشرط موافقتهم - إلى المصالحة والوساطة» ويثبت ذلك في محضر القضية»: وتراعي في الموعد التالي مدة إجراءات المصالحةوالوساطة.

(اللائحة التنفيذية لنظام المحاكم التجارية - المادة الثانية والستون)
المادة الثانية والستون : المصالحة بعدالقيد
في الأحوال التي تنتهي المصالحة فيها بسند تنفيذي بموجب أحكام نظام التنفيذ» تزود المحكمة بصورة منه» وتعد الدعوى منقضيةبذلك.",وفقًا للمادة الحادية والستين من اللائحة التنفيذية لنظام المحاكم التجارية، يتم إثبات المصالحة التي يتوصل إليها الأطراف بعد قيد القضية في محضر صلح يوقع من الخصوم ومن الموظف المختص، ويذيل بالصيغة التنفيذية.,2.99,"تتم إثبات المصالحة التي يتوصل إليها الأطراف بعد قيد القضية في محضر صلح يوقع عليه الخصوم ومن الموظف المختص، ويذيل بالصيغة التنفيذية.

المرجع: اللائحة التنفيذية لنظام المحاكم التجارية - المادة الحادية والستون",51.54
Q047,formal_paraphrase,ما الإجراء المتبع عند اتفاق الخصوم على التسوية بعد تسجيل الدعوى؟,اللائحة التنفيذية لنظام المحاكم التجارية,المادة الحادية والستون,"(الأدلة الإجرائية لنظام الإثبات - المادة التاسعة)
المادة التاسعة
-١ في الأحوال التي تُعمل فيها المحكمة اتفاق الخصوم على إجراء من إجراءات الإثبات» يجب إثبات ذلك عند اتخاذالإجراء.
-١ إذا لم تأخذ المحكمة باتفاق الخصوم لمخالفته للنظام العام؛ فعليها أن تبين وجهالمخالفة.

(اللائحة التنفيذية لنظام المحاكم التجارية - المادة الحادية والستون)
المادة الحادية والستون : المصالحة بعدالقيد
إذا توصل الأطراف إلى المصالحة أو التسوية بعد قيد القضية» أثبت ما اتفقوا عليه في محضر صلحء يوقع من الخصوم ومن الموظف المختصء ويذيل بالصيغةالتنفيذية.

(اللائحة التنفيذية لنظام المحاكم التجارية - المادة السبعون بعد المائتين)
المادة السبعون بعد المائتين: عرض التسوية في الدعوىالجماعية
يجب قبل نظر الدعوى الجماعية عرض التسوية على الأطرافء وفي حال توصل ممثل المدعين إلى تسوية مع المدعى عليه» فيجب على ممثل المدعين عرضها علىالمدعين
بالوسيلة المناسبة مع تحديد ميعاد لإبداء الموافقة على العرض من عدمه خلال مدة لا تتجاوز ثلاثين يومأ؛ وفي حال قبلها أغلبية المدعين» فتثبت التسوية بحق من قبل بهاوتنهي
المحكمة الدعوى الجماعيةبذلك.",وفقًا للمادة الحادية والستين من اللائحة التنفيذية لنظام المحاكم التجارية، إذا توصل الأطراف إلى المصالحة أو التسوية بعد قيد القضية، يتم إثبات ذلك في محضر صلح يوقع من الخصوم ومن الموظف المختص، ويذيل بالصيغة التنفيذية.,3.34,"وفقًا للمادة الحادية والستون من اللائحة التنفيذية لنظام المحاكم التجارية، يجب إثبات ما اتفق عليه الخصوم في محضر صلح يوقع عليه الخصوم ومن الموظف المختص ويذيل بالصيغة التنفيذية.

(اللائحة التنفيذية لنظام المحاكم التجارية - المادة الحادية والستون)",59.88
Q048,informal,إذا تصالحنا بعد ما سجلنا القضية، وش يصير؟,اللائحة التنفيذية لنظام المحاكم التجارية,المادة الحادية والستون,"(اللائحة التنفيذية لنظام المحاكم التجارية - المادة الحادية والستون)
المادة الحادية والستون : المصالحة بعدالقيد
إذا توصل الأطراف إلى المصالحة أو التسوية بعد قيد القضية» أثبت ما اتفقوا عليه في محضر صلحء يوقع من الخصوم ومن الموظف المختصء ويذيل بالصيغةالتنفيذية.

(نظام المعاملات المدنية - المادة الأولى بعدالأربعمائة)
المادة الأولى بعدالأربعمائة
يترتب على عقد الصلح انقضاء الحقوق والادعاءات التي نزل عنها أ من المتصالحين» وليس لأي منهما أو لورثته الرجوعفيه.

(قواعد العمل في مكاتب المصالحة وإجراءاته - المادة الثامنة عشر)
المادة الثامنة عشر: انتهاءالمصالحة
تنتهي المصالحة في أي من الأحوالالآتية:
١.إذا توصل أطراف المصالحة إلى صلح منهٍللخصومة.
”.إذا غاب أحد أطراف المصالحة وفقًا لما ورد في المادة الرابعةعشرة .
"".ذا انسحب أحد أطراف المصالحة في أي مرحلة منمراحلها.
54.إذا تعذر الصلح من أحد أطراف المصالحة لوفاته أو انقضاء شخصيته الاعتبارية أو غيرذلك.
5.إذا تجاوزت جلسات المصالحة عدد الجلسات أو المدد المذكورة في المادة السادسةعشرة .
"".إذا رأى المصلح عدم جدوى المضي في إجراءات المصالحة أو تكررت مخالفة أطرافها لآداب المصالحة وإجراءاتها فله الاعتذار» ويرفع بذلك إلى مدير مكتب المصالحةللتقرير
في إنهاء المصالحة أو إحالتها إلى مصلحآخر.",إذا توصل الأطراف إلى المصالحة أو التسوية بعد قيد القضية، يثبت ما اتفقوا عليه في محضر صلح، يوقع من الخصوم ومن الموظف المختص، ويذيل بالصيغة التنفيذية وفقًا للمادة الحادية والستين من اللائحة التنفيذية لنظام المحاكم التجارية.,3.43,إذا تصالحتم بعد ما سجلت القضية، فيترتب على ذلك انقضاء الحقوق والادعاءات التي نزل عنها من المتصالحين، وليس لأي منهما أو لورثته الرجوع فيه. هذا وفقًا للمادة الأولى بعد الأربعمائة من نظام المعاملات المدنية.,52.55
Q049,formal_direct,ما البيانات التي يجب إثباتها عند إصدار أمر من المحكمة بسبب واقعة إخلال؟,,,"(اللائحة التنفيذية لنظام المحاكم التجارية - المادة الخامسةوالستون)
المادة الخامسةوالستون :
يكون إثبات أمر المحكمة المنصوص عليه في الفقرة )١( من المادة الثالثة عشرة من النظام في محضر القضية» على أن يتضمن إثبات الواقعة محل الإخلال؛ ومقدار الغرامة»وتحديد
الشخص أو الأشخاص الصادر بحقهم الأمرء ويزود رئيس المحكمة بنسخة منه فورصدوره.

(الأدلة الإجرائية لنظام الإثبات - المادة الثانيةوالثمانون)
المادة الثانيةوالثمانون
-١ يجب أن تتضمن الدعوى المستعجلة لسماع الشهادةالآتي:
أ- بيان الواقعة محلالشهادة.
ب- بيان وجه الضرورة: أوالاستعجال.
ج- بيانات المشهود عليه إنأمكن.
د- بياناتالشاهد.
-١ تسمع المحكمة شهادة الشاهد عند استيفائها المتطلبات النظامية؛ بما في ذلك كون الواقعة مما يجوز إثباتها بشهادةالشهود.

(الأدلة الإجرائية لنظام الإثبات - المادة الثانيةوالعشرون)
المادة الثانيةوالعشرون
يجب على المحكمة عند العدول عن أي إجراء من إجراءات الإثبات أن تدون ذلك في المحضرء مبينةالآتي:
-١ الإجراء الذي غدلعنه.
-١ سببالعدول.
""- ما يترتب على العدول عندالاقتضاء.",يجب إثبات الواقعة محل الإخلال، ومقدار الغرامة، وتحديد الشخص أو الأشخاص الصادر بحقهم الأمر. وفقًا للمادة الخامسة والستين من اللائحة التنفيذية لنظام المحاكم التجارية.,2.52,وفقاً للمادة الخامسة والستون من اللائحة التنفيذية لنظام المحاكم التجارية، يجب أن يتضمن إثبات أمر المحكمة إثبات الواقعة محل الإخلال، ومقدار الغرامة، وتحديد الشخص أو الأشخاص الصادر بحقهم الأمر.,48.11
Q050,formal_paraphrase,كيف يوثق أمر المحكمة المتعلق بالغرامة والواقعة محل الإخلال؟,,,"(اللائحة التنفيذية لنظام المحاكم التجارية - المادة الخامسةوالستون)
المادة الخامسةوالستون :
يكون إثبات أمر المحكمة المنصوص عليه في الفقرة )١( من المادة الثالثة عشرة من النظام في محضر القضية» على أن يتضمن إثبات الواقعة محل الإخلال؛ ومقدار الغرامة»وتحديد
الشخص أو الأشخاص الصادر بحقهم الأمرء ويزود رئيس المحكمة بنسخة منه فورصدوره.

(اللائحة التنفيذية لنظام الإجراءات الجزائية - المادة المائة)
المادة المائة
-١ على المحكمة تدوين ما يقع مما يخل بنظام الجلسة في محضرء أو في ضبطالدعوى.
؟ - يحرر الأمر الصادر بسجن من يخل بنظام الجلسة استناداً إلى المادة (الثانية والأربعين بعد المائة) من النظام؛ بكتاب رسميء ويُبعث للجهة المختصةلتنفيذه.

(نظام مكافحة غسل الأموال - المادة الرابعةوالأربعون)
المادة الرابعةوالأربعون
-١ للنيابة العامة -بمبادرة منها أو بطلب من الإدارة العامة للتحريات المالية أو رجل ضبط جنائي بناءً على الاشتباه في جريمة غسل أموال أو جريمة أصلية أن تأمربالحجز
التتحفظي على الأموال محل المصادرة أو التي قد تصبح محلاً للمصادرة: لمدة لا تتجاوز (ستين) يوماً. ويُصدر الأمرء ويطبق من دون إشعار مسبق للطرف المعني. ويمكنتمديد
الأمر مدة أطول بموجب أمر قضائي صادر من المحكمة المختصّة مع عدم الإخلال بحقوق أي طرف آخر حسنالنيّة.
؟- للنيابة العامة -عند إصدار أمر الحجز التحفظي- أن ثبقي الأموال المحجوزة تحت إدارة صاحب المصلحة فيها أو أي طرف آخرء أو أن تطلب من المحكمة المختصة الأمربنقل
هذه الأموال إلى جهة مختصة للحد من احتمالاختفائها.",يكون إثبات أمر المحكمة المتعلق بالغرامة والواقعة محل الإخلال وفقًا للمادة الخامسة والستين من اللائحة التنفيذية لنظام المحاكم التجارية. يتم توثيق ذلك في محضر القضية، على أن يتضمن المحضر إثبات الواقعة محل الإخلال، مقدار الغرامة، وتحديد الشخص أو الأشخاص الصادر بحقهم الأمر. بعد توثيق المحضر، يُزود رئيس المحكمة بنسخة منه فور صدوره.,5.18,"يجب أن يتضمن إثبات أمر المحكمة المتعلق بالغرامة والواقعة محل الإخلال محضر القضية. كما يجب تحديد مقدار الغرامة، الشخص أو الأشخاص الصادر بحقهم الأمر، وتقديم نسخة من الأمر لرئيس المحكمة فور صدوره.

المرجع: اللائحة التنفيذية لنظام المحاكم التجارية - المادة الخامسة والستون.",69.04
Q051,informal,إذا المحكمة فرضت غرامة بسبب مخالفة، كيف يسجلونها؟,,,"(نظام المحاكم التجارية - المادة الثالثةعشرة)
المادة الثالثةعشرة
١.دون إخلال بأي عقوبة أخرى ينص عليها نظام آخر؛ للمحكمة عند إخلال أحد الأطراف بأي من إجراءات الدعوى أو نظام الجلسة أن تأمر بفرض غرامة لا تتجاوز عشرة آلاف
ربال» ويعد أمر المحكمة في هذا الشأننهائيًا.
"".يتاح اطلاع العموم على بيانات الدعاوى التجارية وأوراقها ومستنداتها لقاء مقابل مالي يعادل تكلفةالخدمة.
ويجوز -بناءًَ على طلب ذي مصلحة تقرير سرية بعض أوراق الدعوى التجارية أو مستنداتها لغير المحكمة» وذلك دون إخلال بعلنية المرافعة والأنظمة ذات العلاقة» وتحدداللائحة
الإجراءات والضوابط المنظمةذلك.

(اللائحة التنفيذية لنظام الإجراءات الجزائية - المادة المائة)
المادة المائة
-١ على المحكمة تدوين ما يقع مما يخل بنظام الجلسة في محضرء أو في ضبطالدعوى.
؟ - يحرر الأمر الصادر بسجن من يخل بنظام الجلسة استناداً إلى المادة (الثانية والأربعين بعد المائة) من النظام؛ بكتاب رسميء ويُبعث للجهة المختصةلتنفيذه.

(نظام التنفيذ - المادة السبعون٠)
المادة السبعون٠
إذا تعذر استخدام القوة المختصة لإجراء التنفيذء أو إذا فرضت غرامة مالية على المنفذ ضده ولم ينفذ خلال المدة التي يحددها قاضي التنفيذ» جاز له أن يصدر أمرًا بحبس المنفذضده
لإجباره علىالتنفيذ.",وفقًا للمادة الثالثة عشرة من نظام المحاكم التجارية، يتم تسجيل الغرامة التي تفرضها المحكمة على المخالف في محضر الجلسة أو في ضبط الدعوى.,2.38,"وفقًا للمادة المائة من اللائحة التنفيذية لنظام الإجراءات الجزائية، يجب على المحكمة تدوين ما يقع مما يخل بنظام الجلسة في محضر أو في ضبط الدعوى. ومع ذلك، فإن هذه المادة لا تتعلق مباشرة بتسجيل الغرامات المالية. لتسجيل الغرامات المالية، يرجى الرجوع إلى نظام آخر أو مادة أخرى قد تحتوي على هذه المعلومات، لكنها غير موجودة في النصوص المقدمة.

所提供的法律条文并未直接涉及如何记录因违反规定而被法院处以的罚款。因此，根据提供的上下文，无法直接回答该问题。",99.24
Q052,formal_direct,متى يجب على المدعي إخطار المدعى عليه قبل رفع الدعوى التجارية؟,,,"(نظام المحاكم التجارية - المادة التاسعةعشر)
المادة التاسعةعشر
١.يجب في الدعاوى التي تحددها اللائحة أن يخطر المدعي المدعى عليه كتابة بأداء الحق المدعى به قبل (خمسة عشر) يوماً على الأقل من إقامةالدعوى.
؟.يجوز لأطراف التعامل التجاري قبل قيد الدعوى -وتحت إشراف المحكمة اتخاذ أي ممايأتي:
أ-إجراءات المصالحةوالوساطة.
ب-تبادل المستنداتوالمذكرات.
ج-عقد اجتماع لتحديد الطلبات والدفوعوالبينات.
وتحدد اللائحة أحكام إنفاذ هذه الفقرة بما في ذلك كيفية توثيق ما تماتخاذه.

(اللائحة التنفيذية لنظام المحاكم التجارية - المادة التاسعةوالستون)
المادة التاسعةوالستون :
يجب أن يخطر المدعي المدعى عليه وفق أحكام الفقرة ( ١ ) من المادة التاسعة عشرة من النظام في جميع الدعاوى التي تختص بنظرها المحكمة»؛ فيما عداالآتي:
-١ الدعاوى المتصلة بالعقوبات المنصوص عليها في الأنظمةالتجارية.
-١ الدعاوى التي تكون جهة الإدارة طرفاًفيها.
3 الدعاوى المحددة إجراءات رفعها بموجب نصوص نظاميةخاصة.
:- الدعاوىاليسيرة.
5 الطلباتالمستعجلة.

(اللائحة التنفيذية لنظام المحاكم التجارية - المادة الحاديةوالسبعون)
المادة الحاديةوالسبعون :
-١ يتحقق الإخطار بقيام المدعي بإرسال البيانات الواردة في المادة السبعين من اللائحة إلى أي من عناوين المدعى عليه بأي وسيلةكانت.
-١ يعد في حكم الإخطار تقديم ما يثبت اللجوء إلى التسوية الودية أو المصالحة أو الوساطة قبل قيد الدعوى» بشرط مضي المدة المنصوص عليها في الفقرة )١( من المادة التاسعة
عشرة منالنظام.","يجب على المدعي إخطار المدعى عليه قبل رفع الدعوى التجارية وفقاً للمادة التاسعة عشرة من نظام المحاكم التجارية، وذلك قبل خمسة عشر يوماً على الأقل من إقامة الدعوى. 

نظام المحاكم التجارية - المادة التاسعة عشرة.",3.48,يجب على المدعي إخطار المدعى عليه كتابة بأداء الحق المدعى به قبل خمسة عشر يوماً على الأقل من إقامة الدعوى، وذلك وفقًا للمادة التاسعة عشرة من نظام المحاكم التجارية.,43.58
Q053,formal_paraphrase,ما الحالات المستثناة من وجوب الإخطار قبل إقامة الدعوى؟,,,"(نظام المرافعات الشرعية - المادة الثانية عشرة معدلة)
المادة الثانية عشرة معدلة
لا يجوز إجراء أي تبليغ في مكان الإقامة قبل شروق الشمس ولا بعد غروبهاء ولا في أيام العطل الرسمية» إلا في حالات الضرورة وبإذن كتابي من القاضيء ويجوز إجراؤه فيأي
وقت إذا كان عن طريق إحدى الوسائلالإلكترونية.

(اللائحة التنفيذية لنظام المحاكم التجارية - المادة الحاديةوالسبعون)
المادة الحاديةوالسبعون :
-١ يتحقق الإخطار بقيام المدعي بإرسال البيانات الواردة في المادة السبعين من اللائحة إلى أي من عناوين المدعى عليه بأي وسيلةكانت.
-١ يعد في حكم الإخطار تقديم ما يثبت اللجوء إلى التسوية الودية أو المصالحة أو الوساطة قبل قيد الدعوى» بشرط مضي المدة المنصوص عليها في الفقرة )١( من المادة التاسعة
عشرة منالنظام.

(نظام المحاكم التجارية - المادة التاسعةعشر)
المادة التاسعةعشر
١.يجب في الدعاوى التي تحددها اللائحة أن يخطر المدعي المدعى عليه كتابة بأداء الحق المدعى به قبل (خمسة عشر) يوماً على الأقل من إقامةالدعوى.
؟.يجوز لأطراف التعامل التجاري قبل قيد الدعوى -وتحت إشراف المحكمة اتخاذ أي ممايأتي:
أ-إجراءات المصالحةوالوساطة.
ب-تبادل المستنداتوالمذكرات.
ج-عقد اجتماع لتحديد الطلبات والدفوعوالبينات.
وتحدد اللائحة أحكام إنفاذ هذه الفقرة بما في ذلك كيفية توثيق ما تماتخاذه.","وفقًا للمادة التاسعة عشرة من نظام المحاكم التجارية، يجب الإخطار قبل إقامة الدعوى في الدعاوى التي تحددها اللائحة. الحالات المستثناة من هذا الإخطار تشمل:

1. **إجراءات المصالحة والوساطة**: يجوز لأطراف التعامل التجاري قبل قيد الدعوى وتحت إشراف المحكمة اتخاذ إجراءات المصالحة والوساطة.
2. **تبادل المستندات والمذكرات**: يمكن تبادل المستندات والمذكرات بين الأطراف.
3. **عقد اجتماع لتحديد الطلبات والدفوع والبينات**: يمكن عقد اجتماع لتحديد الطلبات والدفوع والبينات.

وتحدد اللائحة أحكام إنفاذ هذه الفقرة بما في ذلك كيفية توثيق ما تم اتخاذه.",8.75,"وفقاً للنص القانوني المقدم، لا يوجد ذكر صريح للحالات المستثناة من وجوب الإخطار قبل إقامة الدعوى. ومع ذلك، يمكن استنتاج أن هناك استثناءات قد تكون موجودة في اللوائح التنفيذية أو القوانين الأخرى غير المذكورة في النص所提供的上下文和查询都是关于沙特法律的，但提供的法律条文中并没有直接提到“案件提起前通知的例外情况”。因此，根据给定的法律文本，无法直接回答这个问题。

答案：
根据提供的法律文本，没有直接提到案件提起前通知的例外情况。所提供的法律条文并未包含此类信息。",98.24
Q054,informal,لازم أكلم الطرف الثاني قبل ما أرفع عليه قضية تجارية؟,,,"(نظام المحاكم التجارية - المادة التاسعةعشر)
المادة التاسعةعشر
١.يجب في الدعاوى التي تحددها اللائحة أن يخطر المدعي المدعى عليه كتابة بأداء الحق المدعى به قبل (خمسة عشر) يوماً على الأقل من إقامةالدعوى.
؟.يجوز لأطراف التعامل التجاري قبل قيد الدعوى -وتحت إشراف المحكمة اتخاذ أي ممايأتي:
أ-إجراءات المصالحةوالوساطة.
ب-تبادل المستنداتوالمذكرات.
ج-عقد اجتماع لتحديد الطلبات والدفوعوالبينات.
وتحدد اللائحة أحكام إنفاذ هذه الفقرة بما في ذلك كيفية توثيق ما تماتخاذه.

(نظام المرافعات الشرعية - المادة السادسةوالستون)
المادة السادسةوالستون
على القاضي أن يسأل المدعي عما هو لازم لتحرير دعواه قبل استجواب المدعى عليه؛ وليس له السير فيها قبل ذلك» وإذا عجز المدعي عن تحريرها أو امتنع عن ذلك؛فيحكم
القاضي بصرف النظر عنالدعوى.

(اللائحة التنفيذية لنظام المحاكم التجارية - المادة التاسعةوالستون)
المادة التاسعةوالستون :
يجب أن يخطر المدعي المدعى عليه وفق أحكام الفقرة ( ١ ) من المادة التاسعة عشرة من النظام في جميع الدعاوى التي تختص بنظرها المحكمة»؛ فيما عداالآتي:
-١ الدعاوى المتصلة بالعقوبات المنصوص عليها في الأنظمةالتجارية.
-١ الدعاوى التي تكون جهة الإدارة طرفاًفيها.
3 الدعاوى المحددة إجراءات رفعها بموجب نصوص نظاميةخاصة.
:- الدعاوىاليسيرة.
5 الطلباتالمستعجلة.","وفقًا للمادة التاسعة عشرة من نظام المحاكم التجارية، يجب على المدعي إخطار المدعى عليه كتابة بأداء الحق المدعى به قبل خمسة عشر يومًا على الأقل من إقامة الدعوى. كما يجوز لأطراف التعامل التجاري اتخاذ إجراءات المصالحة والوساطة وتبادل المستندات والمذكرات، وتحديد الطلبات والدفوع والبينات، وفقًا للائحة التنفيذية لنظام المحاكم التجارية.

إذن، يجب عليك إخطار الطرف الثاني قبل رفع الدعوى، مع إمكانية اتخاذ إجراءات المصالحة والوساطة تحت إشراف المحكمة.",6.38,نعم، يجب أن تخطر المدعي المدعى عليه كتابة بأداء الحق المدعى به قبل إقامة الدعوى بخمسة عشر يوماً على الأقل. هذا وفقًا للمادة التاسعة عشرة من نظام المحاكم التجارية.,42.56
Q055,formal_direct,ما الحكم إذا تضمنت صحيفة الدعوى عدة طلبات لا رابط بينها؟,اللائحة التنفيذية لنظام المحاكم التجارية,المادة السابعة والسبعون,"(اللائحة التنفيذية لنظام المحاكم التجارية - المادة السابعة والسبعون)
المادة السابعة والسبعون : بيانات صحيفةالدعوى
-١ يجب أن تتضمن صحيفة الدعوى بيان الارتباط بين الطلبات حالتعددها.
؟- دون إخلال بما نصت عليه المادة الحادية والعشرون من النظام» تحكم المحكمة بعدم قبول الدعوى عند تضمنها طلبات لا رابط بينهاء ما لم يحصر المدعي دعواه فيأحدها.

(نظام المحاكم التجارية - المادة العشرون)
المادة العشرون
١.ترفع الدعوى بصحيفة تودع لدى المحكمة؛ وتحدد اللائحة الدعاوى التي يجب رفعها منمحام.
"".يجب أن تتضمن صحيفة الدعوىالآتي:
أ-بيانات الأطراف وممثليهم وصفاتهم وعناوينهم» والبيانات والوثائق التي تحددهااللائحة.
ب-حصر الطلبات» وتحديد جميع أسانيدالدعوى.
"".لا يجمع في صحيفة الدعوى بين عدة طلبات لا رابطبينها.

(نظام المرافعات الشرعية - المادة الحادية والأربعون معدلة)
المادة الحادية والأربعون معدلة
-١ ترفع الدعوى من المدعي بصحيفة -موقعة منه أو ممن يمثله- تودع لدى المحكمة من أصل وصور بعدد المدعىعليهم.
ويجب أن تشمل صحيفة الدعوى البيااتالآنية:
أ- الاسم الكامل للمدعيء ورقم هويته» ومهنته أو وظيفته ومكان إقامته» ومكان عمله؛ والاسم الكامل لمَنْ يمثله» ورقم هويته» ومهنته أو وظيفته؛ ومكان إقامته ومكانعمله.
ب- الاسم الكامل للمدعى عليه؛ وما يتوافر من معلومات عن مهنته أو وظيفته» ومكان إقامته ومكان عمله؛ فإن لم يكن له مكان إقامة معلوم فآخر مكان إقامة كانله.
ج- تاريخ تقديمالصحيفة.
د- المحكمة المرفوعة أمامهاالدعوى.
ه- مكان إقامة مختار للمدعي في البلد الذي فيه مقر المحكمة إن لم يكن له مكان إقامةفيها.
و- موضوع الدعوىء وما يطلبه المدعيءوأسانيده.
ويكتفى بالنسبة إلى الأجهزة الحكومية في الفقرات (أء ب» ه) من هذه المادة بذكر الاسموالمقر.
وللمجلس الأعلى للقضاء عند الاقتضاء إضافة ما يلزم من وسائل وبيانتأخرى.
؟- لا يجمع في صحيفة الدعوى بين عدة طلبات لا رابطبينها.
""- أ- تسري على المنازعات العمالية الجماعية القواعد والإجراءات المقررة في المنازعات العمالية الأخرىء مالم يقرر المجلس الأعلى للقضاء خلافذلك.
ب- تكون المنازعة العمالية جماعية عندما تنشأ المنازعة بين واحد (أو أكثر) من أصحاب العمل وجميع عماله؛ أو فريق منهم؛ بسبب العمل أو شروطالعمل.","وفقًا للمادة السابعة والسبعين من اللائحة التنفيذية لنظام المحاكم التجارية، إذا تضمنت صحيفة الدعوى عدة طلبات لا رابط بينها، تحكم المحكمة بعدم قبول الدعوى عند تضمنها طلبات لا رابط بينها، ما لم يحصر المدعي دعواه في أحد الطلبات. 

(اللائحة التنفيذية لنظام المحاكم التجارية - المادة السابعة والسبعون)",4.94,"حكم عدم قبول الدعوى إذا تضمنت صحيفة الدعوى عدة طلبات لا رابط بينها هو كما يلي:

""تحكم المحكمة بعدم قبول الدعوى عند تضمنها طلبات لا رابط بينها ما لم يحصر المدعي دعواه في أحدها.""

المرجع: اللائحة التنفيذية لنظام المحاكم التجارية - المادة السابعة والسبعون.",70.5
Q056,formal_paraphrase,ما المتطلبات المتعلقة بالارتباط بين الطلبات المتعددة في صحيفة الدعوى؟,اللائحة التنفيذية لنظام المحاكم التجارية,المادة السابعة والسبعون,"(اللائحة التنفيذية لنظام المحاكم التجارية - المادة السابعة والسبعون)
المادة السابعة والسبعون : بيانات صحيفةالدعوى
-١ يجب أن تتضمن صحيفة الدعوى بيان الارتباط بين الطلبات حالتعددها.
؟- دون إخلال بما نصت عليه المادة الحادية والعشرون من النظام» تحكم المحكمة بعدم قبول الدعوى عند تضمنها طلبات لا رابط بينهاء ما لم يحصر المدعي دعواه فيأحدها.

(نظام المحاكم التجارية - المادة العشرون)
المادة العشرون
١.ترفع الدعوى بصحيفة تودع لدى المحكمة؛ وتحدد اللائحة الدعاوى التي يجب رفعها منمحام.
"".يجب أن تتضمن صحيفة الدعوىالآتي:
أ-بيانات الأطراف وممثليهم وصفاتهم وعناوينهم» والبيانات والوثائق التي تحددهااللائحة.
ب-حصر الطلبات» وتحديد جميع أسانيدالدعوى.
"".لا يجمع في صحيفة الدعوى بين عدة طلبات لا رابطبينها.

(نظام المرافعات الشرعية - المادة الحادية والأربعون معدلة)
المادة الحادية والأربعون معدلة
-١ ترفع الدعوى من المدعي بصحيفة -موقعة منه أو ممن يمثله- تودع لدى المحكمة من أصل وصور بعدد المدعىعليهم.
ويجب أن تشمل صحيفة الدعوى البيااتالآنية:
أ- الاسم الكامل للمدعيء ورقم هويته» ومهنته أو وظيفته ومكان إقامته» ومكان عمله؛ والاسم الكامل لمَنْ يمثله» ورقم هويته» ومهنته أو وظيفته؛ ومكان إقامته ومكانعمله.
ب- الاسم الكامل للمدعى عليه؛ وما يتوافر من معلومات عن مهنته أو وظيفته» ومكان إقامته ومكان عمله؛ فإن لم يكن له مكان إقامة معلوم فآخر مكان إقامة كانله.
ج- تاريخ تقديمالصحيفة.
د- المحكمة المرفوعة أمامهاالدعوى.
ه- مكان إقامة مختار للمدعي في البلد الذي فيه مقر المحكمة إن لم يكن له مكان إقامةفيها.
و- موضوع الدعوىء وما يطلبه المدعيءوأسانيده.
ويكتفى بالنسبة إلى الأجهزة الحكومية في الفقرات (أء ب» ه) من هذه المادة بذكر الاسموالمقر.
وللمجلس الأعلى للقضاء عند الاقتضاء إضافة ما يلزم من وسائل وبيانتأخرى.
؟- لا يجمع في صحيفة الدعوى بين عدة طلبات لا رابطبينها.
""- أ- تسري على المنازعات العمالية الجماعية القواعد والإجراءات المقررة في المنازعات العمالية الأخرىء مالم يقرر المجلس الأعلى للقضاء خلافذلك.
ب- تكون المنازعة العمالية جماعية عندما تنشأ المنازعة بين واحد (أو أكثر) من أصحاب العمل وجميع عماله؛ أو فريق منهم؛ بسبب العمل أو شروطالعمل.","وفقًا للمادة السابعة والسبعين من اللائحة التنفيذية لنظام المحاكم التجارية، يجب أن تتضمن صحيفة الدعوى بيان الارتباط بين الطلبات المتعددة. كما تنص المادة على أنه دون إخلال بما نصت عليه المادة الحادية والعشرون من النظام، تحكم المحكمة بعدم قبول الدعوى عند تضمنها طلبات لا رابط بينها، ما لم يحصر المدعي دعواه في أحد الطلبات. 

المصدر:
اللائحة التنفيذية لنظام المحاكم التجارية - المادة السابعة والسبعون.",6.37,"يجب أن تتضمن صحيفة الدعوى بيان الارتباط بين الطلبات إذا تعددها. كما أن المحكمة تحكم بعدم قبول الدعوى عند تضمنها طلبات لا رابط بينها ما لم يحصر المدعي دعواه في أحدها.

المصدر: 
(اللائحة التنفيذية لنظام المحاكم التجارية - المادة السابعة والسبعون)
(National Commercial Courts Regulations - Article 77)",74.81
Q057,informal,عادي أحط أكثر من طلب في القضية حتى لو مالهم علاقة ببعض؟,اللائحة التنفيذية لنظام المحاكم التجارية,المادة السابعة والسبعون,"(اللائحة التنفيذية لنظام المحاكم التجارية - المادة السابعة والسبعون)
المادة السابعة والسبعون : بيانات صحيفةالدعوى
-١ يجب أن تتضمن صحيفة الدعوى بيان الارتباط بين الطلبات حالتعددها.
؟- دون إخلال بما نصت عليه المادة الحادية والعشرون من النظام» تحكم المحكمة بعدم قبول الدعوى عند تضمنها طلبات لا رابط بينهاء ما لم يحصر المدعي دعواه فيأحدها.

(نظام المعاملات المدنية - المادة الخامسة والتسعون بعدالخمسمائة)
المادة الخامسة والتسعون بعدالخمسمائة
إذا تعدد الكفلاء بدين واحد جازت مطالبة كل منهم بكل الدين إلا إذا كفلوا جميعاً في عقد واحد ولم يشترط فيه تضامنهم فلا يطالب أحد منهم إلا بقدرحصته.
إذا تعدد الكفلاء بدين واحد جازت مطالبة كل منهم بكل الدين إلا إذا كفلوا جميعاً في عقد واحد ولم يشترط فيه تضامنهم فلا يطالب أحد منهم إلا بقدرحصته.

(نظام الإجراءات الجزائية - المادة السابعة والأربعون بعدالمائة)
المادة السابعة والأربعون بعدالمائة
لمن لحقه ضرر من الجريمة - ولوارثه من بعده - أن يطالب بحقه الخاص أمام المحكمة المنظورة أمامها الدعوى الجزائية العامة في أي حال كانت عليها الدعوى» حتى لو لميقبل
طلبه أثناءالتحقيق.",لا، يجب أن تتضمن صحيفة الدعوى بيان الارتباط بين الطلبات حال تعددها. وفقًا للمادة السابعة والسبعين من اللائحة التنفيذية لنظام المحاكم التجارية، تحكم المحكمة بعدم قبول الدعوى إذا تضمنت طلبات لا رابط بينها، ما لم يحصر المدعي دعواه في أحدها.,3.69,"وفقاً للمادة السابعة والسبعون من اللائحة التنفيذية لنظام المحاكم التجارية، يجب أن تتضمن صحيفة الدعوى بيان الارتباط بين الطلبات حالتعددها. ومع ذلك، تحكم المحكمة بعدم قبول الدعوى عند تضمنها طلبات لا رابط بينها ما لم يحصر المدعي دعواه في أحدها.

لذا، إذا أحطت أكثر من طلب في القضية وهم لا يرتبطون ببعض، قد يتم رفض الدعوى من قبل المحكمة ما لم تحدد الأطراف المدعية دعواها في طلب واحد فقط.

المرجع: اللائحة التنفيذية لنظام المحاكم التجارية - المادة السابعة والسبعون",115.84
Q058,formal_direct,من يعتمد خطة إدارة الدعوى وكيف يتم تنفيذها؟,اللائحة التنفيذية لنظام المحاكم التجارية,المادة الخامسة والثمانون,"(اللائحة التنفيذية لنظام المحاكم التجارية - المادة الخامسة والثمانون)
المادة الخامسة والثمانون : تنفيذ خطة إدارةالدعوى
يعتمد رئيس الدائرة خطة إدارة الدعوى وتحال للإدارة المختصة لتنفيذهاء ويتاح للأطراف الاطلاععليها.

(اللائحة التنفيذية لنظام المحاكم التجارية - المادة السادسة والثمانون)
المادة السادسة والثمانون : تنفيذ خطة إدارةالدعوى
تتولى الإدارة المختصة مايلي:
-١ إدارة الدعوى وفق الخطةالمعتمدة.
؟- إجراءات تبادل المذكرات في حال تضمنته خطة إدارة الدعوى أو قررت الدائرة أو القاضي المحضر إجراء تبادلالمذكرات.
وللإدارة المختصة الرفع إلى الدائرة - عند الاقتضاء - عن أي صعوبات تواجهها؛ لتقرير ما تراهالدائرة.

(اللائحة التنفيذية لنظام المحاكم التجارية - المادة الرابعة والثمانون)
المادة الرابعة والثمانون : خطة إدارةالدعوى
مع مراعاة المدد المنصوص عليها في المادة الثامنة والثلاثين من اللائحة؛ تعد الإدارة المختصة بعد قيد الدعوى مشروع خطة إدارة الدعوى, على أن تتضمنالآتي:
أ- تصنيفالدعوى.
ب - وصفاً مختصراً للدعوىوالطلب.
ج - الوقت المقترح لنظرالدعوى.
ه -اقتراح أي إجراء يتطلبه نظر الدعوى وآليةتنفيذه.",يعتمد رئيس الدائرة خطة إدارة الدعوى، ويتم تنفيذها من قبل الإدارة المختصة وفق الخطة المعتمدة. المادة الخامسة والثمانون من اللائحة التنفيذية لنظام المحاكم التجارية.,2.45,"رئيس الدائرة يعتمد خطة إدارة الدعوى ويحيلها للإدارة المختصة لتنفيذها. كما تتولى الإدارة المختصة تنفيذ الخطة المعتمدة وإدارة الدعوى وفقاً لها، وإجراءات تبادل المذكرات إذا تضمنت الخطة ذلك أو قررت الدائرة أو القاضي ذلك. 

المصدر: 
(اللائحة التنفيذية لنظام المحاكم التجارية - المادة الخامسة والثمانون) و(اللائحة التنفيذية لنظام المحاكم التجارية - المادة السادسة والثمانون).",91.99
Q059,formal_paraphrase,ماذا يحدث لخطة إدارة الدعوى بعد إعدادها؟,اللائحة التنفيذية لنظام المحاكم التجارية,المادة الخامسة والثمانون,"(اللائحة التنفيذية لنظام المحاكم التجارية - المادة الرابعة والثمانون)
المادة الرابعة والثمانون : خطة إدارةالدعوى
مع مراعاة المدد المنصوص عليها في المادة الثامنة والثلاثين من اللائحة؛ تعد الإدارة المختصة بعد قيد الدعوى مشروع خطة إدارة الدعوى, على أن تتضمنالآتي:
أ- تصنيفالدعوى.
ب - وصفاً مختصراً للدعوىوالطلب.
ج - الوقت المقترح لنظرالدعوى.
ه -اقتراح أي إجراء يتطلبه نظر الدعوى وآليةتنفيذه.

(اللائحة التنفيذية لنظام المحاكم التجارية - المادة الخامسة والثمانون)
المادة الخامسة والثمانون : تنفيذ خطة إدارةالدعوى
يعتمد رئيس الدائرة خطة إدارة الدعوى وتحال للإدارة المختصة لتنفيذهاء ويتاح للأطراف الاطلاععليها.

(اللائحة التنفيذية لنظام المحاكم التجارية - المادة السادسة والثمانون)
المادة السادسة والثمانون : تنفيذ خطة إدارةالدعوى
تتولى الإدارة المختصة مايلي:
-١ إدارة الدعوى وفق الخطةالمعتمدة.
؟- إجراءات تبادل المذكرات في حال تضمنته خطة إدارة الدعوى أو قررت الدائرة أو القاضي المحضر إجراء تبادلالمذكرات.
وللإدارة المختصة الرفع إلى الدائرة - عند الاقتضاء - عن أي صعوبات تواجهها؛ لتقرير ما تراهالدائرة.",بعد إعداد خطة إدارة الدعوى، يتم تقديمها لرئيس الدائرة لاعتمادها وفقًا للمادة الخامسة والثمانون من اللائحة التنفيذية لنظام المحاكم التجارية. بعد الاعتماد، تُحال الخطة إلى الإدارة المختصة لتنفيذها، ويتاح للأطراف الاطلاع عليها.,3.42,بعد إعداد خطة إدارة الدعوى، يتم اعتمادها من قبل رئيس الدائرة وتُحيل للإدارة المختصة لتنفيذها، ويحق للأطراف الاطلاع عليها. هذا وفقًا للمادة الخامسة والثمانون من اللائحة التنفيذية لنظام المحاكم التجارية.,50.04
Q060,informal,مين يعتمد خطة القضية وهل الأطراف يقدرون يشوفونها؟,اللائحة التنفيذية لنظام المحاكم التجارية,المادة الخامسة والثمانون,"(اللائحة التنفيذية لنظام المحاكم التجارية - المادة الخامسة والثمانون)
المادة الخامسة والثمانون : تنفيذ خطة إدارةالدعوى
يعتمد رئيس الدائرة خطة إدارة الدعوى وتحال للإدارة المختصة لتنفيذهاء ويتاح للأطراف الاطلاععليها.

(اللائحة التنفيذية لنظام المحاكم التجارية - المادة السابعة والثمانون)
المادة السابعة والثمانون : تنفيذ خطة إدارةالدعوى
تعد الإدارة المختصة تقريراً نهائيأء يتضمنالآتي:
أ- ملخصاً للإجراءات التي تمت في القضية» وخلاصة وافية للطلبات والبيناتوالدفوع.
ب - دراسة قانونية وافية عن القضية» مشتملة على المبادئ والسوابق القضائية ذاتالصلة.
الفصل الرابع: نظرالدعوى

(اللائحة التنفيذية لنظام المحاكم التجارية - المادة الحادية والستون)
المادة الحادية والستون : المصالحة بعدالقيد
إذا توصل الأطراف إلى المصالحة أو التسوية بعد قيد القضية» أثبت ما اتفقوا عليه في محضر صلحء يوقع من الخصوم ومن الموظف المختصء ويذيل بالصيغةالتنفيذية.","يعتمد رئيس الدائرة خطة إدارة الدعوى، ويتاح للأطراف الاطلاع عليها. 
(اللائحة التنفيذية لنظام المحاكم التجارية - المادة الخامسة والثمانون)",2.53,"رئيس الدائرة يعتمد خطة إدارة الدعوى، وتعطى للأطراف إمكانية الاطلاع عليها.

المرجع: اللائحة التنفيذية لنظام المحاكم التجارية - المادة الخامسة والثمانون",38.52
